id,datetime,source_collected_id,project,sector,state,announced,promised_capital_usd,promised_jobs,promised_first_output,actual_first_output,current_status,lag_years,slip_years,verification_tier,notes,promise_source,status_source,flag,promised_date_source,announced_dt,promised_first_output_dt,actual_first_output_dt,announced_raw,promised_first_output_raw,actual_first_output_raw,actual_date_source,country,criteria_id
1,2026-09-04T19:11:19Z,1,"Intel Ohio One (New Albany, Licking County)",Semiconductors,OH,2022-01,20000000000,3000,2025,pending,"UNDER CONSTRUCTION; not yet producing, first-fab production delayed to the next decade (~2030-2031)",-1.0,-1.0,P,"Initial announced investment was more than $20B for two fabs; later expansions/re-announcements (~$28B, and an 'up to $100 billion' complex figure) are re-announcements per rule 4 and are not summed. Initial phase promised 3,000 Intel (direct) jobs plus 7,000 construction jobs (construction jobs excluded). CNBC/AP notes the first plant's fabs were later expected by end of 2026 before being pushed to 2030+.",https://www.intc.com/news-events/press-releases/detail/1521/intel-announces-next-us-site-with-landmark-investment-in,https://www.axios.com/local/columbus/2026/05/12/intel-ohio-stock-project-2026,"status_source (Axios) returned HTTP 403 and could not be scraped; current-status and first-output-slip corroborated by the CNBC promised_date_source (delay to 2030+, originally 2025) read via an identical NBC syndication of the same report. actual_first_output set to pending. Promised date: promise source states 2025; CNBC adds it was later expected by end of 2026 before the delay.",https://www.cnbc.com/2025/02/28/intel-delays-ohio-plant-opening-to-2030-production-was-to-start-2026.html,2022-01-15,2025-07-01,,"Jan 21, 2022 - Intel today announced plans for an initial investment of more than $20 billion in the construction of two new leading-edge chip factories in Ohio.","Production is expected to come online in 2025, when the fab will deliver chips using the industry's most advanced transistor technologies.","Not yet producing; first-fab production has been delayed. Per the CNBC/AP report: the company won't complete construction on the first plant until 2030, starting operations that year or the next.",,US,100M-or-200-jobs
2,2026-09-04T19:13:43Z,2,Ford BlueOval City Battery Plant (Stanton),Battery,TN,2021-09,5600000000,6000,2025,pending,"NOT YET PRODUCING; BlueOval SK joint venture dissolved and SK On Tennessee took full ownership of the battery plant (May 2026); construction complete, output now slated for 2028",-1.0,-1.0,P,"$11.4B / ~11,000 jobs is the combined three-plant BlueOval SK total (two Kentucky plants + this Tennessee site); per re-announcement rule only the initial $5.6B Stanton campus figure is used as the anchor. Ford later scrapped its EV-pickup plans for the campus and will build gas-powered trucks at the renamed Tennessee Truck Plant starting 2029; the battery plant is now owned/operated by SK On Tennessee, which employs a core team of ~100.",https://www.corporate.ford.com/articles/electrification/blue-oval-city.html,https://tennesseelookout.com/2026/05/22/sk-on-tennessee-takes-control-of-battery-plant-in-stanton-as-joint-venture-with-ford-dissolves/,"Promised first output slipped from 2025 (original announcement) to ~2028 (status source). The $5.6B and ~6,000-jobs figures were announced for the whole BlueOval City campus (battery plant plus vehicle assembly), which has since split into SK On Tennessee (battery) and Ford's Tennessee Truck Plant; the sources do not break out a battery-plant-only capital or jobs figure. Status source (tennesseelookout.com) is Cloudflare-blocked to direct fetch; read via the Wayback Machine snapshot dated 2026-08-06.",,2021-09-15,2025-07-01,,"DEARBORN, Mich., Sept. 27, 2021",production of the new electric vehicles and advanced lithium-ion batteries will begin in 2025,SK On Tennessee plans to produce automotive and energy storage systems at the plant starting in 2028.,,US,100M-or-200-jobs
3,2026-09-04T19:15:03Z,3,Steel Dynamics Sinton Flat Roll Steel Mill,Steel,TX,2019-07,1900000000,600,2021 (mid-year),unconfirmed,"IN FULL OPERATION; record 2025 shipments, planned Q4 2025 maintenance outage",-4.0,-4.0,P,~3.0 million tons/year flat-roll EAF capacity; construction expected to begin early 2020. Status source (Q4/full-year 2025 results) confirms Sinton is operating and contributing to record annual shipments but does not disclose Sinton-specific first-production date.,https://ir.steeldynamics.com/steel-dynamics-announces-planned-new-flat-roll-steel-mill-site-selection/,https://ir.steeldynamics.com/steel-dynamics-reports-fourth-quarter-and-annual-2025-results/,actual_first_output unconfirmed: status source confirms Sinton is in full operation and producing but states no explicit first-output date; the Q4 2025 release does not break out Sinton-specific first-production timing.,https://www.prnewswire.com/news-releases/steel-dynamics-announces-planned-new-flat-roll-steel-mill-site-selection-300888920.html,2019-07-15,2021-07-01,,"Steel Dynamics Announces Planned New Flat Roll Steel Mill Site Selection (news release dated July 22, 2019)","the company expects to begin construction early 2020, followed by the commencement of operations mid-2021",Sinton's year-over-year operating performance improved (Q4/full-year 2025 results); no explicit first-output date stated,,US,100M-or-200-jobs
4,2026-09-04T20:10:15Z,4,Eli Lilly Concord Parenteral Manufacturing Facility,Pharmaceuticals,NC,2022-01,1000000000,600,unconfirmed,2024-06,"OPERATIONAL; opened June 2024, manufacturing parenteral (injectable) products",2.4,-3.0,P,"Initial announcement (Jan 28, 2022) was 'over $1 billion' and 'nearly 600 new jobs'; status source reports total investment later grown to ~$2B (re-announcement/expansion, not summed into promised_capital_usd per rule 4). ~500 additional construction jobs stated in the promise source are excluded as non-direct.",https://investor.lilly.com/news-releases/news-release-details/lilly-announces-1-billion-investment-new-manufacturing-facility,https://www.pharmaceutical-technology.com/projects/eli-lilly-parenteral-products-facility-concord/,"Promise source gives no promised first-output/production date, so promised_first_output is 'unconfirmed' (no promised_date_source provided). Promise source read via Wayback Machine capture as investor.lilly.com was unreachable directly; text matches the lead.",,2022-01-15,,2024-06-15,"INDIANAPOLIS, Jan. 28, 2022 /PRNewswire/ -- Eli Lilly and Company (NYSE: LLY) plans to invest over $1 billion to create a new manufacturing site",The promise source states no planned start-of-operations/production date; it announces the investment and jobs only.,"Eli Lilly opened a facility in Concord, North Carolina, in June 2024 to manufacture parenteral (injectable) products and devices",,US,100M-or-200-jobs
5,2026-09-04T20:11:27Z,5,Qcells Cartersville Vertically Integrated Solar Factory,Solar,GA,2023-01,2500000000,2500,2024,2026-06-09,"PRODUCING solar cells; module assembly at full capacity, full ingot/wafer/cell production expected by Q3 2026",3.4,1.9,P,"Vertically integrated site (ingots, wafers, cells, finished panels) in Cartersville, Bartow County, GA. The more than $2.5B investment and more than 2,500 new jobs from the Jan 2023 announcement cover both the new Cartersville facility and the Dalton (Whitfield County) expansion; a Cartersville-only split is not stated in the sources. Qcells' Georgia operations later cited at ~3,800 direct jobs. By Q3 2026 Cartersville expected to make 3.3 GW each of ingots/wafers/cells and 3.5 GW of modules per year.",https://georgia.org/press-releases/2023/qcells-more-double-production-georgia-create-2500-new-jobs,https://pv-magazine-usa.com/2026/06/09/qcells-begins-production-of-solar-cells-in-cartersville-georgia/,"status_source (pv-magazine-usa) returned HTTP 403 and could not be scraped; actual first-output date (solar cells began 2026-06-09) confirmed from the promised_date_source qcells blog instead. Announced $2.5B/2,500 jobs cover both Cartersville and Dalton facilities, not Cartersville alone.",https://us.qcells.com/blog/qcells-begins-solar-cell-manufacturing-at-americas-first-and-only-vertically-integrated-solar-factory-in-cartersville-georgia/,2023-01-15,2024-07-01,2026-06-09,"January 11, 2023 announcement of a more than $2.5 billion expansion of its solar manufacturing footprint in Georgia","Qcells expects to break ground at the Cartersville site in the first quarter of 2023, with total production capacity reaching 8.4 gigawatts by 2024","June 9, 2026 - Qcells has begun manufacturing solar cells at its Cartersville, Georgia factory",,US,100M-or-200-jobs
6,2026-09-04T20:13:11Z,6,TSMC Arizona Fab 1 (Phoenix),Semiconductors,AZ,2020-05,12000000000,1600,2024,unconfirmed,Fab 1 built; status source (Mar 2026) does not confirm Fab 1 first-output date/node. Article focuses on Fab 2 (P2) targeting 3nm mass production as early as 2H 2027; reports four Arizona fabs booked/fully booked.,-4.0,-4.0,P,"Announcement was for the first Arizona fab: 5nm ('5-nanometer technology'), ~20,000 wafers/month capacity, total spending ~US$12B from 2021 to 2029. Status source concerns the second fab (P2) and future capacity, not Fab 1's operational milestones.",https://pr.tsmc.com/english/news/2033,https://www.trendforce.com/news/2026/03/24/news-tsmc-reportedly-eyes-2h27-3nm-mass-production-at-arizona-fab-2-four-u-s-fabs-said-to-be-fully-booked/,"status_source does not state Fab 1's actual first-output date or node; it discusses Fab 2 (P2) 3nm mass production 'as early as the second half of 2027' and reports four Arizona fabs booked. The lead summary's claim that Fab 1 is in N4 high-volume production since late 2024 is NOT confirmed by the cited status source, so actual_first_output is left as 'unconfirmed'.",,2020-05-15,2024-07-01,,"May 15, 2020 — ""TSMC today announced its intention to build and operate an advanced semiconductor fab in the United States""",Construction is planned to start in 2021 with production targeted to begin in 2024.,unconfirmed,,US,100M-or-200-jobs
7,2026-09-04T20:14:40Z,7,"Hyundai Metaplant America (HMGMA), Bryan County",Auto Assembly,GA,2022-05,5540000000,8100,unconfirmed,2024-10-07,"PRODUCING; ramping toward 500,000 units/yr",2.4,-3.0,P,"Capital later expanded to $7.59B and direct jobs to at least 8,500 at the March 2025 grand opening (re-announcements per rule 4; original May 2022 figures used as anchor). Plant produces Hyundai Ioniq 5, Ioniq 9 and Kia Sportage hybrid across Hyundai/Genesis/Kia brands.",https://georgia.org/hyundai-motor-group-metaplant-america,https://www.automotivemanufacturingsolutions.com/smart-factory/hyundai-reshapes-vehicle-production-at-metaplant-america/2677700,"Promised first-output date not stated in either source (lead summary says production targeted 2025, but uncited); promised_first_output set to unconfirmed.",,2022-05-15,,2024-10-07,"May 20, 2022 – Governor Brian P. Kemp and Hyundai Motor Group Chairman Euisun Chung announce Hyundai's selection of Georgia",Original May 2022 announcement production target not stated on either source page,"October 7, 2024 – HMGMA begins production on the first of its Georgia Made® EVs, the 2025 Hyundai IONIQ 5.",,US,100M-or-200-jobs
8,2026-09-04T20:16:05Z,8,Formosa Sunshine Project Petrochemical Complex (St. James Parish),Chemicals and Plastics,LA,2018-04,9400000000,1200,unconfirmed,pending,"NOT STARTED; unbuilt, in permit litigation",-1.0,-1.0,P,"$9.4B, 14-plant petrochemical/plastics complex ('The Sunshine Project') planned as a 10-year, two-phase build with construction to begin as soon as 2019 and permanent-job hiring from 2021. As of the Feb 5, 2026 status source the facility has not been constructed and remains in permit litigation (lawsuit over a fourth permit extension; first permit granted ~6 years earlier).",https://www.opportunitylouisiana.gov/news/formosa-selects-st-james-parish-for-9-4-billion-louisiana-project,https://earthjustice.org/press/2026/groups-sue-over-formosa-plastics-permit-extensions,"Promise source gives a 10-year, two-phase build from ~2019 but no explicit first-production/operations date, so promised_first_output is unconfirmed. Status source (Earthjustice, Feb 5, 2026) confirms the facility is unbuilt and 'not ready to build' amid permit litigation but does not state the lead summary's November 2020 construction-hold date; project is not cancelled.",,2018-04-15,,,"April 23, 2018",FG could begin construction as soon as 2019 in what projects to be a 10-year building and development process in two phases.,A fourth permit extension when the company is not ready to build is unheard of.,,US,100M-or-200-jobs
9,2026-09-04T20:17:33Z,9,Chobani Rome Dairy Processing Plant (Triangle Site),Food and Beverage,NY,2025-04,1200000000,1000,2027,pending,"DELAYED; under construction, not yet producing; Phase 1 production slated between spring 2027 and summer 2028",-1.0,-1.0,P,"Groundbreaking held April 2025. Three-phase rollout totaling 28 production lines; Phase 1 = 4-6 lines and ~300-450 employees. Later reporting suggests eventual employment could reach as many as 1,800.",https://www.prnewswire.com/news-releases/building-for-the-future-chobani-invests-1-2-billion-in-upstate-new-york-to-build-third-us-dairy-processing-plant-302434586.html,https://www.foodprocessing.com/business-of-food-beverage/capital-spending/news/55397882/chobani-updates-construction-status-on-12-billion-rome-new-york-facility,"Promise source (April 2025 announcement) states no production-start date; promised_first_output is taken from the status source's revised, delayed timeline. Promised jobs stated as 'over 1,000' (used 1000).",,2025-04-15,2027-07-01,,"Chobani broke ground today on a new, $1.2 billion, state-of-the-art plant in Rome, New York.",Phase 1 ... now slated for a start date between spring 2027 and summer 2028,The facility is not yet operational ... no production currently taking place.,,US,100M-or-200-jobs
10,2026-09-04T20:20:19Z,10,Anduril Arsenal-1 Autonomous Weapons Facility (Pickaway County),Aerospace and Defense,OH,2025-01,910500000,4000,2026-07,2026-03,"PRODUCING; Fury drone production started ~March 2026, early ramp (~30 workers), ahead of the July 2026 target",1.2,-0.3,P,"~5M sq ft facility on 500 acres near Rickenbacker Airport; more than 4,000 production/service jobs pledged by 2035. Announcement press release states 'over $900 million in capital'; committed capital reported as $910.5M. Roadrunner, Barracuda cruise missile and a classified platform expected by end of 2026; ~$1B reported sunk into the facility as of March 2026.",https://governor.ohio.gov/media/news-and-media/ohio-partners-with-anduril-to-rebuild-the-arsenal-for-essential-national-security-needs https://www.jobsohio.com/newsroom/news-press/anduril-ohio-partner-together-to-rebuild-the-arsenal-for-essential-national-security-needs,https://breakingdefense.com/2026/03/as-fury-production-starts-anduril-pledging-a-different-production-approach-at-arsenal-1/,"Given promise_source (governor.ohio.gov) returned HTTP 404; extracted from the identical JobsOhio press release of the same announcement instead (added to promise_source). Status source (Breaking Defense) loosely says the plant was 'announced in 2024', which conflicts with the actual Jan 16, 2025 announcement date used here. Announcement release phrasing is 'over $900 million'; promised_capital_usd set to the reported committed figure of $910.5M.",,2025-01-15,2026-07-15,2026-03-15,"Governor DeWine announced the Anduril 'Arsenal-1' project on January 16, 2025 (JobsOhio: 'Ohio Partners with Anduril to Rebuild the Arsenal for Essential National Security Needs')",first products are targeted to be manufactured beginning in July 2026,A new Anduril factory in Ohio has begun manufacturing the Fury autonomous combat drone,,US,100M-or-200-jobs
11,2026-09-04T20:23:46Z,11,Samsung Taylor Semiconductor Fab (Williamson County),Semiconductors,TX,2021-11,17000000000,2000,2024 (second half),pending,TRIAL OPERATIONS; mass production slipped to early 2027,-1.0,-1.0,P,"Announced Nov 23, 2021 (~$17B, largest FDI in Texas on record). Promised over 2,000 direct high-tech jobs plus thousands of indirect and a minimum of 6,500 construction jobs (only direct counted). As of TrendForce March 2026 the fab is in trial operations, not yet in mass production; full-scale production now expected to slip to early 2027 (Samsung frames this as completing preparations for mass production by end of 2026).",https://news.samsung.com/global/samsung-electronics-announces-new-advanced-semiconductor-fab-site-in-taylor-texas,https://www.trendforce.com/news/2026/03/03/news-delay-at-samsungs-taylor-reportedly-slips-mass-production-to-2027-raising-concerns-for-tesla/,"promise_source (news.samsung.com) could not be scraped (repeated timeouts); promise figures ($17B, 2,000+ direct jobs, announced Nov 23 2021, target second-half-2024 start) confirmed instead from promised_date_source (gov.texas.gov). Announcement is dated 2021-11-23, consistent with the lead's November 2021.",https://gov.texas.gov/news/post/governor-abbott-announces-new-17-billion-samsung-manufacturing-facility-in-taylor,2021-11-15,2024-10-01,,"Governor Abbott Announces New $17 Billion Samsung Manufacturing Facility In Taylor (November 23, 2021)",Construction will begin in early 2022 with a target of production start in the second half of 2024.,"Samsung's Taylor plant has started trial operations, but full-scale production is already facing significant delays.",,US,100M-or-200-jobs
12,2026-09-04T20:24:53Z,12,"Panasonic Energy EV Battery Plant (De Soto, Johnson County)",Battery,KS,2022-07,4000000000,4000,unconfirmed,2025,"OPERATING; producing EV battery cells, additional lines and data-center battery expansion underway",3.0,-3.0,P,"Announcement (Kansas Commerce, Jul 13, 2022): 'an investment of up to $4 billion' and 'create up to 4,000 new jobs' to make lithium-ion batteries in De Soto. Grand opening was mid-2025 (KCTV5 June 2026 says it 'opened a year ago'); status source gives no exact production-start date. Panasonic announced a Zoox (Amazon) battery deal with production expected early 2026, and is investing over $2 billion in data-center batteries with production expected mid-to-late 2028 or early 2029.",https://www.kansascommerce.gov/2022/07/kansas-lands-4b-4000-job-panasonic-energy-electric-vehicle-battery-plant/,https://www.kctv5.com/2026/06/19/kansas-city-area-panasonic-plant-start-making-batteries-data-centers/,"Promise source states no promised production-start date, so promised_first_output is unconfirmed; status source confirms operation and EV-cell production but gives no exact first-output date, only that the plant 'opened a year ago' (~mid-2025).",,2022-07-15,,2025-07-01,"Jul 13, 2022","No promised production-start date is stated in the announcement; the release commits to 'an investment of up to $4 billion' and to 'create up to 4,000 new jobs' but gives no production timeline.",The 300-acre facility in De Soto opened a year ago. It is the largest EV battery plant in the United States.,,US,100M-or-200-jobs
13,2026-09-04T20:25:56Z,13,Scout Motors Blythewood EV Assembly Plant (Richland County),Auto Assembly,SC,2023-03,2000000000,4000,2026 (end of),pending,"IN CONSTRUCTION; advancing production readiness, not yet producing",-1.0,-1.0,P,"Scout Motors is backed by Volkswagen. Plant is its first manufacturing facility, in Blythewood near Columbia, SC. As of the July 2026 company update, construction and equipment installation (conveyors, paint equipment, water test bays) are ongoing.",https://governor.sc.gov/news/2023-03/scout-motors-selects-south-carolina-production-site-plans-create-4000-jobs,https://blog.scoutmotors.com/july-2026-scout-motors-production-center-update/,"promised_date_source (wltx.com) returned HTTP 403 and could not be read. status_source (July 2026 company update) states construction/production-readiness is ongoing but gives no specific expected start-of-production date, so actual_first_output is recorded as pending and no revised promised date is confirmed by the readable sources.",https://www.wltx.com/article/money/business/scout-motors-groundbreaking-richland-county/101-3ef5ffda-dab3-4e11-9fad-0e613c2e97da,2023-03-15,2026-07-01,,"March 3, 2023",Vehicle production is targeted to begin by the end of 2026.,We continue to make progress in the construction phase while advancing production readiness for the assembly of the new Scout vehicles.,,US,100M-or-200-jobs
14,2026-09-04T20:31:34Z,14,Eli Lilly Lebanon LEAP District Manufacturing Sites (Boone County),Pharmaceuticals,IN,2022-05,2100000000,500,unconfirmed,2026-05-06,"PRODUCING; first of three facilities (Lilly Lebanon Advanced Therapies) opened May 6, 2026 producing Zepbound/Mounjaro; further facilities (incl. Lilly Lebanon API) under construction, targeting 2027.",4.0,-3.0,P,"Initial announcement (May 25, 2022) was $2.1B and up to 500 direct Lilly roles for two sites at LEAP Lebanon. Later expansions ($3.7B, then ~$4.5B genetic-medicine investment per WFYI May 2026) are re-announcements per re-announcement discipline and are not summed into promised_capital_usd.",https://investor.lilly.com/news-releases/news-release-details/lilly-plans-invest-21-billion-new-manufacturing-sites-indiana,https://www.wfyi.org/wfyi-news/2026-05-06/lilly-unveils-new-genetic-medicine-facility-in-lebanon-leap-district-and-4-5-billion-investment,"promise_source (investor.lilly.com) was unreachable (repeated timeouts / Akamai Access Denied); promise facts read from the identical May 25, 2022 PR Newswire mirror (prnewswire.com/.../301554523.html). Announcement gives no production/first-output timeline, so promised_first_output is unconfirmed.",,2022-05-15,,2026-05-06,"INDIANAPOLIS, May 25, 2022 /PRNewswire/ -- ... plans to expand its manufacturing footprint in Indiana by investing $2.1 billion","The announcement states no production/operational timeline for the sites (""an estimated 1,500 construction jobs will be required while the facilities are being built"").",Eli Lilly & Company opened a new genetic medicine facility in Lebanon's LEAP Innovation District on May 6,,US,100M-or-200-jobs
15,2026-09-04T20:32:58Z,15,Nucor Apple Grove Sheet Steel Mill (Mason County),Steel,WV,2022-01,3100000000,800,2027 (first half),pending,"UNDER CONSTRUCTION; ~85% complete, commissioning through 2026, commercial shipments expected early 2027 with ramp through 2027-2028",-1.0,-1.0,P,"Commissioning sequence: pickle line first, then cold mill, automotive galvanizing line, then EAF melt shop and hot mill later in 2026. Deliberate ramp-up through 2027-2028; utilization ~50% possible by year-end 2027. Lead summary cites initial ~$2.7B growing to ~$3.1B and up to ~$4B; later figures are re-announcements/expansions per rule 4.",https://www.wsaz.com/video/2022/01/13/nucor-announces-plans-build-mason-county-west-virginia/,https://www.steelmarketupdate.com/2026/04/28/nucor-west-virginia-mill-is-85-complete-commissioning-to-finish-in-2026/,"promise_source (WSAZ) is a video page whose article body did not render, so the initial Jan 2022 capital figure (~$2.7B per lead) could not be confirmed from a source; promised_capital_usd 3100000000 is the figure stated in the promised_date_source (Oct 2023 groundbreaking) and reflects a later figure. No original targeted first-output date was found in readable sources; promised_first_output 'early 2027' is the current expectation from the status source. Annual capacity (~3M tons/yr per lead) not confirmed in readable sources.",https://www.energy.senate.gov/2023/10/manchin-celebrates-groundbreaking-of-nucor-steel-s-3-billion-mason-county-sheet-mill,2022-01-15,2027-04-01,,"NUCOR Steel of West Virginia announces plans to build sheet mill in Apple Grove area of Mason County (Jan. 12, 2022)",Commercial shipments to begin in early 2027,the mill is about 85% complete... commissioning underway through 2026,,US,100M-or-200-jobs
16,2026-09-04T20:34:24Z,16,"Micron Clay Megafab (DRAM), Onondaga County",Semiconductors,NY,2022-10,100000000000,9000,2027,pending,"CONSTRUCTION; first concrete poured, transitioning to vertical construction, reported ahead of schedule",-1.0,-1.0,P,"Announcement (Oct 4, 2022) is 'up to $100B over 20-plus years' with a first-phase $20B by end of decade; headline announced total used for promised_capital_usd, first phase noted here. Broke ground Jan 16, 2026; first concrete pour more than one quarter ahead of original plan. Plan is four fabs; ~50,000 total NY jobs claimed of which ~9,000 direct Micron jobs.",https://investors.micron.com/news/press-release/2022/Micron-Announces-Historic-Investment-of-up-to-100-Billion-to-Build-Megafab-in-Central-New-York-10-04-2022/default.aspx,https://investors.micron.com/news/press-release/2026/Micron-Accelerates-U-S--Investments-Pours-First-Concrete-at-New-York-Fab/default.aspx,Promised first-output date is fuzzy ('production output will ramp in the latter half of the decade'); normalized to 2027 as the healthy middle. The promised_date_source (governor.ny.gov) gives no specific production start date. Announced capital stated as 'up to $100B' over 20+ years (first phase $20B); headline total used per one-project rule.,https://www.governor.ny.gov/news/promise-progress-governor-hochul-celebrates-groundbreaking-microns-semiconductor-manufacturing,2022-10-15,2027-07-01,,"Micron intends to invest up to $100 billion over the next 20-plus years to construct a new megafab in Clay, New York","Site preparation work will start in 2023, construction will begin in 2024 and production output will ramp in the latter half of the decade","Less than six months after breaking ground in January 2026, Micron has completed key early site work and is transitioning to vertical construction",,US,100M-or-200-jobs
17,2026-09-04T20:35:51Z,17,Rivian Stanton Springs North EV Assembly Plant (Social Circle),Auto Assembly,GA,2021-12,5000000000,7500,2028,pending,"DELAYED; under construction, customer vehicle production now expected 2028",-1.0,-1.0,P,"Announced ~$5B / 7,500 jobs at the Stanton Springs North site (Walton/Morgan/Newton counties) in Dec 2021, capacity 400,000+ vehicles/yr. AJC (Aug 2026): excavation underway, buildings targeted up in 2027 and manufacturing to commence 2028; georgia.org lists Phase 1 construction beginning 2026 and customer production anticipated 2028.",https://www.gpb.org/news/2021/12/17/rivian-electric-vehicle-factory-drives-generational-5b-and-7500-jobs-east-georgia,https://www.ajc.com/business/2026/08/rivian-says-construction-progressing-well-at-5b-georgia-factory-site/,"The lead summary says first output was originally targeted for 2024, but none of the three readable sources state a 2024 target; the promised_date_source (georgia.org) now states 2028, matching the status source, so promised_first_output reflects the currently stated 2028 timeline and the original-vs-revised slip cannot be sourced from these links. Minor announcement-date discrepancy: georgia.org lists Dec 16, 2021 while the GPB release is dated Dec 17, 2021 (both December 2021).",https://georgia.org/rivian,2021-12-15,2028-07-01,,"December 16, 2021","The first phase of facility construction is expected to begin in 2026, with the start of customer vehicle production anticipated in 2028.",Excavation is underway to build the foundations for two massive metal stamping presses; no vehicles have been produced at the Georgia facility yet.,,US,100M-or-200-jobs
19,2026-09-04T20:37:42Z,18,FUJIFILM Diosynth Biotechnologies Holly Springs Facility,Pharmaceuticals,NC,2021-03,2000000000,725,unconfirmed,pending,"OPENED; Phase 1 grand opening Sept 24 2025 (8 x 20,000L bioreactors); finished goods capabilities in 2026; commercial production start not confirmed in release",-1.0,-1.0,P,"Initial March 2021 announcement was $2B and 725 direct jobs; later expanded to a ~$3.2B total site with a Phase 2 (additional 8 x 20,000L bioreactors, announced 2024) and 1,400 jobs by 2031 -- these are re-announcements/expansions per re-announcement discipline, not summed into promised_capital_usd. As of the Sept 24 2025 grand opening the site employed over 680, on track for 750 by end of 2025.",https://www.commerce.nc.gov/news/press-releases/governor-cooper-announces-north-america%E2%80%99s-largest-end-end-biopharmaceutical,https://fujifilmbiotechnologies.fujifilm.com/about/news/opening-of-commercial-scale-cell-culture-manufacturing-site-in-north-carolina/,"Neither source states a promised first-output date (promise release gives no operational timeline), so promised_first_output = unconfirmed. The Sept 24 2025 grand-opening release celebrates the opening but does not state commercial production has begun and lists finished goods capabilities coming in 2026, so actual_first_output recorded as pending rather than a produced date.",,2021-03-15,,,"Governor Roy Cooper announced today ... FUJIFILM Diosynth Biotechnologies U.S.A. Inc., a world leading contract development and manufacturing organization (CDMO), will ... build North America's largest end-to-end biopharmaceutical manufacturing facility in Holly Springs (release dated Thursday, March 18, 2021)",No sentence in the announcement mentions when the facility is expected to become operational or begin production.,"FUJIFILM Biotechnologies today celebrated the grand opening of its manufacturing site in Holly Springs, North Carolina. The first phase of the planned $3.2 billion manufacturing site opens with a capacity of 8 x 20,000 liters (L) mammalian cell culture bioreactors to encompass drug product and drug substance manufacturing, while adding finished goods capabilities in 2026.",,US,100M-or-200-jobs
20,2026-09-04T20:39:06Z,20,Golden Triangle Polymers Petrochemical Facility (Orange),Chemicals and Plastics,TX,2022-11,8500000000,500,2026,pending,"COMMISSIONING/STARTUP; not yet producing, full operation expected 2027",-1.0,-1.0,P,"2.08M-tpa (2,080 KTA) ethane cracker plus two 1,000-KTA HDPE polyethylene units; ~4,500 construction jobs (not counted as direct). Joint venture: Chevron Phillips Chemical and QatarEnergy.",https://www.cpchem.com/media-events/news/news-release/chevron-phillips-chemical-and-qatarenergy-construct-integrated,https://www.bicmagazine.com/departments/operations/cpchem-golden-triangle-polymers-facility-startup-phase/,"Promised-date discrepancy: original announcement said operations begin 2026, but the project-overview page (promised_date_source) now states 'Startup planned in 2027' and the status source expects full operation in 2027; used the original 2026 promise as the anchor per re-announcement discipline. Also, the promise release is dated Nov. 16, 2022, while the lead summary says Nov 15, 2022 (both resolve to 2022-11).",https://www.goldentrianglepolymers.com/project-overview/,2022-11-15,2026-07-01,,"Nov. 16, 2022 -- Chevron Phillips Chemical and QatarEnergy announced they will construct an $8.5 billion integrated polymers facility in Orange, Texas",expected to begin operations in 2026,"is entering its commissioning and startup phase in 2026, with the facility expected to be fully operational in 2027",,US,100M-or-200-jobs
21,2026-09-04T20:40:26Z,21,Texas Instruments Sherman 300mm Fab Campus (SM1),Semiconductors,TX,2021-11,30000000000,3000,2025,2025-12,"PRODUCING; first fab SM1 began production Dec 2025, ramping to volume per customer demand",4.1,0.5,P,"Announced Nov 17, 2021 (Gov. Abbott release); groundbreaking May 18, 2022. Campus is up to four fabs (SM1-SM4); the ~$30B is the potential total investment across all four fabs over the coming decades, not a per-fab figure. SM1 is the first fab. Row anchors on the original announcement figures.",https://www.ti.com/about-ti/newsroom/news-releases/2022/2022-05-18-texas-instruments-breaks-ground-on-new-300-mm-semiconductor-wafer-fabrication-plants-in-sherman--texas.html,https://www.ti.com/about-ti/newsroom/news-releases/2025/texas-instruments-begins-production-at-its-newest-300mm-semiconductor-manufacturing-facility-in-sherman-texas.html,None,https://gov.texas.gov/news/post/governor-abbott-announces-texas-instruments-potential-30-billion-investment-in-sherman,2021-11-15,2025-07-01,2025-12-15,"Governor Greg Abbott today announced that Texas Instruments (TI) has selected Sherman as the location for their next 300-mm fabs, with potential of up to four fabs on the site to meet demand over time. (dateline: November 17, 2021 | Austin, Texas)",Plans for production from the first facility should begin as early as 2025.,"Texas Instruments (TI) today announced the start of production at its newest semiconductor fab in Sherman, TX, just three and a half years after breaking ground. (17 DEC 2025)",,US,100M-or-200-jobs
22,2026-09-04T20:41:41Z,19,L-H Battery Company EV/ESS Battery Cell Plant (Fayette County),Battery,OH,2022-10,3500000000,2200,2025-Q4,2026-07,"PRODUCING; mass production of ESS cells begun, initial output shifted from EV to ESS/hybrid cells",3.7,0.7,P,"Honda-LG Energy Solution joint venture (L-H Battery Company). JV committed $3.5B; overall investment projected to reach $4.4B (recorded $3.5B per re-announcement discipline). ~40GWh planned annual capacity. Currently 1,000+ associates, ramping toward 2,200. Initial output shifted to ESS cells (plus hybrid-EV cells) rather than the originally planned EV batteries.",https://global.honda/en/newsroom/news/2022/c221011aeng.html,https://lhbattery.com/l-h-battery-company-begins-mass-production-of-ess-battery-cells-in-fayette-county-ohio/,promised_date_source (governor.ohio.gov) returned HTTP 404 and could not be read; promised first-output date ('by the end of 2025') confirmed from the Honda promise_source instead.,https://governor.ohio.gov/media/news-and-media/governor-dewine-announces-honda-to-invest-in-ohio-for-electric-vehicle-production-including-new-battery-plant-with-lg-energy-solution-10112022,2022-10-15,2025-11-15,2026-07-15,"Oct 11, 2022",as it starts mass production of pouch-type lithium-ion batteries by the end of 2025,"L-H Battery Company, Inc. has announced the start of lithium-ion battery cell mass production for energy storage systems (ESS) at the recently completed manufacturing facility in Jeffersonville, Ohio.",,US,100M-or-200-jobs
23,2026-09-04T20:44:35Z,23,"Toyota Battery Manufacturing North Carolina (TBMNC), Liberty",Battery,NC,2021-12,1290000000,1750,2025,2025-11-12,"PRODUCING; start of production Nov 12, 2025",3.9,0.4,P,"Initial announcement (Dec 6, 2021) was $1.29B and 1,750 direct jobs; site later expanded to ~$13.9B (nearly $14B) and up to 5,100 jobs, with an additional up to $10B investment announced at the Nov 2025 production start - these are re-announcements/expansions per rule 4, not summed into promised_capital_usd. Plant is in Liberty (Randolph County) at the Greensboro-Randolph Megasite; a JV between Toyota and Toyota Tsusho. Initially produces batteries for hybrid electric vehicles.",https://governor.nc.gov/news/press-releases/2021/12/06/governor-cooper-announces-toyota-will-build-companys-first-north-american-battery-plant-north,https://pressroom.toyota.com/toyota-charges-into-u-s-battery-manufacturing/,"Status source states start of production Nov 12, 2025 but does not mention the lead summary's 'batteries began shipping June 2025' claim, so actual_first_output uses the sourced Nov 12, 2025 production start. Live promise/status/date pages were bot-blocked (403/Cloudflare); content read from Wayback Machine snapshots of the same URLs.",https://pressroom.toyota.com/toyota-selects-north-carolina-greensboro-randolph-site-for-new-u-s-automotive-battery-plant/,2021-12-15,2025-07-01,2025-11-12,"Toyota Selects North Carolina Greensboro-Randolph Site for New U.S. Automotive Battery Plant December 06, 2021","When it comes online in 2025, TBMNC will have four production lines, each capable of delivering enough lithium-ion batteries for 200,000 vehicles","LIBERTY, N.C. (Nov. 12, 2025) - Toyota supercharged its multi-pathway approach to global vehicle electrification with the highly anticipated start of production at its all-new battery plant in Liberty, North Carolina.",,US,100M-or-200-jobs
24,2026-09-05T09:27:10Z,22,Eli Lilly Pleasant Prairie Injectables Expansion,Pharmaceuticals,WI,2024-12,3000000000,750,unconfirmed,pending,"APPROVED; final site-plan approval ~March 2025, project start Feb 2025, occupancy of new space targeted March 2026",-1.0,-1.0,P,"Expansion of a facility Lilly acquired earlier in 2024; produces parenteral (injectable) medicines, device assembly and packaging for diabetes/obesity and future pipeline. Announcement gives no production/first-output date; status source targets occupancy of the new space in March 2026. WEDC cites $3B expansion (~$4B total in WI including land/warehouse purchases); initial announced expansion figure $3B used per re-announcement rule.",https://investor.lilly.com/news-releases/news-release-details/lilly-announces-3-billion-expansion-its-recently-acquired https://wedc.org/gov-evers-eli-lilly-and-company-celebrate-3-billion-expansion-of-manufacturing-facility-in-wisconsin/,https://dailyreporter.com/2025/03/19/eli-lilly-expansion-pleasant-prairie-kenosha-county/,"promise_source (investor.lilly.com) 403s/times out to WebFetch; read via web.archive.org snapshot http://web.archive.org/web/20260130141057/https://investor.lilly.com/...; no production/first-output date stated in any source (promised_first_output=unconfirmed); March 2026 in status source is an occupancy/completion target, not a stated production start",https://wedc.org/gov-evers-eli-lilly-and-company-celebrate-3-billion-expansion-of-manufacturing-facility-in-wisconsin/,2024-12-15,,,"Eli Lilly and Company (NYSE: LLY) today announced a $3 billion expansion of the Kenosha County, Wisconsin , manufacturing facility that the company acquired earlier this year. December 5, 2024",The company plans to start construction on the expansion next year.,"As of the March 19, 2025 status article, the approval allows permits needed for construction to begin; the expansion was not yet in production.",,US,100M-or-200-jobs
25,2026-09-05T09:28:16Z,24,U.S. Steel Big River 2 (BR2) Osceola,Steel,AR,2022-01,3000000000,900,unconfirmed,2025,COMPLETED/OPERATIONAL; full ramp targeted into 2026,3.5,-3.0,P,"Two electric arc furnaces adding 3 million tons/yr; status source (Dec 15, 2025) says the expansion nearly doubles Big River Steel capacity from three to six million tons annually. Announcement quote: 'We intend to break ground this quarter and get to work as soon as permits are in hand.'",https://www.ualrpublicradio.org/local-regional-news/2022-01-11/u-s-steel-to-locate-3-billion-steel-mill-in-northeast-arkansas,https://www.ussteel.com/w/the-next-generation-of-american-steelmaking-is-big-and-well-underway,"Announcement source states no promised first-output date (only intent to break ground the same quarter), so promised_first_output is unconfirmed. Status source confirms BR2 completed/operational as of the Dec 15, 2025 update but gives no exact production-start date; actual_first_output recorded as 2025 from the completion statement.",,2022-01-15,,2025-07-01,"U.S. Steel Corp. announced Tuesday it would locate a new $3 billion steel factory in Osceola, a move expected to create 900 jobs with an average pay over $100,000 annually.",unconfirmed,"The completion of the Big River 2 (BR2) expansion at U. S. Steel's Big River Steel Works facility in Osceola, Arkansas, marks a transformative milestone in American steelmaking",,US,100M-or-200-jobs
26,2026-09-05T09:29:59Z,25,First Solar Lawrence County Alabama,Solar,AL,2022-11,1100000000,700,2025,2024-09-26,"PRODUCING; inaugurated Sept 26, 2024",1.9,-0.8,P,"Vertically integrated thin-film (Series 7) solar module facility at Mallard Fox West Industrial Complex, adds 3.5 GW annual capacity. Announcement promised over 700 direct jobs; at inauguration the release cited over 800 new jobs. Facility opened ahead of the 2025 commissioning target.",https://governor.alabama.gov/newsroom/2022/11/governor-ivey-announces-first-solar-to-open-1-1-billion-alabama-facility-creating-over-700-clean-energy-manufacturing-jobs-in-lawrence-county/,https://www.businesswire.com/news/home/20240926270735/en/First-Solar-Inaugurates-$1.1-Billion-Alabama-Facility-Adds-3.5-GW-of-Vertically-Integrated-American-Solar-Manufacturing-Capacity,status_source (businesswire) 403s to WebFetch and browser-UA curl; read via https://web.archive.org/web/2024id_/<URL>. Jobs figure rose from 'over 700' (announcement) to 'over 800' (inauguration).,,2022-11-15,2025-07-01,2024-09-26,"Governor Ivey Announces First Solar to Open $1.1 Billion Alabama Facility ... November 16, 2022",The facility in Lawrence County's Mallard Fox West Industrial Complex is expected to be commissioned in 2025,"First Solar, Inc. (Nasdaq: FSLR) inaugurated its new $1.1 billion fully vertically integrated thin-film solar manufacturing facility in Lawrence County, Alabama (release dated 2024-09-26)",,US,100M-or-200-jobs
27,2026-09-05T09:30:44Z,26,Novo Nordisk Clayton Fill-Finish Facility (second aseptic/finished-product site),Pharmaceuticals,NC,2024-06,4100000000,1000,2029,pending,EARLY CONSTRUCTION; preliminary clearing and foundational work underway,-1.0,-1.0,P,"~$4.1B (approx. 27 billion Danish kroner) second fill/finish (aseptic + finished product) facility on the existing Clayton campus, Johnston County, NC; 56-acre footprint, adding 1.4M sq ft. Construction to be finalized progressively between 2027 and 2029, opening targeted ~2029. ~2,000 external contractors at peak; ~2,500 existing regional employees.",https://edpnc.com/news/june-2024-novo-nordisk-announcement/,https://www.pharmaceutical-technology.com/projects/novo-nordisk-aseptic-and-finished-product-manufacturing-facility-clayton-usa/,,https://www.novonordisk.com/news-and-media/news-and-ir-materials/news-details.html?id=168528,2024-06-15,2029-07-01,,"Announcement Date: June 24, 2024",Expected to open in 2029,"The preliminary clearing and foundational work for the facility has commenced, with construction to be completed progressively between 2027 and 2029.",,US,100M-or-200-jobs
28,2026-09-05T09:31:45Z,27,"SK hynix Advanced Packaging Fab (Purdue Research Park, West Lafayette)",Semiconductors,IN,2024-04,3870000000,800,2028 (second half),pending,"UNDER CONSTRUCTION; ceremonial groundbreaking Aug 27, 2026; mass production targeted H2 2028",-1.0,-1.0,P,"First U.S. HBM advanced-packaging base at Purdue Research Park. Initial announcement figure $3.87B; later cited as >$4B (a re-announcement, not summed). 430,000-sq-ft facility on 90 acres.",https://www.iedc.in.gov/events/news/details/2024/04/03/gov.-holcomb-announces-generational-multi-billion-dollar-investment-to-make-indiana-leader-in-semiconductor-packaging,https://www.purdue.edu/newsroom/2026/Q3/sk-hynix-breaks-ground-on-4-billion-advanced-packaging-production-facility-in-purdue-research-park/,"Jobs figure differs by source: IEDC announcement says 'up to 800 new, high-wage jobs by the end of 2030' (direct; used); SK hynix release says 'more than a thousand new jobs to the region' (regional) and Aug 2026 Purdue update cites ~1,000 employees at the fab.",https://news.skhynix.com/sk-hynix-signs-investment-agreement-of-advanced-chip-packaging-with-indiana/,2024-04-15,2028-10-01,,"West Lafayette, Indiana, April 3, 2024",The company plans to begin mass production in the second half of 2028,"The West Lafayette fab ... will support approximately 1,000 employees when production begins.",,US,100M-or-200-jobs
30,2026-09-05T09:33:49Z,28,"Gulf Coast Growth Ventures Petrochemical Complex (Gregory, TX)",Chemicals and Plastics,TX,2017-04,10000000000,600,unconfirmed,2021-Q4,AT VOLUME,4.6,-3.0,P,"World-scale 1.8 million tonne/yr ethane steam cracker feeding two polyethylene units (up to 1.3 Mt/yr) and a monoethylene glycol unit (1.1 Mt/yr). Started up ahead of schedule in late 2021; in full operation directly employing 600+ as of the Jan 20, 2022 SABIC release.",https://corporate.exxonmobil.com/news/news-releases/2017/0419_exxonmobil-and-sabic-select-san-patricio-county-proposed-petrochemical-project-us-gulf-coast https://www.cbsnews.com/texas/news/exxon-mobil-plant-texas-coast/,https://www.sabic.com/en/news/31632-exxonmobil-sabic-start-operations-at-gulf-coast-manufacturing-facility,"The ExxonMobil promise_source states only a 'multibillion dollar investment' with no numeric figure; promised_capital_usd of 10000000000 is taken from a same-day (April 19, 2017) CBS News report describing a 'nearly $10 billion' plant, added to promise_source. No production/startup target date was stated in the announcement, so promised_first_output is the sentinel 'unconfirmed'.",,2017-04-15,,2021-11-15,"Dated April 19, 2017: ExxonMobil and SABIC select San Patricio County, Texas for proposed petrochemical project",No production/startup target date was stated in the announcement; the companies said they would apply for the necessary air and wastewater permits before making final investment decisions,teams were able to safely start up each element of the plant before the close of 2021,,US,100M-or-200-jobs
31,2026-09-05T09:34:49Z,29,Foxconn Mount Pleasant Display Factory,Other,WI,2017-10,10000000000,13000,unconfirmed,unconfirmed,"OPERATIONAL, scaled down; primarily manufactures data servers, ~$717M invested and 1,242 jobs as of 2024",-4.0,-4.0,P,"Original promise was a $10B, 20-million-sq-ft flat-panel LCD display factory with up to 13,000 jobs; the campus was greatly scaled down and now primarily manufactures data servers. A later $569M expansion adding 1,374 jobs through Dec. 31, 2029 is a re-announcement, not summed into promised_capital_usd. Broke ground in Racine County in 2018.",https://www.constructiondive.com/news/foxconn-selects-wi-site-for-10b-display-panel-factory/506562/,https://dailyreporter.com/2025/11/26/foxconn-569m-wisconsin-expansion-mount-pleasant-jobs/,"Other used; candidate new sector: Electronics/Displays (flat-panel LCD display manufacturing as promised). Neither source states a promised first-output date or an actual first-output date, so both are 'unconfirmed'. no dated first-output source found: Exit (c): the question is wrong for this row. Promised product was a Gen 10.5 flat-panel LCD display factory ($10B, 13,000 jobs, 2017). That product was never produced: a Wisconsin state report (Oct 2020, via AppleInsider) found 'no sign of actual LCD manufacturing' and the promised Gen 10.5 plant never came to fruition (siteselection.com 2024). The scaled-down site instead makes data servers (mass production began ~Q1 2022 per DataCenterDynamics), and much of the land was sold to Microsoft for a data center. First output of the PROMISED product (LCD panels) never occurred, and the server-production date is a different product, not first output. Needs a human decision on what the row should measure.",,2017-10-15,,,"Foxconn has selected the Village of Mount Pleasant, in Racine County, WI, as the site for a $10 billion, 20 million-square foot flat-panel display factory (Published Oct. 5, 2017)",unconfirmed,,,US,100M-or-200-jobs
32,2026-09-05T09:36:11Z,30,Mazda Toyota Manufacturing (Huntsville),Auto Assembly,AL,2018-01,1600000000,4000,2021,2021-Q4,"AT VOLUME; both models in production, plant fully operational",3.8,0.4,P,"JV between Mazda and Toyota (Mazda Toyota Manufacturing, MTM); 3.7M-sq-ft facility, up to 300,000 vehicles/yr; produces Toyota Corolla Cross and Mazda CX-50. Initial announced investment $1.6B; raised to $2.3B as of March 2023 (later re-announcement per rule 4, not summed). Reached its 4,000-employee commitment in 2023.",https://newsroom.mazda.com/en/publicity/release/2018/201801/180111a.html,https://businessalabama.com/mazda-toyota-reaches-4000-employee-goal-adds-production/,status_source 403'd to WebFetch; read via curl browser UA over HTTP/1.1 (ladder step 2). Announcement date differs by source: governor's office 2018-01-10 vs Mazda newsroom 2018-01-11 (both 2018-01).,https://governor.alabama.gov/newsroom/2018/01/toyota-mazda-selects-alabama-for-1-6-billion-auto-plant-with-4000-jobs/,2018-01-15,2021-07-01,2021-11-15,"Governor's office release 'Toyota-Mazda Selects Alabama for $1.6 Billion Auto Plant with 4000 Jobs', dated January 10, 2018; Mazda newsroom release dated January 11, 2018",Production is expected to begin by 2021.,the Toyota Corolla Cross started production in the fall of 2021,,US,100M-or-200-jobs
33,2026-09-05T09:37:15Z,31,"Wanhua Chemical MDI Complex (St. James Parish, Convent)",Chemicals and Plastics,LA,2017-04,1120000000,170,unconfirmed,never,"CANCELLED at St. James site; land-use permit application withdrawn Sep 4, 2019; not built",-2.0,-2.0,P,"MDI/isocyanates intermediate chemical complex. Initial April 10, 2017 announcement gave $1.12B ($954M Wanhua + $166M partners) and 170 direct jobs (945 indirect excluded per direct-jobs rule). Later reporting cites a $1.25B figure (re-announcement/scope change). Site selected at Convent, St. James Parish, LA; permit application withdrawn Sep 4, 2019 amid community/environmental opposition; company said project scope had changed and a new location was under review.",https://www.opportunitylouisiana.gov/news/china-based-wanhua-chemical-group-selects-louisiana-for-major-chemical-manufacturing-complex,https://www.desmog.com/2019/09/06/chinese-wanhua-chemical-plastics-louisiana-cancer-alley/,Capital figure discrepancy: promise_source states $1.12B initial ($954M + $166M partners); status_source cites $1.25B (later scope change). Used initial $1.12B per re-announcement discipline.,,2017-04-15,,,"April 10, 2017",No specific production start or completion date was provided in the announcement,"Chinese giant Wanhua Chemical officially withdrew its plans to build a $1.25 billion plastics manufacturing complex in St. James, Louisiana",,US,100M-or-200-jobs
34,2026-09-05T09:38:34Z,32,"Wolfspeed John Palmour Manufacturing Center (Siler City, NC)",Semiconductors,NC,2022-09,5000000000,1800,2025-06,2025 (second half),"PRODUCING slow ramp; production readiness late 2025, delivering initial wafers post-Chapter 11",3.0,0.3,P,"Original announcement described a 'multi-billion-dollar' investment with Phase One ~$1.3B and phase-one construction completion anticipated in 2024; the $5B total project figure and the June 2025 production-start promise come from the status source. Company entered Chapter 11 restructuring and emerged in late 2025; over 200 of 1,800 projected jobs hired at time of status article.",https://www.wolfspeed.com/company/news-events/news/wolfspeed-selects-north-carolina-for-worlds-largest-silicon-carbide-materials-facility/,https://constructionreviewonline.com/news/wolfspeeds-5b-silicon-carbide-factory-in-chatham-county-nears-completion/,"Capital discrepancy: original announcement gave Phase One ~$1.3B and 'multi-billion' total; the $5B total is stated by the status source, not the original announcement. Promised production-start date (June 2025) also comes from the status source; the original announcement cited only phase-one construction completion in 2024.",,2022-09-15,2025-06-15,2025-10-01,"Sep 09, 2022",Production was to start in June [2025],"'Production readiness' was achieved in late 2025, with the site has begun delivering initial wafers to the Mohawk Valley Fab in New York",,US,100M-or-200-jobs
35,2026-09-05T09:40:48Z,33,Kikkoman Foods Jefferson Soy Sauce Plant,Food and Beverage,WI,2024-01,560000000,80,2026 (fall),pending,UNDER CONSTRUCTION; opening targeted fall 2026,-1.0,-1.0,P,"Third U.S. production plant. Original project announced Jan 11, 2024 (~$560M over a 10-year period, State of Wisconsin, soy sauce and seasonings, shipments planned fall 2026); construction site in Jefferson County, WI announced April 24, 2024; groundbreaking ceremony June 12, 2024. Facility ~240,000 sq ft; ~80+ new direct jobs added to existing ~220 U.S. employees; produces soy sauce and soy sauce-related seasonings including teriyaki sauce.",https://www.kikkoman.com/en/news/2024/20240613_561.html https://www.kikkoman.com/en/news/2024/20240111_476.html,https://www.dailyunion.com/news/local/your-warm-welcome-matters-to-us-as-it-looks-to-2026-plant-opening-kikkoman-community/article_121264b7-aa00-44fd-bce7-a702b7a32823.html,"Lead summary dates the announcement April 23, 2024; the given promise_source (kikkoman.com/en/news/2024/20240613_561.html) covers only the June 12, 2024 groundbreaking. The original project announcement (third U.S. plant, ~$560M, Wisconsin, fall 2026 shipments) is dated January 11, 2024 (kikkoman.com/en/news/2024/20240111_476.html, added to promise_source), used as the anchor per re-announcement discipline; April 24, 2024 was the construction-site notice. promised_jobs 80 is below the 200 floor but promised_capital_usd $560M clears the floor.",,2024-01-15,2026-07-01,,"January 11, 2024 ... The Kikkoman Corporation plans to build a new plant in the State of Wisconsin; Estimated investment is approximately USD 560 million over a 10-year period.","the first shipments of soy sauce planned for fall, 2026","Kikkoman is opening a new 240,000 square-foot plant in the fall of 2026 (still under construction as of the July 20, 2025 article)",,US,100M-or-200-jobs
36,2026-09-05T09:41:47Z,34,Emirates Global Aluminium Inola Smelter,Other,OK,2025-05,4000000000,1000,unconfirmed,pending,INITIAL DEVELOPMENT; no construction started; undergoing state environmental review; AG petition filed to block,-1.0,-1.0,P,"~$4B primary aluminum smelter at Tulsa Port of Inola, Rogers County, OK; ~750,000+ metric tonnes/yr, described as largest US smelter and first built since 1980. 60/40 JV with Century Aluminum. Includes $500M US DOE grant and $255M Oklahoma incentives package. Agreement contingent on Oklahoma Legislature approving the MOU terms. Oklahoma AG Gentner Drummond filed a petition to block the project (filed June 3, 2026 per Manufacturing Dive).",https://www.okcommerce.gov/oklahoma-selected-for-4-billion-investment-from-emirates-global-aluminium/,https://www.manufacturingdive.com/news/oklahoma-ag-files-to-halt-inola-smelter-project-ega-century-aluminum/822134/,"Neither source states a promised production/first-output date, so promised_first_output left as unconfirmed. Other used; candidate new sector: Aluminum (Primary Metals).",,2025-05-15,,,was first announced in May 2025,unconfirmed,The project is still in its initial development phase and will continue to incorporate feedback and requirements resulting from the state's environmental review.,,US,100M-or-200-jobs
37,2026-09-05T09:42:56Z,35,Nucor Steel Brandenburg Plate Mill,Steel,KY,2019-03,1350000000,400,2022,2022-12-30,"PRODUCING; ramping up faster than anticipated, EBITDA-positive for a second consecutive quarter (per Oct 2025 status source)",3.8,0.5,P,"Initial announcement was a $1.35B, 1.2M tons/yr steel plate mill with more than 400 full-time direct jobs (plus up to 2,000 construction jobs, excluded) on 900 acres at Buttermilk Falls Industrial Park, Brandenburg. Summary cites a later ~$1.7B figure, treated as a re-announcement/expansion per one-site-one-project rule; anchor uses the original $1.35B.",https://www.areadevelopment.com/newsItems/3-29-2019/nucor-manufacturing-meade-county-kentucky.shtml,https://www.steelmarketupdate.com/2025/10/28/nucor-navigates-mixed-flat-rolled-markets-with-strategic-muscle/,"Mill is confirmed producing/ramping in the Oct 2025 status source, but neither provided source states an actual first-output date (no mention of Dec 2022); actual_first_output left as 'unconfirmed'. Resolved: first output dated 2022-12-30 from actual_date_source. Nucor corporate press release (01-03-2023) dating first coil/plate; complements the Oct 2025 status source, which only proved current operation.",,2019-03-15,2022-07-01,2022-12-30,03/29/2019,construction will begin by year-end with the facility opening by 2022,"the company's new state-of-the-art steel plate mill in Brandenburg, Kentucky, rolled its first steel plate on Friday, December 30, 2022.",https://investors.nucor.com/news/news-details/2023/New-Nucor-Steel-Brandenburg-Plate-Mill-Rolls-First-Plate-01-03-2023/default.aspx,US,100M-or-200-jobs
38,2026-09-05T09:43:53Z,36,Johnson & Johnson Wilson Biologics Facility,Pharmaceuticals,NC,2024-10,2000000000,420,unconfirmed,pending,UNDER CONSTRUCTION; hiring ramping up,-1.0,-1.0,P,"Biologics manufacturing facility in Wilson, NC. Construction anticipated to begin first half of 2025 per J&J release; construction reported underway as of Jan 2026 local press. Neither source states a production/operational start date. J&J later announced a second Wilson facility (Jan 2026, up to 500 jobs) and a Holly Springs facility (Aug 2025) — separate projects.",https://www.jnj.com/media-center/press-releases/johnson-johnson-to-invest-more-than-2-billion-in-new-advanced-technology-manufacturing-facility-in-north-carolina-to-support-robust-portfolio-growth,https://www.reflector.com/news/local/johnson-johnson-building-second-facility-in-wilson-county/article_b0bb0a28-1de0-4f78-b36f-435b559b00d0.html,"No promised production/operational date stated in either source; the lead summary's ~2028 operational target is not supported by the cited sources, so promised_first_output recorded as unconfirmed. Sources give only a construction-start date (first half of 2025).",,2024-10-15,,,"OCTOBER 1, 2024",Construction is anticipated to begin in the first half of 2025.,"Construction of that facility is underway, and the company reports it is already ramping up the hiring of advanced manufacturing employees.",,US,100M-or-200-jobs
39,2026-09-05T09:45:31Z,37,Shintech Plaquemine Chlor-Alkali/VCM/PVC Expansion,Chemicals and Plastics,LA,2018-07,1490000000,120,2021 (first half),2024-12,"PRODUCING; added 900M+ lb/yr PVC capacity, running at capacity",6.4,3.7,P,"Project is a $1.49B expansion at the Plaquemine (Iberville Parish) complex: new chlor-alkali and vinyl chloride monomer units plus PVC manufacturing expansion. Status source (Plastics News, dated March 27, 2025) reports Shintech now has ~8 billion lb/yr PVC capacity across Texas and Louisiana and the Plaquemine site had been running at capacity with no additions planned for 2025.",https://www.opportunitylouisiana.gov/news/gov-edwards-and-shintech-announce-1-49-billion-expansion-in-louisiana,https://www.plasticsnews.com/news/shintech-expands-pvc-production-900-million-pounds-louisiana-meet-rising-demand/,"status_source 403s to WebFetch and browser-UA curl; read via http://web.archive.org/web/20250418065102/ snapshot (original still cited). Status source states the added capacity came 'in December' (article dated March 27, 2025 => Dec 2024); it does NOT state the lead summary's 'October 2024' online date, the '380,000 t/yr' figure, or the delay-from-early-2021 language, so actual_first_output is taken as 2024-12 from the source.",,2018-07-15,2021-04-01,2024-12-15,"July 24, 2018",The expansion will include development of an integrated PVC manufacturing facility that is expected to be completed in late 2020 and operational in early 2021.,"Demand growth led Shintech Inc. to add more than 900 million pounds of annual PVC resin capacity in Plaquemine, La., in December.",,US,100M-or-200-jobs
40,2026-09-05T09:46:55Z,38,BlueOval Battery Park Michigan,Battery,MI,2023-02,3500000000,2500,2026,pending,"UNDER CONSTRUCTION; on track for summer 2026 start, not yet producing",-1.0,-1.0,P,"BlueOval Battery Park Michigan on the Marshall Megasite in Calhoun County, MI; a wholly-owned Ford subsidiary licensing LFP technology from CATL. Distinct from Ford's SK On joint-venture battery plants (two in KY, one in TN) and from BlueOval City in Stanton, TN. Per later local press (2025-2026), the project was paused in 2023 and downsized (status source describes it as a '$2.5 billion project'; lead summary cites ~$3B / ~1,700 jobs); Ford this year hired 100+ full-time employees and still plans to hire 1,600 more. Output has been shifted toward residential energy-storage cells plus a midsize EV truck.",https://www.detroitnews.com/story/business/autos/ford/2023/02/13/ford-details-3-5-billion-ev-battery-plant-to-be-built-in-marshall/69898581007/,https://wwmt.com/news/local/ford-battery-production-energy-storage-system-marshall-blueoval-site-open-2026-expand-michigan-wwmt,"promise_source returned HTTP 402 (paywall) to WebFetch and a redirect loop to curl; read via web.archive.org snapshot https://web.archive.org/web/20260812031501/https://www.detroitnews.com/story/business/autos/ford/2023/02/13/ford-details-3-5-billion-ev-battery-plant-to-be-built-in-marshall/69898581007/ (the original 402s). Announced $3.5B/2,500 jobs is the initial 2023 figure; status source later describes a downsized '$2.5 billion project' with 1,600 more hires planned.",,2023-02-15,2026-07-01,,"Ford details $3.5 billion electric vehicle battery plant to be built in Marshall ... Updated Feb. 13, 2023 ... The Blue Oval confirmed plans Monday to invest $3.5 billion to build the first automaker-backed lithium iron phosphate battery plant in the United States.","The venture, slated to come online in 2026, will initially create 2,500 jobs.",Ford is still on track to have the EV battery park operational by summer of 2026. ... The facility has not yet begun production; the plant is under construction and approaching completion.,,US,100M-or-200-jobs
41,2026-09-05T09:48:10Z,39,Micron ID2 Fab Boise,Semiconductors,ID,2022-09,15000000000,2000,2027,pending,"UNDER CONSTRUCTION; first-fab construction expected to complete 2026, first chips expected 2027",-1.0,-1.0,P,"Boise ID2 fab, co-located with Micron's headquarters/R&D; distinct site from Micron's Clay/Onondaga County, NY megafab. Original announcement anchor is ~$15B and ~2,000 direct jobs by end of decade. Later local coverage of a two-fab Idaho program cites a $50B investment / ~17,000 total jobs / 3,500 direct employees; those are later re-announcements/expansions per re-announcement discipline and are not summed into the anchor figures.",https://www.globenewswire.com/news-release/2022/09/01/2508617/0/en/Micron-to-Invest-15-Billion-in-New-Idaho-Fab-Bringing-Leading-Edge-Memory-Manufacturing-to-the-US.html,https://www.kivitv.com/southeast-boise/everything-you-need-to-know-about-microns-massive-boise-manufacturing-expansion,"The $15B announcement gives no specific first-output date (only 'through the end of the decade'); the 2027 promised_first_output is read from the status_source, which states first chips expected 2027. The status article's readable content did not mention the cleanroom 'blowdown' milestone referenced in the lead summary.",,2022-09-15,2027-07-01,,"BOISE, Idaho, Sept. 01, 2022 (GLOBE NEWSWIRE) -- Micron Technology, Inc. (NASDAQ: MU), one of the world's largest semiconductor companies and the only U.S.-based manufacturer of memory, today announced plans to invest approximately $15 billion through the end of the decade to construct a new fab for leading-edge memory manufacturing in Boise, Idaho.","The construction of the first fab is expected to be completed in 2026, and the first chips are expected to roll out in 2027.","The construction of the first fab is expected to be completed in 2026, and the first chips are expected to roll out in 2027.",,US,100M-or-200-jobs
42,2026-09-05T09:49:35Z,40,Tyson Foods Humboldt Poultry Complex,Food and Beverage,TN,2017-11,300000000,1500,2019,2021-04,OPENING; operations set to begin late April 2021 after delay from 2019 target,3.4,1.8,P,"Initial announcement (Nov 2017): over $300M and more than 1,500 jobs, tray pack facility with hatchery, processing plant and feed mill in Gibson County/Humboldt. By April 2021 the investment had grown to ~$425M (a later re-announcement/expansion, not summed into promised_capital_usd per rule 4); FoodDive says Tyson expects to employ more than 1,500 at the plant by 2023.",https://www.tn.gov/ecd/news/2017/11/20/governor-haslam--commissioner-rolfe-announce-tyson-foods--inc--to-create-1-500-new-jobs-in-humboldt.html,https://www.fooddive.com/news/tyson-opens-first-new-poultry-plant-in-25-years/598195/,"status_source (FoodDive, dated 2021-04-12) frames the opening as imminent ('operations could begin as soon as late April') rather than confirming produced output; actual_first_output 2021-04 reflects the headline 'Tyson opens...' and that late-April framing. Original promise source states 'fully operational by 2019'; the delay is inferred from the two sources' dates, as FoodDive does not mention the 2019 target.",,2017-11-15,2019-07-01,2021-04-15,"Monday, November 20, 2017",The facility is set to be fully operational by 2019.,operations could begin as soon as late April,,US,100M-or-200-jobs
43,2026-09-05T09:50:47Z,41,Samsung Newberry County Home Appliance Plant,Other,SC,2017-06,380000000,950,2018 (early),2018-01-12,"PRODUCING (washing machines); ~$500M invested and 1,500+ jobs as of Jan 2025",0.6,-0.1,P,"Former Caterpillar site at 284 Mawsons Way, Newberry, SC; Samsung Electronics Home Appliances America's first U.S. home appliance plant. Initial announcement $380M / 950+ jobs (2017). Later ~$500M invested and 1,500+ jobs reported Jan 2025 are subsequent growth/re-announcement, not summed into promised_capital_usd. As of Jan 2025 Samsung was weighing shifting dryer production from Mexico to this plant in response to tariffs.",https://www.sccommerce.com/news/samsung-open-380-million-manufacturing-plant-newberry-county,https://www.foxbusiness.com/economy/samsung-weighs-relocating-dryer-production-us-response-trump-tariffs,"Other used; candidate new sector: Home Appliances. actual_first_output unconfirmed: plant confirmed producing washing machines as of Jan 2025 but neither source states a precise first-output date (promise was early 2018). Resolved: first output dated 2018-01-12 from actual_date_source. Official Samsung US Newsroom release dated 1/12/2018 ('Today...announced the start of commercial production'). WebFetch timed out on the Samsung page and 403'd on the Business Wire mirror; retrieved via curl with a browser user-agent (step 2 of the fetching ladder). First output of the promised product (washing machines), matching the 'early 2018' promise.",,2017-06-15,2018-03-01,2018-01-12,"Wednesday, June 28, 2017",expected to begin in early 2018,"Today, Samsung Electronics America announced the start of commercial production at its first U.S. based home appliance manufacturing facility in Newberry County, South Carolina. Only six months after taking possession of the plant, Samsung employees have begun manufacturing ship-ready washing machines, producing the products' washer cabinets, inner tubs and bases from blank steel.",https://news.samsung.com/us/samsung-kicks-off-us-home-appliances-production/,US,100M-or-200-jobs
44,2026-09-05T09:52:14Z,42,ArcelorMittal Calvert Electrical Steel (NOES) Facility,Steel,AL,2025-02,1200000000,200,2027,pending,"PRE-CONSTRUCTION; construction to begin H2 2025, production anticipated 2027",-1.0,-1.0,P,"Wholly-owned ArcelorMittal facility at Calvert (Mobile County), AL, capable of up to 150,000 metric tons of NOES annually depending on product mix. Up to 1,300 construction-phase jobs cited (not counted as direct permanent jobs).",https://governor.alabama.gov/newsroom/2025/02/governor-ivey-announces-that-arcelormittal-plans-1-2-billion-alabama-mill-to-produce-electrical-steel/,https://corporate.arcelormittal.com/media/news-articles/arcelormittal-to-move-forward-with-construction-of-a-new-world-class-electrical-steel-manufacturing-facility,"status_source original 403s then 404s to WebFetch/curl; read via https://web.archive.org/web/20260317131904/ snapshot. Lead summary claims facility 'under construction' with long-lead equipment ordered, permits received, earthwork/piling underway and H1 2027 production, but no source supports this: sources state only construction set to begin H2 2025 and production anticipated in 2027 (no month/half-year precision).",https://automotive.arcelormittal.com/news_and_stories/news/2025ESCalvert,2025-02-15,2027-07-01,,"February 6, Schererville, IN: ArcelorMittal announced that it is proceeding with plans to build an advanced, non-grain-oriented electrical steel (NOES) manufacturing facility in Alabama.","Construction is set to begin in the second half of 2025, with production anticipated to commence in 2027.","Construction is set to begin in the second half of 2025, with production anticipated to commence in 2027.",,US,100M-or-200-jobs
45,2026-09-05T09:54:43Z,43,Pratt & Whitney Turbine Airfoil Facility Asheville,Aerospace and Defense,NC,2020-10,650000000,800,unconfirmed,2022,"RAMPING; facility opened 2022, ramping GTF and other airfoil production",1.7,-3.0,P,"1,000,000-sq-ft facility housing an advanced casting foundry plus machining, coating and finishing in Buncombe County; makes airfoils for civilian and military engines. Investment framed as 'at least $650 million through 2027' (800 jobs). A later ~$285M expansion reported Jan 2025 (+325 jobs, per the status lead) is a re-announcement and is not summed into promised_capital_usd.",https://www.rtx.com/en/prattwhitney/newsroom/news/2020/10/22/pw-announces-plans-for-at-least-650m-investment-through-2027-in-turbine-airfoil-production-facility,https://www.flightglobal.com/prattwhitney/2025/05/pratt-whitney-at-100-manufacturing-advancing-in-asheville/,"promise_source rtx.com renders its article via JavaScript only (no readable body text) and has no Wayback snapshot; read the identical press release verbatim via the newsroom mirror https://app.prattwhitney.com/2020-10-22-Pratt-Whitney-Announces-Plans-for-at-Least-650m-Investment-Through-2027-in-Turbine-Airfoil-Production-Facility-in-North-Carolina . status_source flightglobal 403'd to WebFetch; loaded via browser UA but the body is paywalled, so only the free intro was read, which states 'The facility opened in 2022'. No source states a promised production-start date, so promised_first_output is unconfirmed.",,2020-10-15,,2022-07-01,"EAST HARTFORD, Conn., Oct. 22, 2020 – Pratt & Whitney, a division of Raytheon Technologies Corp. (NYSE: RTX), announced today that it plans to invest at least $650 million through 2027 in a world-class turbine airfoil production facility in Asheville, North Carolina.",unconfirmed,The facility opened in 2022,,US,100M-or-200-jobs
46,2026-09-05T09:56:54Z,44,Ferrara Candy Company Orangeburg County,Food and Beverage,SC,2026-04,675000000,1000,2029-Q1,pending,PRE-PRODUCTION; broke ground May 2026,-1.0,-1.0,P,"$675M, 750,000-sq-ft greenfield sugar-confection plant (NERDS, SweeTARTS, Laffy Taffy, Trolli, Brach's, Jelly Belly) at Highway 21 and Rowesville Road, Orangeburg; first SC operation. 1,000 direct manufacturing and corporate jobs projected over 10 years.",https://governor.sc.gov/news/2026-04/ferrara-candy-company-selects-orangeburg-county-first-south-carolina-operation https://www.ferrara.com/us/en/ferrara-candy-company-selects-orangeburg-county-new-manufacturing-site,https://www.wrdw.com/2026/05/20/ferrara-candy-company-breaks-ground-orangeburg/,,https://www.ferrara.com/us/en/ferrara-candy-company-selects-orangeburg-county-new-manufacturing-site,2026-04-15,2029-02-15,,"CHICAGO (Apr. 22, 2026) – Ferrara Candy Company, a leading sugar confectioner in the United States, Brazil and Europe, today announced plans to establish its first South Carolina operation in Orangeburg County.",The first production lines in the new facility are expected to be operational in the first quarter of 2029.,Ferrara Candy Company broke ground in Orangeburg this week.,,US,100M-or-200-jobs
47,2026-09-05T09:58:32Z,45,Amkor Advanced Packaging and Test Campus Peoria,Semiconductors,AZ,2023-11,2000000000,2000,2026,pending,"PRE-PRODUCTION; broke ground Oct 2025, production expected early 2028",-1.0,-1.0,P,"Original Nov 2023 announcement was ~$2B / ~2,000 jobs. On Oct 6, 2025 Amkor broke ground and expanded the project to a total of $7 billion (increase of more than $5 billion) and as many as 3,000 jobs across two phases, with over 750,000 sq ft of cleanroom space serving Apple and NVIDIA; those figures are later re-announcements/expansions per rule 4 and are not summed into the anchor. Original production target was 'two to three years' (2025-2026); revised in the Oct 2025 status source to first facility completion mid-2027 and production beginning early 2028.",https://www.businesswire.com/news/home/20231130568669/en/Amkor-Announces-US-Advanced-Packaging-and-Test-Facility,https://www.azcommerce.com/news-events/news/2025/10/amkor-technology-breaks-ground-on-new-semiconductor-advanced-packaging-and-test-campus-in-peoria-expands-investment-to-7-billion/,promise_source (businesswire) returned HTTP 403 to WebFetch and browser-UA curl; read via https://web.archive.org/web/20260410130018/https://www.businesswire.com/news/home/20231130568669/en/Amkor-Announces-US-Advanced-Packaging-and-Test-Facility snapshot; original businesswire URL 403s. Promised production window later revised from 'two to three years' (2025-2026) to early 2028 per the Oct 2025 status source.,https://www.azcommerce.com/news-events/news/2023/11/amkor-announces-us-advanced-packaging-and-test-facility-in-peoria/,2023-11-15,2026-07-01,,"PEORIA, AZ (November 30, 2023) — Amkor Technology, Inc. (Nasdaq: AMKR) ... has announced its plan to build an advanced packaging and test facility in Peoria, Arizona.",The first phase of the manufacturing plant is targeted to be ready for production within the next two to three years.,"Construction of the first manufacturing facility on the campus is expected to be completed in mid-2027, with production beginning in early 2028.",,US,100M-or-200-jobs
48,2026-09-05T09:59:56Z,46,Natron Energy Kingsboro Megasite Gigafactory (Edgecombe County),Battery,NC,2024-08,1400000000,1000,unconfirmed,never,"CANCELLED; NC factory never built, Natron ceased all operations Sep 3, 2025 amid funding shortfalls",-2.0,-2.0,P,"The nearly 1.2 million sq. ft. facility at the 437-acre Kingsboro megasite would produce 24 GW of sodium-ion batteries annually (40x scale-up). Board determined Aug 27, 2025 that fundraising had failed; facilities in Holland, MI and Santa Clara, CA permanently closed Sep 3, 2025. NC JDIG details reference 1,062 new jobs; headline figure is 'more than 1,000' direct jobs.",https://www.commerce.nc.gov/news/press-releases/2024/08/15/governor-cooper-announces-1000-new-jobs-edgecombe-county-natron-energy-selects-kingsboro-megasite,https://www.constructiondive.com/news/sodium-ion-battery-natron-energy-shutters-halts-NC-factory-plans/759603/,"promised_date_source (businesswire) 403s to WebFetch and to curl with browser UA; read via http://web.archive.org/web/20260828041909/ snapshot. No production/first-output date is stated in any source, so promised_first_output is unconfirmed.",https://www.businesswire.com/news/home/20240815622233/en/Natron-Energy-Announces-Plans-for-$1.4-Billion-Giga-Scale-Sodium-Ion-Battery-Manufacturing-Facility-in-North-Carolina,2024-08-15,,,"Governor Cooper Announces 1,000 New Jobs in Edgecombe County; Natron Energy Selects Kingsboro Megasite (press release dated 2024/08/15)","Once operational, the Edgecombe County facility will accelerate Natron's growth trajectory (no production start date stated in any source)","the proposed gigafactory in Rocky Mount, North Carolina was halted; the company ""halting plans for a giant factory in Rocky Mount, North Carolina""; never moved beyond the planning stage",,US,100M-or-200-jobs
49,2026-09-05T10:01:23Z,47,Mercedes-Benz Bibb County Battery Plant,Battery,AL,2017-09,1000000000,600,2019,2022-03,"PRODUCING; plant opened, ramping to standard operation",4.5,2.7,P,"Battery plant is the anchor of a broader ~$1B Alabama EV investment announced Sept 21, 2017 (EQ-brand SUV assembly line, 1M-sq-ft battery plant, Global Logistics Center). Plant officially opened March 15, 2022, a few months ahead of EQ vehicle production start; had just finished its third production trial and expected standard operation about a month later. Up to 600 jobs at the Bibb County battery facility.",https://www.madeinalabama.com/2017/09/mercedes-to-launch-electric-vehicle-production-in-1b-alabama-project/,https://businessalabama.com/mercedes-benz-today-officially-opened-a-new-battery-plant-in-bibb-county-a-first-of-its-kind-facility-in-the-state-that-will-provide-batteries-for-electric-vehicles/,"status_source 403 to WebFetch; read via curl with browser UA (step 2). promised_first_output token 2019 is approximate: promise source says the battery facility 'should be operational in a couple of years' from the Sept 2017 announcement, with no exact date.",,2017-09-15,2019-07-01,2022-03-15,"Mercedes-Benz announced plans today to invest an additional $1 billion in its Alabama operation, where it will set up electric vehicle production and build a battery plant.","Construction of the 1 million-square-foot battery facility is expected to begin next year, and it should be operational in a couple of years.","A day after celebrating with its employees 25 years of making cars in Alabama, Mercedes-Benz today officially opened a new battery plant in Bibb County, a first-of-its-kind facility in the state that will provide batteries for electric vehicles.",,US,100M-or-200-jobs
50,2026-09-05T10:02:29Z,48,"UCB Biologics Manufacturing Campus (Rowen, Gwinnett County)",Pharmaceuticals,GA,2026-03,2000000000,330,unconfirmed,pending,"PLANNING; site selected, incentives approved; not yet operational",-1.0,-1.0,P,"~460,000 sq ft campus on a 79-acre site in the Rowen knowledge community, Gwinnett County, GA, for commercial-scale biologics production. Design and construction phases expected to require six to seven years (per pharmaceutical-technology.com); no explicit production/first-output date stated in either source. Gwinnett County approved an incentive package valued at more than $174M.",https://www.ucb.com/newsroom/press-releases/article/ucb-selects-georgia-for-new-us-biologics-manufacturing-facility-5b-economic-impact-and-330-permanent-jobs,https://www.pharmaceutical-technology.com/projects/ucb-biologics-manufacturing-facility-georgia-us/,"Capital discrepancy: UCB press release states ~$5B total economic impact (not a capital figure); pharmaceutical-technology.com states $2bn estimated investment, used here. No explicit promised first-output date in either source (only a six-to-seven-year design/construction span from the March 2026 announcement), so promised_first_output=unconfirmed.",,2026-03-15,,,"March 24, 2026 - announced in Brussels and Atlanta",unconfirmed,pending,,US,100M-or-200-jobs
51,2026-09-05T10:04:00Z,49,Detroit Assembly Complex - Mack (Jeep),Auto Assembly,MI,2019-02,1600000000,3850,2020 (end),2021-03,PRODUCING; temporary pauses to transition to refreshed 2026 Jeep Grand Cherokee,2.1,0.7,P,"First new auto assembly plant built in Detroit in ~30 years; converts the Mack Avenue Engine Complex into a Jeep assembly plant. Builds Jeep Grand Cherokee (and Dodge Durango per status source). Three-row SUV promised by end of 2020, Grand Cherokee first half of 2021.",https://media.stellantisnorthamerica.com/newsrelease.do?id=20661,https://www.cbtnews.com/stellantis-pauses-detroit-production-to-transition-to-2026-jeep-grand-cherokee-amid-sales-decline/,"actual_first_output date not stated in sources: status source (CBT News, Apr 22, 2025) confirms the plant is producing Jeep Grand Cherokee with temporary pauses but gives no production-start date, so token left as 'unconfirmed'. promised_date_source (michigan.gov) 403'd to WebFetch; read via curl browser user-agent over HTTP/1.1 (step 2), confirming $1.6B and 3,850 jobs for the Mack plant. Resolved: first output dated 2021-03 from actual_date_source. Official Stellantis DAC-Mack fact sheet dates start of production. First output = the three-row Grand Cherokee L (the vehicle promised by end of 2020), not a later line. Fetched via WebFetch.",https://www.michigan.gov/whitmer/news/press-releases/2019/02/26/whitmer-applauds-fca-for-transformative-investment-of-4-5-billion-bringing-6500-new-jobs-to-michigan,2019-02-15,2020-07-01,2021-03-15,"press release dated February 26, 2019: FCA plans to convert its Mack Avenue Engine Complex into the future assembly site for the next-generation Jeep Grand Cherokee and an all-new three-row full-size Jeep SUV","the first three-row vehicles expected to roll off the line by the end of 2020, followed by the all-new Grand Cherokee in the first half of 2021","Production of the all-new Jeep Grand Cherokee L launched in March 2021, with shipments to dealers beginning on June 21, 2021.",https://media.stellantisnorthamerica.com/newsrelease.do?id=329,US,100M-or-200-jobs
53,2026-09-05T10:06:38Z,50,Bosch Roseville SiC Fab (former TSI Semiconductors),Semiconductors,CA,2023-04,1500000000,0,2026,pending,SAMPLE PRODUCTION; first commercial 200mm SiC chips expected 2026; $225M CHIPS direct funding finalized July 2026,-1.0,-1.0,P,Initial April 2023 announcement was ~$1.5B to convert the Roseville facility; investment later raised to up to ~$2B (re-announcement per rule 4). CHIPS Act direct funding of up to $225M finalized July 2026; additional $25M California Competes Tax Credit. Acquisition of TSI Semiconductors closed August 2023; site has 300+ staff. Bosch also cites a broader ~$7.5B US five-year commitment.,https://techcrunch.com/2023/04/26/bosch-to-acquire-tsi-semiconductors-for-1-5b-to-boost-us-chip-production,https://www.semiconductor-today.com/news_items/2026/jul/bosch-160726.shtml,"No promised direct-jobs figure is stated in any of the three cited sources (recorded as 0); the lead summary's ~700 direct jobs is unconfirmed by the linked sources. Status source cites 'more than 300 staff' currently at Roseville, which is existing headcount, not a promise. Size floor cleared by $1.5B capital.",https://www.nist.gov/news-events/news/2026/07/department-commerce-announces-direct-funding-agreement-bosch-225-million,2023-04-15,2026-07-01,,"TechCrunch article dated April 26, 2023: ""Bosch will acquire the assets of U.S. chipmaker TSI Semiconductors to expand its silicon carbide chip (SiC) business.""","Starting in 2026, the first chips will be produced on 200-millimeter wafers based on silicon carbide.",Bosch has begun sample production in Roseville and intends to produce its first commercial production chips on 200mm wafers in 2026.,,US,100M-or-200-jobs
54,2026-09-05T10:07:28Z,51,Hyundai Steel Louisiana EAF Steel Mill,Steel,LA,2025-03,5800000000,1300,2029,pending,"PRE-CONSTRUCTION; ceremonial groundbreaking Sept 4, 2026, still awaiting LDEQ air permit before construction commences",-1.0,-1.0,P,"EAF-based integrated steel mill producing automotive steel plate, 2.7 million metric tons/yr, at RiverPlex MegaPark near Donaldsonville, Ascension Parish, LA. Plant expected to open in 2029.",https://www.prnewswire.com/news-releases/hyundai-steel-announces-5-8-billion-electric-arc-furnace-based-integrated-steel-mill-in-the-us-driving-sustainable-us-steel-production-and-creating-over-1-300-jobs-302409854.html,https://louisianaradionetwork.com/2026/09/04/48069/,,https://www.opportunitylouisiana.gov/hyundai-steel,2025-03-15,2029-07-01,,"Hyundai Steel Announces $5.8 Billion Electric Arc Furnace-Based Integrated Steel Mill in the US ... March 24, 2025",Commercial production targeted to begin in 2029,pending,,US,100M-or-200-jobs
55,2026-09-05T10:08:15Z,52,AbbVie Durham Manufacturing Campus,Pharmaceuticals,NC,2026-04,1400000000,734,2028,pending,"PLANNED; construction to begin 2026, completion targeted end of 2028; not yet broken ground",-1.0,-1.0,P,"185-acre small-volume parenteral (SVP) sterile injectable drug product campus near Research Triangle Park for immunology, neuroscience and oncology medicines; 734 direct hires planned over four years. Promised date is facility completion (end of 2028); sources do not state a separate first-production date.",https://news.abbvie.com/2026-04-22-AbbVie-Selects-North-Carolina-for-New-1-4-Billion-Manufacturing-Campus,https://www.manufacturingdive.com/news/drugmaker-abbvie-durham-north-carolina-manufacturing-campus/818303/,,https://www.commerce.nc.gov/news/press-releases/2026/04/22/governor-stein-announces-abbvie-build-new-14-billion-manufacturing-campus-durham,2026-04-15,2028-07-01,,"Announcement Date: April 22, 2026",completion expected by the end of 2028,"Construction will begin this year (2026); the project is currently in the planning phase, not yet broken ground",,US,100M-or-200-jobs
56,2026-09-05T16:58:54Z,53,Braidy Industries Aluminum Rolling Mill (Greenup County),Other,KY,2017-04,1300000000,550,2020,never,CANCELLED; mill never built. KY site (~200+ acres) donated back to the Northeast Kentucky Regional Industrial Authority; state recouped its $15M investment (2022).,-2.0,-2.0,P,"Initial 2017 announcement: $1.3B, 550 direct jobs, completion targeted 2020, 370,000 tons/yr aluminum sheet/plate near South Shore, Greenup County. Company later renamed Unity Aluminum; a 2022 account describes a larger ~$1.7B plant with 600 jobs and a $200M 2019 Rusal pledge — treated as later re-announcements/revisions per one-site-one-project rule, not summed. Unity is now part of a JV with Steel Dynamics to build a plant elsewhere in the U.S.",https://ced.ky.gov/Newsroom/NewsPage/04262017_Braidy_Industries,https://www.wdrb.com/in-depth/kentucky-recoups-15-million-investment-in-failed-braidy-industries-aluminum-mill/article_9a7bf9a6-4029-11ed-853f-4bdd3d23ffd4.html,"Sector 'Other' used for an aluminum rolling mill; candidate new sector: Aluminum/Metals (following the Emirates Global Aluminium precedent). promise_source (ced.ky.gov) 302-redirects to newkentuckyhome.ky.gov and was read there; lanereport corroborates the same figures/date. status_source (wdrb.com) now redirects to a wdrbwave.com shell with no article; read via web.archive.org snapshot 20251106230116, which confirms the mill 'never was built'. Capital discrepancy: used the initial 2017 figure of $1.3B/550 jobs; WDRB (2022) recounts a later ~$1.7B/600-job vision — recorded as re-announcement in notes, not summed.",https://www.lanereport.com/76442/2017/04/braidy-industries-to-create-550-jobs-with-1-3b-aluminum-rolling-mill-in-eastern-kentucky/,2017-04-15,2020-07-01,,"WURTLAND, Ky. (April 26, 2017) – Gov. Matt Bevin and executives from Braidy Industries Inc. today announced the company will build a $1.3 billion aluminum mill and create 550 advanced manufacturing jobs in Greenup County to produce sheet and plate for the automotive and aerospace industries.","The company expects construction to begin in early 2018, with completion in 2020.","The much-heralded mill, pushed by former Gov. Matt Bevin, promised to reshape northeastern Kentucky but missed a series of deadlines and never was built.",,US,100M-or-200-jobs
57,2026-09-05T17:00:01Z,54,Ebon Solar Mesa del Sol (Albuquerque),Solar,NM,2024-08,942000000,911,n/a,never,CANCELLED; abandoned before groundbreaking amid CFIUS-related concerns,-2.0,-2.0,P,"Ebon Solar (parent Ebang International, China ties, Cayman-incorporated). 834,000-sq-ft solar cell manufacturing facility; construction planned in two phases (Phase 1 ~1 GW/yr, Phase 2 +3.5 GW/yr); ~2,665 construction jobs. No LEDA funds ($10M state, $1M city) awarded and county industrial revenue bond never closed.",https://www.governor.state.nm.us/2024/08/07/ebon-solar-picks-new-mexico-for-major-solar-factory-company-to-invest-a-projected-942-million-create-over-900-jobs/,https://www.abqjournal.com/business/ebon-solar-appears-to-abandon-plans-for-942m-albuquerque-facility/3034250,"No promised first-output/production start date stated in any of the three sources; promised_first_output recorded as n/a. Project cancelled before any groundbreaking (Albuquerque Journal, May 2026); never produced.",https://www.manufacturingdive.com/news/ebon-solar-942-milion-plant-albuquerque-new-mexico-mesa-del-sol/723883/,2024-08-15,,,"Today, New Mexico Governor Michelle Lujan Grisham and Ebon Solar jointly announced an estimated $942 million investment in New Mexico's solar industry. (governor's office press release dated Aug 7, 2024)",n/a,the project is not moving forward ... federal policy constraints and CFIUS-related considerations prevented the company from establishing U.S. operations,,US,100M-or-200-jobs
58,2026-09-05T17:03:35Z,55,Ultium Cells Lordstown (GM-LG Chem JV) Ohio battery plant,Battery,OH,2019-12,2300000000,1100,n/a,2022-05,PRODUCING; temporary layoffs amid soft EV demand — laid-off workers' return pushed from June to August 2026,2.4,-3.0,P,"50/50 GM + LG Chem joint venture (later LG Energy Solution), $2.3B invested 'up to a total' through the JV; greenfield battery cell assembly plant in the Lordstown area of Northeast Ohio (status source refers to Warren, Ohio); annual capacity of more than 30 GWh; groundbreaking expected mid-2020. Fall 2025: ~850 temporary layoffs plus ~480 permanent job eliminations announced per status source.",https://investor.gm.com/news-releases/news-release-details/general-motors-and-lg-chem-team-advance-toward-all-electric/ https://www.cnbc.com/2019/12/05/gm-lg-to-form-2point3-billion-joint-venture-for-battery-cell-production.html,https://gmauthority.com/blog/2026/05/ultium-cells-ohio-plant-worker-return-delayed/,"No promised production/first-output date stated: GM release gives only mid-2020 groundbreaking and CNBC says GM 'declined to comment on when battery cell production is expected to begin' -> promised_first_output=n/a. Status source confirms the plant is producing but does not date first output -> actual_first_output=unconfirmed. promise_source investor.gm.com 403s to WebFetch and browser-UA curl; read via web.archive.org snapshot http://web.archive.org/web/20230603111943/https://investor.gm.com/news-releases/news-release-details/general-motors-and-lg-chem-team-advance-toward-all-electric/. Resolved: first output dated 2022-05 from actual_date_source. Business Journal Daily, published 2022-08-31; first cells produced in May 2022 (early phase), ramped to volume in August 2022. First output = May 2022.",https://www.cnbc.com/2019/12/05/gm-lg-to-form-2point3-billion-joint-venture-for-battery-cell-production.html,2019-12-15,,2022-05-15,"DETROIT , Dec. 5, 2019 /PRNewswire/ -- ... General Motors (NYSE: GM) and LG Chem today announced plans to mass-produce battery cells for future battery-electric vehicles.",The automaker declined to comment on when battery cell production is expected to begin.,Gallagher said the plant began early phases of production in May and continued to ramp up in August.,https://businessjournaldaily.com/ultiums-lordstown-plant-begins-battery-cell-production/,US,100M-or-200-jobs
59,2026-09-05T17:05:04Z,56,Tesla Gigafactory Texas (Austin),Auto Assembly,TX,2020-07,1000000000,5000,n/a,2021,AT VOLUME; producing Model Y and Cybertruck,1.0,-3.0,P,"Gov. Abbott statement: plant will create at least 5,000 new jobs and over $1 billion in capital investment in southeast Travis County. Chron reports Cybertruck, Semi, Model 3 and Model Y planned for the site. Status source (Teslarati) shows Model Y and Cybertruck in active/volume production but does not date first output.",https://gov.texas.gov/news/post/governor-abbott-welcomes-tesla-to-texas,https://www.teslarati.com/tesla-cybertruck-model-y-production-noticeably-up-giga-texas/,"promised_date_source (chron.com) returned a JS error shell to WebFetch; read via curl browser UA (HTTP 200). No source states a specific promised production-start date, so promised_first_output recorded as n/a. Sources confirm the plant is producing (Model Y, Cybertruck) but none dates first output, so actual_first_output = unconfirmed. Resolved: first output dated 2021 from actual_date_source. Status source (Teslarati) proves the plant is at volume today but never dates start. First output = start of Model Y production, which Tesla confirmed as 'late 2021' (Electrek, Jan 26 2022). The Aug 2021 units reported by Teslarati/InsideEVs were explicitly PRE-production/trial builds, not first output, so not used. First customer deliveries came later at the Apr 7 2022 Cyber Rodeo (a delivery event, not first output). Kept token at year precision since the source says 'late 2021', not a specific month/quarter.",https://www.chron.com/news/houston-texas/article/Tesla-Texas-gigafactory-Austin-Abbott-Musk-15428792.php,2020-07-15,,2021-07-01,"July 22, 2020 | Austin, Texas",no promised production-start date stated in the sources,Builds of Model Ys started in late 2021 at Gigafactory Texas.,https://electrek.co/2022/01/26/tesla-confirms-model-y-production-started-gigafactory-texas-working-final-certification/,US,100M-or-200-jobs
60,2026-09-05T17:06:31Z,57,Cree/Wolfspeed Mohawk Valley Fab (Marcy Nanocenter),Semiconductors,NY,2019-09,1000000000,600,2022,2022,PRODUCING; central production hub after emerging from Chapter 11 (Sept 2025),2.8,0.0,P,~$1B over six years; over 600 direct jobs within eight years. NY State provided $500M in capital grants plus tax credits. Cree rebranded to Wolfspeed. Company transitioned device production to Marcy and closed a North Carolina device facility; filed Chapter 11 in July 2025 and emerged September 2025.,https://www.governor.ny.gov/news/governor-cuomo-announces-1-billion-public-private-partnership-cree-creating-worlds-largest,https://www.romesentinel.com/news/wolfspeed-marcy-bankruptcy-expansion-ai-defense/article_a741084c-2991-411c-8324-c093a748f55a.html,"promise_source 403s to WebFetch and curl; read via http://web.archive.org/web/20210619120907/ snapshot (the original 403s). Status source dates the fab opening only to 2022, not a precise first-output month; promised date is stated as facility completion 'in 2022'.",https://sunypoly.edu/news/gov-cuomo-announces-1b-public-private-partnership-cree-creating-worlds-largest-silicon-carbide.html,2019-09-15,2022-07-01,2022-07-01,"September 23, 2019 Albany, NY Governor Cuomo Announces $1 Billion Public-Private Partnership with Cree","Upon completion in 2022, the new facility in Marcy will substantially increase the company's silicon carbide wafer fabrication capacity",Wolfspeed opened its 200 mm silicon carbide chip fabrication facility in Marcy in 2022,,US,100M-or-200-jobs
61,2026-09-05T17:08:03Z,58,SK Battery America Commerce (Jackson County) GA,Battery,GA,2018-12,1670000000,2000,n/a,2022-01,"PRODUCING; ~1,600 workers after 958 layoffs (WARN, Mar 2026)",3.1,-3.0,P,"Announced $1.67B; construction in two phases beginning early 2019, phase 1 ~$1B and >1,000 employees. Status source cites a $2.6B plant (later expansion beyond the initial $1.67B announcement); per re-announcement discipline the anchor capital is the original $1.67B. Supplied Ford F-150 Lightning cells; Ford announced cancellation of the fully-electric F-150 in December.",https://www.businesswire.com/news/home/20181203005133/en/SK-Innovation-Announces-New-Battery-Manufacturing-Plant,https://www.sfchronicle.com/news/politics/article/sk-lays-off-nearly-1-000-workers-at-georgia-plant-21959587.php,"promise_source businesswire 403s to WebFetch and curl; read via https://web.archive.org/web/20241206172728/... snapshot (original still live but blocks bots). Neither source states a promised production/first-output date, so promised_first_output is n/a (no promise recorded).",,2018-12-15,,2022-01-15,"December 03, 2018 10:00 AM Eastern Standard Time",n/a,"SK opened the $2.6 billion battery plant in Commerce, Georgia, in January 2022.",,US,100M-or-200-jobs
62,2026-09-05T17:10:20Z,59,Merck Gardasil Vaccine Plant Durham,Pharmaceuticals,NC,2019-07,650000000,391,n/a,unconfirmed,"WINDING DOWN; Merck ending Gardasil/Gardasil 9 production at the site, 154 layoffs effective May 1, 2026",-4.0,-4.0,P,"Durham facility: NC Commerce announced up to $650M and 391 jobs on 2019-07-25 to make active ingredient for Gardasil 9. Capital ultimately reported at ~$1B when the 225,000-sq-ft plant opened Mar 11, 2025 (re-announcement, per rule 4 the $650M initial figure is used). The 2019 announcement also covered a separate Wilson County component (up to $30M, 34 jobs). As of Oct 2025 Merck said it was creating 400 new full-time roles at the Gardasil plant; the broader 262-acre Durham campus employs 1,000+. Feb 2026: Merck ending Gardasil production there amid worldwide demand decline.",https://www.commerce.nc.gov/news/press-releases/biopharmaceutical-manufacturer-merck-selects-durham-and-wilson-counties-new,https://www.fiercepharma.com/manufacturing/merck-lay-nearly-150-staffers-research-triangle-area-vaccine-plant,"No source states a promised first-output/opening date, so promised_first_output recorded as n/a (no promise recorded). actual_first_output set to unconfirmed: the plant opened March 2025 'slated to produce' bulk substance and Feb 2026 reporting confirms it produced Gardasil (now being wound down), but no source dates first actual output. status_source and promised_date_source (fiercepharma) returned HTTP 403 to WebFetch; read via curl with a browser user agent over HTTP/1.1. no dated first-output source found: Searched Merck/EDPNC releases and trade press (FiercePharma, BioPharma Dive, Endpoints, Business NC, ABC11) for 2025-2026. All March 2025 opening coverage says the new $1B Durham plant was 'slated to produce' bulk substance (future tense -- opening is not first output), and the Feb 2026 wind-down coverage confirms Gardasil production occurred at the Old Oxford Road site but never dates when the new plant's first output began. No cited source dates first actual output. Note: FiercePharma and Endpoints returned HTTP 403 to WebFetch; read via curl with a browser user-agent over HTTP/1.1.",https://www.fiercepharma.com/manufacturing/merck-opens-1b-vaccine-manufacturing-facility-north-carolina,2019-07-15,,,"Announcement Date: Thursday, July 25, 2019 (NC Commerce press release announcing Merck's Durham and Wilson County facilities)",n/a,,,US,100M-or-200-jobs
63,2026-09-05T17:11:19Z,60,Leprino Foods Lubbock Dairy Manufacturing Facility,Food and Beverage,TX,2021-10,870000000,600,2026 (first half),2025-03,"PRODUCING; phase 1 open, ~300 workers, ramping to 600 by 2026",3.4,-1.0,P,"Initially ~$870M capital; later reported as ~$1 billion (described as largest capital investment in Lubbock's history) — a re-announcement, not summed per rule 4. First phase (850,000 sq ft) opened March 3, 2025 with ~300 full-time workers; total employment expected to reach 600 by 2026 after phase two. Product: mozzarella cheese and dairy/nutrition ingredients.",https://leprino.com/leprino-foods-announces-lubbock-texas-as-site-for-new-state-of-the-art-dairy-manufacturing-facility/,https://www.tradeandindustrydev.com/region/texas/game-changing-investment-leprino-foods-opens-34227,"status_source dates the official first-phase opening/ribbon-cutting (March 3, 2025) but does not explicitly state the actual first-production date; capital later reported as ~$1B vs the initial $870M announcement.",https://gov.texas.gov/news/post/governor-abbott-announces-new-leprino-foods-facility-in-lubbock,2021-10-15,2026-04-01,2025-03-15,"Announcement Date: October 1, 2021",Construction of the new facility is expected to begin in June 2022 and will be completed in two phases by early 2026.,"has officially opened the first phase of its cutting-edge, 850,000-square-foot manufacturing facility in East Lubbock (as of March 3, 2025)",,US,100M-or-200-jobs
64,2026-09-05T17:12:56Z,61,Nikola Coolidge Factory 4.0,Auto Assembly,AZ,2020-07,600000000,1800,2021 (late),never,"CANCELLED; Nikola filed Chapter 11, Coolidge factory acquired by Lucid (Apr 2025)",-2.0,-2.0,P,"~35,000 units annually at full production running two shifts; 1 million-square-foot facility in Coolidge, AZ. Bankruptcy auction concluded April 10, 2025; Lucid acquired the former Coolidge manufacturing facility (680 E Houser Rd) and extended offers to 300 former Nikola employees.",https://www.prnewswire.com/news-releases/nikola-corporation-breaks-ground-on-coolidge-multi-product-factory-4-0-manufacturing-facility-301098901.html,https://www.prnewswire.com/news-releases/lucid-to-acquire-select-facilities-and-assets-previously-belonging-to-nikola-corporation-will-extend-offers-to-300-former-nikola-employees-302426387.html,"promise_source gives construction-completion timing ('first phase of construction is scheduled for completion in late 2021'), not an explicit first-output date; recorded as promised_first_output. status_source confirms Nikola Chapter 11 bankruptcy (auction concluded April 10, 2025) and Lucid's acquisition of the Coolidge facility but does not state whether/when the factory produced trucks; actual_first_output recorded as never (project ended in bankruptcy/liquidation).",,2020-07-15,2021-10-01,,"Jul 23, 2020 -- Nikola Corporation Breaks Ground on Coolidge Multi-Product Factory 4.0 Manufacturing Facility","The first phase of construction is scheduled for completion in late 2021, with the second phase projected to be complete within the following 12-18 months.","Lucid's agreement to acquire the aforementioned assets follows Nikola's bankruptcy auction which concluded on April 10, 2025, as part of its filing for Chapter 11 bankruptcy relief.",,US,100M-or-200-jobs
65,2026-09-05T17:13:53Z,62,Texas Instruments RFAB2 Richardson,Semiconductors,TX,2019-04,3100000000,488,n/a,2022-09,"IN PRODUCTION; both RFAB1 and RFAB2 in production, ramping output",3.4,-3.0,P,Announcement states 'more than $3.1 billion in capital investment' and 'more than 488 jobs'. Combined RFAB1+RFAB2 cleanroom ~650K sq ft. RFAB1 operating since 2009.,https://gov.texas.gov/news/post/governor-abbott-announces-texas-instruments-new-300mm-facility-in-richardson,https://www.ti.com/about-ti/newsroom/company-blog/tis-new-300-millimeter-wafer-fab-in-richardson-texas-begins-initial-production.html,No promised production/first-output date is stated in any of the three sources; promised_first_output set to n/a sentinel.,https://www.ti.com/about-ti/manufacturing/richardson.html,2019-04-15,,2022-09-15,"Governor Abbott Announces Texas Instruments' New 300mm Facility in Richardson (release dated April 18, 2019)",No promised production/first-output date stated in the announcement or the manufacturing page,"RFAB2 ""started production in September 2022""; TI blog: ""Our company's newest 300-millimeter wafer fab in Richardson, Texas, has started initial production and will ramp over the coming months.""",,US,100M-or-200-jobs
66,2026-09-05T17:15:33Z,63,Hanwha Q CELLS Dalton Solar Module Plant,Solar,GA,2018-05,150000000,500,2019,2019-09,PRODUCING; resumed normal production Mar 2026 after customs-related furlough,1.3,0.2,P,"Grand opening Sep 20, 2019; 300,000-sq-m facility, ~1.7 GW annual capacity (12,000 modules/day), 650 workers at opening per Hanwha release. In Nov 2025 the company furloughed ~1,000 workers due to a UFLPA customs-clearance pause; returned to normal production reported Mar 6, 2026.",https://georgia.org/newsroom/press-releases/solar-cell-manufacturer-to-create-more-than-500-jobs-in-whitfield-county,https://pv-magazine-usa.com/2026/03/06/qcells-resumes-solar-panel-production-at-georgia-factories-following-customs-related-furlough/,promise_source is a JS shell live; read via http://web.archive.org/web/20251112114805/ snapshot. status_source 403s to WebFetch; read via curl browser UA.,https://www.hanwha.com/newsroom/news/press-releases/grand-opening-of-hanwha-q-cells-in-georgia-spotlights-western-hemispheres-largest-solar-panel-manufacturing-facility-responsible-for-650-jobs-and-a-daily-output-of-12000-solar-modules.do,2018-05-15,2019-07-01,2019-09-15,"ATLANTA – May 30, 2018 – Gov. Nathan Deal today announced that Hanwha Q CELLS Korea, a leader in the global solar industry, will create more than 500 jobs and invest $150 million in a new solar module manufacturing facility in Dalton.",The facility is scheduled for completion in 2019.,"marked the grand opening of its Dalton, GA facility on September 20,2019",,US,100M-or-200-jobs
67,2026-09-05T17:19:12Z,64,North Star BlueScope Delta Ohio expansion (third EAF / second caster),Steel,OH,2019-08,700000000,100,2022,2022-06,AT FULL CAPACITY; ~$130M debottlenecking underway,2.8,0.0,P,"One project, one anchor: US$700M expansion (third EAF, second slab caster) adding ~850,000 t/yr hot-rolled coil. Original announcement cited 950kt, later revised to 850kt. Third EAF commissioned 2021 and ramping since (status_source); ribbon-cutting May 13 2022, first slab off new caster ~June 2022 (promised_date_source). Operated at full capacity (~3M t/yr) through FY2024. A further ~$130M debottlenecking project is underway to raise capacity ~10% to over 3.3M t/yr, targeted FY2028 (status_source; lead summary said ~$88M).",https://www.recyclingtoday.com/news/bluescope-announces-fiscal-2019-financials-north-start-expansion/ https://www.gem.wiki/BlueScope_North_Star_Steel_plant,https://www.steelmarketupdate.com/2024/08/21/bluescope-advances-hr-and-coating-capacity-expansions-in-us/,"promise_source (recyclingtoday.com) blocked by Incapsula on WebFetch, curl with browser UA, and every Wayback snapshot (all ~1KB block pages); announcement date (Aug 2019) and US$700M confirmed via https://www.gem.wiki/BlueScope_North_Star_Steel_plant. Discrepancy on first output: third EAF commissioned 2021 (status_source) vs first slab off new caster ~June 2022 (promised_date_source) — used June 2022 as actual_first_output. promised_jobs from promised_date_source states 'more than 100 new positions'.",https://www.bluescope.com/news/North-Star-facility-expansion-boosts-US-production-,2019-08-15,2022-07-01,2022-06-15,"In August 2019, the company announced it would be financing a $700 million expansion to the facility, which would add 950 thousand metric tonnes of capacity to the plant.",Completion target: 2022,"Next month, we'll be making the first slab off the new caster, which is part of the expansion. (stated at the May 13, 2022 ceremony)",,US,100M-or-200-jobs
68,2026-09-05T17:20:56Z,65,"Blue Point One Low-Carbon Ammonia Complex (CF Industries/JERA/Mitsui), Modeste LA",Chemicals and Plastics,LA,2025-04,3700000000,103,2029,pending,"UNDER CONSTRUCTION; broke ground Aug 2026, first output targeted 2029, not yet producing",-1.0,-1.0,P,"FID announced April 8, 2025 (project teased since 2023). JV ownership CF Industries 40% / JERA 35% / Mitsui 25%; JERA said it is investing $1.4B. CF Industries is investing an additional $550M over four years for shared, scalable infrastructure (separate from the ~$3.7B JV project cost). Nameplate capacity ~1.4 million metric tons/yr (world's largest single ammonia plant); ~3,900 construction jobs over four years.",https://lailluminator.com/2025/04/08/blue-ammonia/,https://www.cfindustries.com/newsroom/2026/blue-point-groundbreaking,"promise_source (Louisiana Illuminator) 403s to WebFetch; read via curl with browser user agent over HTTP/1.1. Capital discrepancy: promise_source headline says ""$4B"" while CF Industries (status/date sources) state ~$3.7B JV direct project cost; used $3.7B. Construction-jobs figures also differ (Illuminator ""some 1,500"" vs CF ""3,900"").",https://www.cfindustries.com/bluepoint,2025-04-15,2029-07-01,,"CF Industries, Japanese partners to build $4B ‘blue’ ammonia plant in Ascension Parish By Greg LaRose - April 8, 2025","The Blue Point One plant is located in Modeste, Louisiana, and is expected to begin production in 2029.","CF Industries ... JERA ... and Mitsui ... today broke ground in Modeste, Louisiana, on a low-carbon ammonia plant (August 26, 2026); the plant is expected to begin production in 2029.",,US,100M-or-200-jobs
69,2026-09-05T17:23:41Z,66,GM Factory ZERO (Detroit-Hamtramck),Auto Assembly,MI,2020-01,2200000000,2200,2021 (late),2021-12,"PRODUCED then IDLED; second idling in three months (Mar 2026), 1,300 laid off; weak EV-truck demand",1.9,0.2,P,"Detroit-Hamtramck renamed Factory ZERO; $2.2B is the direct plant investment (GM separately cited an additional $800M in supplier tooling, not summed here). Status source (Electrek, Apr 21, 2026) confirms the plant builds Silverado EV, Sierra EV, Hummer EV and Escalade IQ but does not date first output; cut from two shifts to one in Oct 2025 (1,200 let go) and idled again ~Mar 2026 (1,300 laid off); planned 2028 truck refresh indefinitely suspended.",https://investor.gm.com/news-releases/news-release-details/detroit-hamtramck-be-gms-first-assembly-plant-100-percent,https://electrek.co/2026/04/21/gm-suspends-next-gen-electric-truck-refresh-indefinitely/,"promise_source 403s to WebFetch and curl; read via http://web.archive.org/web/20241223155359/ snapshot (original refuses). actual_first_output unconfirmed: status source confirms the plant has produced multiple EV models but no read source dates first output. Resolved: first output dated 2021-12 from actual_date_source. GMC official newsroom release dated Dec 17, 2021; Hummer EV was the first vehicle produced at Factory ZERO. WebFetch and plain fetch 403'd; read via curl with a browser user-agent per the fetching ladder.",,2020-01-15,2021-10-01,2021-12-15,"Mon, January 27, 2020 ... a $2.2 billion investment at its Detroit-Hamtramck assembly plant",GM's first all-electric truck will be a pickup with production scheduled to begin in late 2021.,"The first 2022 GMC HUMMER EV Pickups have been produced at Factory ZERO, and customer deliveries will now begin.",https://news.gmc.com/newsroom.detail.html/Pages/news/us/en/2021/dec/1217-hummer.html,US,100M-or-200-jobs
70,2026-09-05T17:24:26Z,67,First Solar Iberia Parish (Acadiana) Solar Module Facility,Solar,LA,2023-08,1100000000,700,2026 (first half),2025-07,"PRODUCING; ramping toward 3.5 GW, over 700 employed",1.9,-0.7,P,"Fifth U.S. First Solar facility, at Acadiana Regional Airport, producing Series 7 PV modules; 3.5 GW annual nameplate capacity once fully ramped. Began production July 2025, several months ahead of the announced first-half-2026 completion; over 700 employed as of Nov 2025, targeting 826 by year-end 2025.",https://www.opportunitylouisiana.gov/news/first-solar-to-invest-up-to-1-1-billion-to-build-solar-panel-manufacturing-facility-in-acadiana-create-over-700-new-direct-jobs,https://www.opportunitylouisiana.gov/news/first-solar-inaugurates-new-1-1-billion-ai-enabled-louisiana-manufacturing-facility,,,2023-08-15,2026-04-01,2025-07-15,"August 10, 2023",The project is expected to be complete in the first half of 2026,"The Iberia Parish facility began production in July 2025, several months ahead of schedule.",,US,100M-or-200-jobs
71,2026-09-05T17:25:35Z,68,CMC Steel Arizona 2 Micro Mill (Mesa),Steel,AZ,2020-08,300000000,185,2023 (first half),2024,"PRODUCING; in ramp-up, did not break even in FY2025 Q2 amid transformer outages and startup issues; CEO expects continuous profitability into 2026",3.9,1.3,P,"World's first micro mill capable of rolling merchant bar quality (MBQ) products in addition to rebar; ~500,000 tons nominal annual capacity. The ~1,000-job / ~half-billion-dollar figure is a regional/statewide economic-impact projection, not direct jobs (direct hires: 185). Status source gives no exact first-output month; it states ramp-up began in 2024.",https://www.areadevelopment.com/newsitems/8-18-2020/commercial-metals-company-mesa-arizona.shtml,https://www.steelmarketupdate.com/2025/03/21/cmc-looks-beyond-arizona-micro-mill-woes-to-long-term-viability-of-construction-mart/,actual first-output date approximate: status source only states ramp-up 'began...last year' (2024) and gives no exact startup month; the lead summary's Oct 2023 grand opening is not stated in either read source.,,2020-08-15,2023-04-01,2024-07-01,08/18/2020,It's anticipated the facility will be operational by early 2023.,"began ramping up the micro-mill expansion project in Mesa, Ariz., last year",,US,100M-or-200-jobs
72,2026-09-05T17:27:55Z,69,AstraZeneca Rivanna Futures Drug Substance Facility (Albemarle County),Pharmaceuticals,VA,2025-07,4000000000,500,2030,pending,"EARLY CONSTRUCTION; site prep/grading and utility work underway, not yet producing",-1.0,-1.0,P,"Drug-substance campus at Rivanna Futures near Charlottesville producing for AstraZeneca's weight management and metabolic portfolio (oral GLP-1, baxdrostat, oral PCSK9). Anchor figures are the original announcement ($4.0B, 500 direct jobs), part of the $50B U.S. plan announced July 2025. The 9 October 2025 press release re-announced a proposed +$500m increase to $4.5B and +100 jobs to 600 direct highly skilled jobs (engineers/scientists) - not summed per re-announcement rule. The release's 3,600 figure is direct-and-indirect jobs and a further 3,000 are construction jobs, both excluded from promised_jobs. promised_first_output derived from 'operational in the next four to five years' (operational wording, approximate).",https://www.astrazeneca.com/media-centre/press-releases/2025/astrazeneca-plans-to-increase-investment-and-scope-of-its-virginia-manufacturing-facility-to-dollar45-billion-creating-3600-new-jobs.html,https://www.29news.com/2026/08/27/astrazeneca-growth-spurs-regional-workforce-push-central-virginia/,promise_source (astrazeneca.com) returned HTTP 403 to WebFetch; read via curl HTTP/1.1 with browser user agent (ladder step 2).,,2025-07-15,2030-07-01,,This is part of the historic $50 billion investment announced in July 2025,Work will start immediately with the facility expected to be operational in the next four to five years.,the site expected to become operational within the next few years,,US,100M-or-200-jobs
74,2026-09-05T17:29:17Z,70,fairlife Dairy Processing Facility Webster,Food and Beverage,NY,2023-05,650000000,380,2025-Q4,2026-08,"RAMPING; initial ramp-up of production celebrated Aug 20, 2026",3.3,0.7,P,"~745,000 sq ft dairy processing plant in Webster, Monroe County, NY. Status source states the facility has already created approximately 380 new full-time jobs and processes five to six million pounds of milk per day. Promise announced May 9, 2023 ($650M investment).",https://www.coca-colacompany.com/media-center/coca-cola-builds-fairlife-facility-new-york.html,https://www.governor.ny.gov/news/governor-hochul-coca-cola-company-and-fairlife-celebrate-ramp-650-million-state-art-dairy,"promise_source (announcement) states the $650M investment but no direct-jobs figure; promised_jobs=380 is taken from the status source's 'approximately 380 new full-time jobs' (jobs created to date), not from the original announcement. Capital floor cleared regardless ($650M).",,2023-05-15,2025-11-15,2026-08-15,"Announcement Date: May 9, 2023",The facility is anticipated to be operational beginning in Q4 2025,"Governor Kathy Hochul, The Coca-Cola Company and fairlife today celebrated the initial ramp up of production at the new, $650 million, state of the art, fairlife facility in the Town of Webster, Monroe County. (event dated August 20, 2026)",,US,100M-or-200-jobs
75,2026-09-05T17:31:48Z,71,"SK Siltron CSS SiC Wafer Plant (Monitor Township, Bay City)",Semiconductors,MI,2021-08,300000000,150,n/a,unconfirmed,"CLOSING - SK Siltron winding down SK Siltron CSS subsidiary and closing Monitor Township site; ~140 employees affected, citing sustained weakness in EV/SiC wafer market",-4.0,-4.0,P,"Facility in Monitor Township near Bay City (rehabilitated existing building); ribbon-cutting held Sept 1, 2022. Supported by a $1.5M Michigan Business Development Program grant and a $544M U.S. DOE loan (awarded July 2024, paid off July 2026). Michigan chosen over Georgia, the Carolinas, Tennessee and Texas.",https://www.michigan.gov/whitmer/news/press-releases/2022/09/01/whitmer-and-sk-siltron-bring-semiconductor-supply-chain-to-michigan-with-new-bay-city-facility,https://www.wnem.com/2026/07/16/sk-siltron-closing-monitor-township-site/,"promise_source 403s to WebFetch; read via curl with browser user agent over HTTP/1.1 (fetch-ladder step 2). No source states a promised production/first-output date, so promised_first_output=n/a (no promise recorded). Neither source dates actual first output, but status_source says SK Siltron 'does not plan to use it again for its own production', indicating the plant did operate; actual_first_output=unconfirmed (produced, date unknown). no dated first-output source found: Searched SK Siltron/SK Group releases, Michigan.gov & MEDC Sept 1 2022 ribbon-cutting releases, trade press (ETNews Mar 2022, KED Global), the DOE draft/final EA-FONSI, and local coverage of Biden's Nov 29 2022 visit and the July 2026 closure. All confirm the Monitor Township (former F.P. Horak building) plant DID produce SiC wafers -- 'silicon carbide wafers produced on site' at Biden's Nov 29 2022 tour; 'production is underway' by Mar 2023 -- but none dates first output. NOTE the trap: ETNews Mar 16 2022 dates a DIFFERENT, earlier Bay City fab as 'starting operation' (60,000 wafers) and explicitly puts the H2-2021-purchased F.P. Horak/Monitor Township fab in future tense ('will produce'), so that is not this plant's first output. Fetch ladder used: DetroitNews 402 paywall (skipped); Midwesterner via curl browser-UA after WebFetch 403; ETNews via web.archive.org id_ raw snapshot (live host DNS-unresolvable).",,2021-08-15,,,"SK Siltron CSS, headquartered in Auburn, Mich. (Bay County), announced plans in August 2021 to expand production of much-needed silicon carbide wafers",n/a,,,US,100M-or-200-jobs
76,2026-09-05T17:33:51Z,72,"BlueOval SK Battery Park (Glendale, KY)",Battery,KY,2021-09,5800000000,5000,2025,2025-Q3,"CLOSED; produced then shut down. Ford taking sole ownership, plans to repurpose for grid/energy-storage batteries and restart late 2027.",3.9,0.1,P,"JV of Ford and SK On (SK Innovation); twin EV battery cell plants. Ford and SK On agreed in Dec 2025 to end the joint venture; ~1,600 workers laid off, pay/benefits ending Valentine's Day (Feb 14, 2026). Ford subsidiary (Ford Energy) plans to hire 2,100 workers and restart production in late 2027.",https://nkytribune.com/2021/09/ford-motor-company-sk-innovation-announce-largest-economic-project-in-history-of-state/,https://www.wkyufm.org/news/2026-02-09/a-kentucky-town-bet-big-on-fords-ev-strategy-then-the-battery-plant-closed,"Status source gives no explicit first-output date; actual_first_output (2025-Q3) derived from 'six months after the first EV batteries rolled off the assembly line' relative to the ~Feb 14, 2026 (Valentine's Day) closure. Lead summary states production launched Aug 2025 but the status source does not date it directly.",,2021-09-15,2025-07-01,2025-08-15,"Gov. Andy Beshear, Ford Motor Company and SK Innovation announced the single largest economic development project in the history of the Commonwealth on Monday",Production of the advance lithium-ion batteries will begin in 2025.,The Glendale plant shuttered six months after the first electric vehicle batteries rolled off the assembly line.,,US,100M-or-200-jobs
77,2026-09-05T17:34:44Z,73,VinFast EV Assembly Plant Chatham County,Auto Assembly,NC,2022-03,2000000000,7500,2024-07,pending,STALLED; site idle since Dec 2024; NC sued in May 2026 to reclaim megasite,-1.0,-1.0,P,"North Carolina's first auto assembly plant (electric cars/buses plus EV battery production) at Triangle Innovation Point megasite near Moncure. Announcement press release pledged 'up to $2 billion in phase 1'; the 2026 status source describes an original $3 billion pledge and the lead notes a later ~$4 billion figure, all treated as re-announcements/expansions per the one-project rule. State appropriated up to $450M for site development. VinFast requested an extension to July 1, 2028 (rejected); has floated a scaled-back restart (~1,400 jobs, production ~2028).",https://governor.nc.gov/news/press-releases/2022/03/29/governor-cooper-announces-vinfast-automotive-selects-north-carolina-electric-vehicle-assembly-plant,https://www.manufacturingdive.com/news/north-carolina-sues-ev-maker-vinfast-unbuilt-factory-chatham-county/821097/,Capital figure discrepancy: promise_source states 'up to $2 billion in phase 1'; status_source reports an original $3 billion pledge and lead cites a later ~$4 billion figure. Used the initial announcement's $2B phase-1 figure.,,2022-03-15,2024-07-15,,"Announcement Date: March 29, 2022",production is expected to start in July 2024,"Production has not started. The facility remains unbuilt with ""zero progress"" since the original 2022 agreement; VinFast ceased operations on the site in December 2024.",,US,100M-or-200-jobs
78,2026-09-05T17:38:21Z,74,EVRAZ Rocky Mountain Steel Long-Rail Mill (Pueblo),Steel,CO,2022-03,500000000,300,tbd,2026-07,OPERATIONAL; facility producing steel rails; owner EVRAZ NA being acquired by Atlas Holdings,4.3,-3.0,P,"The adjacent $285 million, 300 MW Bighorn Solar array (financed/built by Lightsource BP) is a separate project and is not summed into promised_capital_usd. Construction Dive (Mar 2, 2022): project 'began in 2019', broke ground, mill ~15% complete, will employ ~300 and process rail. Billed as largest solar-powered steel mill in the US. Canary Media (Jul 16, 2025): EVRAZ North America being acquired by private-equity firm Atlas Holdings, deal valued up to ~$500 million, expected to close later in 2025.",https://www.constructiondive.com/news/worlds-largest-solar-powered-steel-mill-breaks-ground-in-colorado/619381/,https://www.canarymedia.com/articles/green-steel/new-owner-colorado-solar-mill,"announced anchor: sources place the project's initiation/announcement in 2019 (year only, no month stated), so the month-precise March 2, 2022 groundbreaking is used as the anchor. No promised first-output date is stated in either source (promised_first_output=tbd). status_source confirms the Pueblo facility produces steel rails but does not specifically date the new long-rail mill's first output, so actual_first_output=unconfirmed (producing, undated). Resolved: first output dated 2026-07 from actual_date_source. First output of the NEW long-rail mill (not the old 1881 Pueblo mill, which has produced rails for decades). Mid-July 2026 first-stick delivery to Union Pacific = official start of operations for the $1.2B mill; corroborated by AOL and Recycling Today (both ~Jul 16, 2026, 'recently delivered') and the Gazette (Jul 21, 2026). Exact day differs across sources (Jul 16 vs 17), so month precision kept.",,2022-03-15,,2026-07-15,"World's largest solar-powered steel mill breaks ground in Colorado ... Published March 2, 2022","More than 400 people are now employed in building the $500 million long rail mill, which is about 15% complete","Rocky Mountain Steel Mills has delivered its first stick of long rail from its new mill in Pueblo, Colorado, to partner Union Pacific, the companies said Thursday.",https://www.manufacturingdive.com/news/union-pacific-rocky-mountain-settles-dispute-rail-supplier-7-year-agreement/817936/,US,100M-or-200-jobs
79,2026-09-05T17:39:10Z,75,Illuminate USA Solar Module Plant Pataskala,Solar,OH,2023-03,600000000,850,2023,2024-02,"FULLY OPERATIONAL; 1,500+ employees",0.9,0.6,P,"Invenergy subsidiary producing bifacial solar panels; up to 5 GW annual solar module capacity; $220M committed to acquire/build out the 1.1M-sq-ft building; partnership with LONGi. By 2025 fully operational with 1,500+ associates.",https://www.constructiondive.com/news/solar-developer-invest-over-600m-toward-ohio-manufacturing-plant/645412/,https://livability.com/oh/newark/education-careers-opportunity/illuminate-usa-in-pataskala-oh-powers-the-future-of-american-solar-manufacturing/,,,2023-03-15,2023-07-01,2024-02-15,"Announcement Date: March 10, 2023",Production Start Date: by the end of 2023,"Launching production at the Pataskala facility in February 2024, a major milestone for Ohio's renewable energy economy.",,US,100M-or-200-jobs
80,2026-09-05T17:40:17Z,76,GM-Samsung SDI Battery Plant New Carlisle,Battery,IN,2023-06,3000000000,1600,2026,pending,"UNDER CONSTRUCTION; GM sold its ~49.99% stake to Samsung SDI (Aug 2026), now wholly Samsung SDI-owned; not yet producing",-1.0,-1.0,P,"Locally approved at ~$3.5B; >$3B is the initial announcement figure. Per Aug 11, 2026 status source, mass production is now slated for 2027 (slipped from the originally announced 2026). Samsung SDI plans to add an energy-storage-system (ESS) battery line alongside EV cells. ~30+ GWh capacity.",https://www.manufacturingdive.com/news/general-motors-samsung-sdi-3b-battery-plant-indiana/652814/,https://electrek.co/2026/08/11/gm-sells-indiana-battery-plant-stake-samsung-sdi/,"Promised-date discrepancy: promise_source (2023) states production expected to begin in 2026; status_source (Aug 2026) states mass production slated for 2027. Capital: >$3B (initial announcement) vs ~$3.5B locally approved. promised_jobs (1,600 direct) sourced from status_source; the promise_source article did not state a jobs figure.",,2023-06-15,2026-07-01,,"the governor's office announced Tuesday [June 13, 2023] the selection of the New Carlisle, Indiana location","Construction is slated to start next year, with production expected to begin in 2026.",The plant has not yet begun production.,,US,100M-or-200-jobs
81,2026-09-05T17:42:17Z,77,Intel Fab 9 Rio Rancho,Semiconductors,NM,2021-05,3500000000,700,n/a,2024-01-24,"AT VOLUME; site operational amid Intel's 2025 cuts (WARN: 227 of ~3,100 NM jobs cut by Sept 2025)",2.7,-3.0,P,"$3.5B expansion of Rio Rancho campus for Fab 9 high-volume Foveros 3D advanced packaging; promised ~700 permanent high-tech jobs plus ~1,000 construction jobs. Fab 9 opened Jan 24, 2024. Announcement gave no promised first-output date, only construction start in late 2021.",https://www.intc.com/news-events/press-releases/detail/1464/intel-invests-3-5-billion-to-expand-new-mexico,https://www.abqjournal.com/business/intel-to-cut-227-jobs-at-rio-rancho-plant-ending-weeks-of-speculation/580461,"promised_date_source (newsroom Fab 9 opening page) 404s live; read via web.archive.org snapshot http://web.archive.org/web/20260716213325/http://newsroom.intel.com/corporate/intel-opens-fab-9-in-new-mexico. Announcement gives no promised production date (only construction start late 2021), so promised_first_output recorded as n/a.",https://newsroom.intel.com/corporate/intel-opens-fab-9-in-new-mexico,2021-05-15,,2024-01-24,"Intel Invests $3.5 Billion to Expand New Mexico (Intel press release dated May 3, 2021)",Announcement states construction expected to start in late 2021; no first-output/production date is given in the announcement.,"Intel Opens Fab 9 in New Mexico January 24, 2024 ... Today, Intel celebrated the opening of Fab 9, its cutting-edge factory in Rio Rancho, New Mexico. ... Opening marks a milestone for high-volume manufacturing of 3D advanced packaging technologies.",,US,100M-or-200-jobs
82,2026-09-05T17:43:26Z,78,Volkswagen Chattanooga MEB EV Assembly Expansion,Auto Assembly,TN,2019-01,800000000,1000,2022,2022-07-26,"PRODUCING; ending US ID.4 assembly by mid-April 2026, retooling line for 2027 Atlas",3.5,0.1,P,"$800M expansion of Chattanooga plant to build EVs on VW's MEB platform, its first North American MEB site; groundbreaking Nov 13, 2019. ID.4 produced there but VW is ending U.S. ID.4 assembly by mid-April 2026 amid slowing EV demand; U.S.-built ID.4 available into 2027 from inventory. Line to build second-generation Atlas (2027 model).",https://newschannel9.com/news/local/volkswagen-announces-groundbreaking-date-for-plant-expansion,https://www.wardsauto.com/news/vw-ending-id4-ev-production-us-tennessee-chattanooga-atlas/817123/,"actual first output unconfirmed: status source (pub. 2026-04-09) confirms ID.4 was in production at Chattanooga but neither source states when first output began. Resolved: first output dated 2022-07-26 from actual_date_source. Official VW Newsroom release dated July 26, 2022 ('today marked the start of production'). Corroborated by Electrek and InsideEVs (July 26, 2022). Dates the first output of the promised MEB EV (ID.4), matching the 2022 promise.",,2019-01-15,2022-07-01,2022-07-26,Volkswagen announced in January 2019 that it planned to invest,The first Volkswagen electric vehicle will roll out in 2022.,"Volkswagen of America (VWoA) today marked the start of production of its all-electric ID.4 compact SUV in Chattanooga, Tenn., the company's first electric vehicle assembled in the United States.",https://www.volkswagen-newsroom.com/en/press-releases/volkswagen-starts-us-assembly-of-all-electric-id4-flagship-in-chattanooga-tennessee-15079,US,100M-or-200-jobs
84,2026-09-05T17:45:26Z,79,JSW Steel USA Acero Junction (Mingo Junction) EAF flat-steel mill,Steel,OH,2018-06,500000000,500,n/a,2018-12-14,"OPERATING; EAF running, ~890,000 tonnes produced in 2024",0.5,-3.0,P,"JSW announced a two-phase plan to invest up to $500M to restart/modernize the idled Acero Junction EAF mill, targeting 3 MTPA at Acero (combined 4 MTPA with Baytown, TX). Per gem.wiki, JSW acquired the long-idled plant for ~$81M in 2018 (acquisition price, distinct from the $500M investment plan). Production suspended July 2020 (Covid), EAF restarted March 2021; ~962 kt reported in 2023 and ~890 kt in 2024.",https://businessjournaldaily.com/jsw-steel-invest-500m-acero-junction/,https://www.gem.wiki/JSW_Steel_USA_Ohio_plant,"promised_jobs (500) is derived from the promise source, which states a combined 1,000 jobs across the Ohio (Acero Junction) and Baytown, TX projects and separately '500 jobs there' for Baytown, leaving ~500 for the Ohio site; no single figure is stated for Mingo Junction alone. No source dates first output: gem.wiki does not confirm a Dec 2018 first slab and reports no production figures for 2019-2022, but the plant is clearly producing (~890,000 t in 2024), so actual_first_output=unconfirmed (produced, date unknown). The promise source states no restart/first-output timeline, so promised_first_output=n/a. Resolved: first output dated 2018-12-14 from actual_date_source. Restart of the long-idled Mingo Junction (Acero Junction) EAF; the promise (2018-06) was to restart the EAF and slab caster, and this first slab is the first output of that restart. Corroborated by AIST (dated 12/18/2018): 'cast its first slab on Friday' (Dec 14, 2018 was a Friday). WebFetch loaded both pages fine.",,2018-06-15,,2018-12-14,"Announcement Date: Friday, June 22, 2018","The proposed investment would be made in two phases. First, it will revamp and restart the plant's electric arc furnace and slab caster while modernizing the hot strip mill.","The first slab was cast on December 14, 2018.",https://www.asminternational.org/results/-/journal_content/56/10192/36141031/NEWS/,US,100M-or-200-jobs
85,2026-09-05T17:46:44Z,80,Thermo Fisher Scientific Greenville Sterile Manufacturing Expansion,Pharmaceuticals,NC,2020-12,500000000,500,2022,unconfirmed,"PRODUCING; operational as Thermo Fisher's North American flagship sterile fill-finish site (~2,000 employees) as of June 2025",-4.0,-4.0,P,"Original Dec 2020 announcement: ~$500M for sterile drug-product development and commercial manufacturing of medicines, therapies and vaccines, including a 130,000-sq-ft building with two live-virus filling lines plus six new lines in 2021-2022. Status source (Pharma Manufacturing, June 6, 2025) describes newest lines (Building 52 sterile fill-finish line in final qualifications; first commercial continuous-manufacturing product slated for 2025) tied to a separate $2B U.S. investment.",https://edpnc.com/news/thermo-fisher-to-add-500-jobs-invest-500m-in-greenville/,https://www.pharmamanufacturing.com/all-articles/article/55295236/thermo-fishers-greenville-north-carolina-site-takes-on-flagship-status-in-north-america,"Announcement is dated Dec 10, 2020 (not just a month). Status source does not give a precise first-output date for the 2020-announced expansion; site is clearly producing as the North American flagship sterile fill-finish facility, so actual_first_output recorded as unconfirmed (produced, date unknown). The June 2025 status also discusses newer lines (Building 52 sterile fill-finish line in final qualifications; first commercial continuous-manufacturing product slated for 2025) associated with a later $2B investment, not the 2020 project. no dated first-output source found: Searched Thermo Fisher/EDPNC announcement, trade press (Area Development, Tradeline, WRAL TechWire, IndustryWeek Best Plants, Pharma Manufacturing June 2025 status), and local news 2020-2025. All confirm the Greenville site is operating as TF's North American flagship sterile fill-finish facility, and all confirm the PLAN that the new 130,000-sq-ft building with two live-virus filling lines would be 'operational in 2022,' but none states when those new lines actually first filled/produced. The 2025 status source proves current operation but never dates first output of the 2020-announced expansion; no source confirms whether the 2022 target was met.",,2020-12-15,2022-07-01,,"Thermo Fisher Scientific ... announced today it will add 500 new jobs in Greenville over the next two years (announced December 10, 2020)","a new, stand-alone, 130,000-square-foot facility with two live-virus filling lines ... will be operational in 2022",,,US,100M-or-200-jobs
86,2026-09-05T17:48:00Z,81,Nestlé Purina PetCare Factory Williamsburg Township,Food and Beverage,OH,2020-10,550000000,300,2023,2026-08-31,"PRODUCING; grand opening held, up and running with 430+ associates",5.9,3.2,P,"Direct jobs promised: more than 300 by 2024. Now more than 430 associates with plans for over 500. Facility expected to feed over 8 million pets annually (dry dog/cat food: Purina Pro Plan, Purina ONE, Dog Chow).",https://newscenter.purina.com/2020-10-26-Nestle-Purina-PetCare-Plans-to-Build-New-Factory-in-Ohio-to-Meet-Growing-Pet-Food-Demand,https://www.wcpo.com/news/local-news/clermont-county/williamsburg/new-nestle-purina-plant-opens-up-in-williamsburg-township-alongside-hundreds-of-jobs-in-clermont-county,"actual_first_output date resolved from status article: it states 'Monday marked the facility's grand opening' with no in-body calendar date, but the page's datePublished metadata is 2026-08-31T18:08 (a Monday), so the grand opening was 2026-08-31.",,2020-10-15,2023-07-01,2026-08-31,"Today, Nestlé Purina PetCare announced a $550 million investment to build a new factory in Williamsburg Township, Ohio (press release dated October 26, 2020)",the factory is expected to be operational in 2023,Monday marked the facility's grand opening,,US,100M-or-200-jobs
87,2026-09-05T17:48:58Z,82,Blue Origin Engines Factory Huntsville,Aerospace and Defense,AL,2017-06,200000000,300,2020,2020 (first half),PRODUCING; manufactures BE-4 and BE-3U rocket engines,2.8,-0.2,P,"Announced June 2017; groundbreaking Jan 25, 2019. Produces BE-4 (New Glenn, ULA Vulcan) and BE-3U. Blue Origin employs 1,600+ across three Huntsville sites per May 2026 report.",https://www.madeinalabama.com/2019/01/blue-origin-launches-construction-of-200m-alabama-rocket-engine-plant/,https://www.waff.com/2026/05/07/blue-origin-expands-huntsville-operations-adds-100-jobs-thruster-production/,"Facility size differs between sources: 200,000 sq ft at 2019 groundbreaking vs 350,000 sq ft at 2020 opening.",,2017-06-15,2020-07-01,2020-04-01,announced plans for the state-of-the-art production facility in Huntsville in June 2017,The Huntsville manufacturing plant is expected to open in 2020,"The company opened its 350,000-square-foot Engines Factory at Cummings Research Park in early 2020.",,US,100M-or-200-jobs
88,2026-09-05T17:50:07Z,83,Siemens Pendergrass Electrical Infrastructure Facility,Other,GA,2026-08,185000000,1400,tbd,pending,"PRE-CONSTRUCTION; pending final approvals, buildout expected to begin November 2026",-1.0,-1.0,P,"New ~550,000-sq-ft facility at 580 Raco Parkway near Pendergrass, Jackson County, GA, making low-voltage electrical infrastructure products for the data center market. Buildout expected to begin November 2026; hiring for engineering/fabrication/assembly/testing roles in 2027; project expected to take roughly three years to fully complete. Georgia release cites 'more than 1,400 jobs' at this GA facility; Siemens corporate release cites 'more than 1,500 jobs' combined across GA (Pendergrass) and TX (Grand Prairie) — 1,400 used as the direct GA figure. No first-output/production date stated in any source.",https://georgia.org/press-releases/2026/siemens-plans-1400-new-jobs-jackson-county,https://www.ajc.com/business/2026/08/electrical-component-maker-siemens-announces-new-georgia-facility/,"Other used; candidate new sector: Electrical Equipment (low-voltage electrical infrastructure/switchgear manufacturing fits no listed sector). No promised first-output date stated in any source; sources give buildout start (Nov 2026) and ~3-year completion only, so promised_first_output=tbd.",https://news.siemens.com/en-us/siemens-us-manufacturing-investment-electrical-infrastructure/,2026-08-15,,,"August 7, 2026",tbd,pending,,US,100M-or-200-jobs
89,2026-09-05T17:51:24Z,84,"Nucor Steel Gallatin Sheet Mill Expansion (Ghent, KY)",Steel,KY,2018-09,650000000,70,n/a,2022-06-24,PRODUCING; ramping to 3M tons/yr nameplate capacity by end of 2022 after June 2022 outage/installation,3.8,-3.0,P,$650M expansion roughly doubled capacity from 1.6M to ~3M tons/yr; max coil width to ~73 inches. A separate $176M galvanizing line (operational first half of 2019) and a separate $164M tube mill project were also underway at Gallatin.,https://investors.nucor.com/news/news-details/2018/Nucor-Announces-Plans-to-Expand-Sheet-Mill-in-Kentucky-09-07-2018/default.aspx,https://www.steelmarketupdate.com/2022/07/27/nucor-steel-gallatin-produces-first-coil-after-mill-upgrade-by-danieli/,"promise_source states no completion/first-output date for the sheet mill expansion itself (only a separate galvanizing line 'operational in the first half of 2019'); promised_first_output recorded as n/a. promised_jobs 70 direct is below the 200-jobs floor, but promised_capital_usd $650M clears the $100M floor.",,2018-09-15,,2022-06-24,"Nucor Announces Plans to Expand Sheet Mill in Kentucky, 09-07-2018",n/a,Nucor Steel Gallatin produces first coil after mill upgrade by Danieli ... an 18-mm thick strip ... June 24,,US,100M-or-200-jobs
91,2026-09-05T17:52:30Z,85,Eastman Methanolysis Facility Kingsport,Chemicals and Plastics,TN,2021-01,250000000,0,2022,2024-03,PRODUCING; scaling up,3.2,1.7,P,"~$250M plastic-to-plastic molecular recycling (methanolysis) facility at Kingsport, TN, converting polyester waste into feedstock (~110,000 t/yr). Announcement gives 'mechanically complete by year-end 2022' as the only promised timeline (not an explicit first-output date). Came online March 2024. Chemical Processing (June 3, 2025) reports it operating and scaling.",https://www.tn.gov/ecd/news/2021/1/29/governor-lee--commissioner-rolfe-announce-eastman-to-build-methanolysis-facility-to-support-an-optimized-circular-economy.html,https://www.chemicalprocessing.com/asset-management/sustainability/news/55294231/eastman-scales-advanced-plastics-recycling-amid-texas-plant-setback,"Neither source states a direct-jobs figure, so promised_jobs is recorded as 0; the $250M capital clears the size floor on its own. Promised timeline is 'mechanically complete by year-end 2022', not an explicit first-output date.",,2021-01-15,2022-07-01,2024-03-15,"Friday, January 29, 2021 | 09:30am","The facility, which is expected to be mechanically complete by year-end 2022","The Kingsport facility, which came online in March 2024, is processing 110,000 metric tons of plastic waste annually.",,US,100M-or-200-jobs
92,2026-09-05T17:54:25Z,86,"GlobalWafers (GlobiTech) 300mm Silicon Wafer Fab, Sherman",Semiconductors,TX,2022-06,3500000000,1500,2025,pending,"GRAND OPENING held May 15, 2025; Phase One equipment installation ongoing, not yet producing",-1.0,-1.0,P,"Status source gives $7.5B total: $3.5B for Phases One and Two, $4B for Phases Three and Four; the $4B Phases Three/Four are later re-announcements/expansions per rule 4 and excluded from promised_capital_usd. Grand opening/ribbon-cutting held May 15, 2025 with Phase One in equipment installation.",https://www.commerce.gov/news/press-releases/2022/06/globalwafers-selects-sherman-texas-new-semiconductor-silicon-wafer-site,https://www.kten.com/news/texas-headlines/globalwafers-cuts-the-ribbon-on-billion-dollar-sherman-chip-plant/article_c9c49833-7545-4d37-93cd-c7b0f09abaa3.html,promise_source 403'd to WebFetch; read via curl with browser UA. Promise source states no specific USD capital figure (only Gov. Abbott's 'investing billions of dollars'); promised_capital_usd of $3.5B is taken from the status source's Phases One and Two figure as the initial-project scope.,,2022-06-15,2025-07-01,,"FOR IMMEDIATE RELEASE Monday, June 27, 2022","Production from the first fab is anticipated as early as 2025, according to the Company.",The Phase One is already completely being facilitized. It'll take another year just to complete that side of the building.,,US,100M-or-200-jobs
93,2026-09-05T17:55:57Z,87,Rivian Normal Assembly Plant (Illinois),Auto Assembly,IL,2017-01,175000000,500,2020,2021-09-14,PRODUCING; ramping R2 line (first R2 rolled out April 2026),4.7,1.2,P,"Initial 2017 announcement: at least $175m and 500 jobs over five years (1,000+ at full volume); capital and jobs grew in later re-announcements, so the initial $175m/500 figures are used per re-announcement discipline. Status source (May 2026) documents only the R2 line ramp.",https://www.automotivelogistics.media/electric-vehicle-firm-rivian-buys-former-mitsubishi-plant-in-illinois/17360.article,https://www.25newsnow.com/2026/05/19/rivian-ramps-up-r2-production-normal-hiring-accelerates/,"announced month taken from the promise source's publication date (11 Jan 2017); the article text does not state the announcement date in-line. actual_first_output set to 'unconfirmed': the plant is clearly producing, but neither source dates its original first EV output (R1); the status source dates only the first R2 (April 2026), a later product line. Resolved: first output dated 2021-09-14 from actual_date_source. Dates the original R1 first output (R1T), the event the status source omitted; status source dated only the later R2 line (April 2026). Article published Tue 14 Sep 2021; 'Tuesday morning' = 2021-09-14.",,2017-01-15,2020-07-01,2021-09-14,"Article published 11 January 2017: ""Rivian Automotive, the US-based electric car hopeful, has agreed a deal to purchase Mitsubishi's former manufacturing plant in Normal, Illinois.""",Rivian said it would invest at least $175m in the project with a plan to start customer deliveries by 2020.,"The first production Rivian R1T electric pickup truck in ""Rivian blue"" rolled off the assembly line Tuesday morning at the company's factory in Normal, Illinois.",https://techcrunch.com/2021/09/14/rivians-first-production-r1t-electric-pickup-truck-rolls-off-the-line/,US,100M-or-200-jobs
94,2026-09-05T17:57:17Z,88,Siemens Gamesa Offshore Wind Turbine Blade Factory Portsmouth,Other,VA,2021-10,200000000,310,n/a,never,"CANCELLED; discontinued November 2023, never built",-2.0,-2.0,P,"First U.S. offshore wind turbine blade manufacturing facility, planned on an 80-acre leased site at Portsmouth Marine Terminal to supply Dominion Energy's Coastal Virginia Offshore Wind (CVOW) project; ~$80M of the $200M budget was for buildings and equipment. Discontinued Nov 13, 2023; company cited unmet development milestones amid supply chain issues, raised interest rates, and inflation. Never built or produced.",https://virginiabusiness.com/siemens-gamesa-to-build-offshore-wind-turbine-blade-factory-in-portsmouth/,https://www.offshorewind.biz/2023/11/13/siemens-gamesa-halts-plans-for-usd-200-million-offshore-wind-turbine-blade-factory-in-us/,"sector Other used; candidate new sector: Wind Energy (offshore wind turbine blade manufacturing fits no base sector). No promised production-start date is stated in promise_source, so promised_first_output recorded as n/a (no promise recorded).",,2021-10-15,,,Virginia Gov. Ralph Northam announced Monday from the Port of Virginia's Portsmouth Marine Terminal,n/a,"Siemens Gamesa has discontinued its plans to build and operate an offshore wind turbine blade manufacturing plant in Virginia, US.",,US,100M-or-200-jobs
95,2026-09-05T17:58:37Z,89,Amgen Holly Springs Drug Substance Facility,Pharmaceuticals,NC,2021-08,550000000,355,2025,2025-01,"OPERATIONAL; ribbon-cutting/opening January 24, 2025",3.4,-0.5,P,"Original 2021 announcement: $550M, 355 direct jobs. A separate ~$1B expansion announced December 2024 would raise total employment to more than 700 jobs for the region by 2030; per re-announcement discipline this later expansion is not summed into promised_capital_usd/promised_jobs.",https://www.wake.gov/news/global-biotech-leader-amgen-chooses-holly-springs-new-manufacturing-facility,https://www.amgen.com/stories/2025/01/north-carolina-ribbon-cutting-marks-important-milestone-in-expansion-to-meet-growing-demand-for-amgen-medicines,"actual_first_output reflects the January 24, 2025 ribbon-cutting/opening of the drug substance facility; the status source confirms the facility opened but does not publish an explicit first-drug-substance-output date.",,2021-08-15,2025-07-01,2025-01-15,"Amgen, one of the world's leading biotechnology companies, announced plans today to invest $550 million to build a new manufacturing facility in Holly Springs. (wake.gov release dated August 3, 2021)","This manufacturing facility, set to begin operating in 2025, will help the company meet the increasing demand for its products worldwide.","Amgen opened its newest cutting-edge drug substance facility in Holly Springs, North Carolina, with a ribbon cutting ceremony on January 24.",,US,100M-or-200-jobs
97,2026-09-05T18:00:39Z,90,Boom Supersonic Overture Superfactory (Greensboro PTI),Aerospace and Defense,NC,2022-01,100000000,1750,2024,pending,"CONSTRUCTION COMPLETE; no Overture aircraft produced yet (180,000-sq-ft factory building finished June 2024)",-1.0,-1.0,P,"Announcement promised more than 1,750 direct jobs by 2030, expanding to more than 2,400 by 2032, plus 200 internships through 2032; planned ~400,000-sq-ft facility on a 65-acre campus, production to begin 2024 with first Overture aircraft rollout slated 2025, first flight 2026, first passengers by 2029. NC economists estimated $32.3B in state economic growth over 20 years (economic-impact estimate, not a capital-investment figure). Status source (Jun 17, 2024) reports the completed 180,000-sq-ft factory cost around $100M to construct and that Boom has committed to a second assembly line with plans for a third on the 62-acre site.",https://boomsupersonic.com/press-release/boom-supersonic-first-supersonic-airliner-manufacturing-facility,https://myfox8.com/news/north-carolina/greensboro/boom-supersonic-completes-construction-of-overture-superfactory-at-pti-in-greensboro/,"Announcement stated no capital-investment figure; promised_capital_usd=100000000 taken from the status source's reported ~$100M factory construction cost (row also clears the floor on promised_jobs=1,750 direct). Both original URLs failed direct fetch; read via web.archive.org snapshots (promise: http://web.archive.org/web/20260418072810/...; status: http://web.archive.org/web/20250916082653/...). Size discrepancy: promise source says ~400,000 sq ft on 65-acre campus, status source says 180,000 sq ft on 62-acre site.",,2022-01-15,2024-07-01,,"DENVER, January 26, 2022 — Boom Supersonic, the company building the world's fastest and most sustainable supersonic airliner, today announced it has selected the Piedmont Triad International Airport in Greensboro, North Carolina as the site of its first full-scale manufacturing facility.",Production will begin at the Overture Superfactory in 2024.,Boom Supersonic has completed the construction of its Overture Superfactory at Piedmont Triad International Airport in Greensboro. ... It will be the site where Boom builds its Overture supersonic airliner.,,US,100M-or-200-jobs
98,2026-09-05T18:02:08Z,91,StarPlus Energy Kokomo Battery Plant,Battery,IN,2022-05,2500000000,1400,2025-Q1,2024-12,"PRODUCING; first plant opened initial line Dec 2024, three remaining lines ramping through 2025",2.6,-0.2,P,"JV named StarPlus Energy (Stellantis + Samsung SDI). Announcement states initial investment 'over $2.5 billion' which 'could gradually increase up to $3.1 billion' (same announcement, not a separate re-announcement). Feb 2025 status source cites a combined $6.3B / up-to-2,800-jobs figure covering both Kokomo gigafactories; the second plant is targeted operational 2027. Anchor uses the original single-plant announcement figures per re-announcement discipline.",https://www.stellantis.com/en/news/press-releases/2022/may/stellantis-and-samsung-announce-battery-plant-in-kokomo,https://www.insideindianabusiness.com/articles/ev-battery-manufacturers-moving-ahead-on-projects-despite-trumps-views-actions,promise_source 403s to WebFetch and to curl with browser UA; read via https://web.archive.org/web/20260608064625/https://www.stellantis.com/en/news/press-releases/2022/may/stellantis-and-samsung-announce-battery-plant-in-kokomo (the original 403s),,2022-05-15,2025-02-15,2024-12-15,"May 24, 2022 ... Stellantis N.V. and Samsung SDI today announced that they have executed binding, definitive agreements to establish an electric-vehicle battery manufacturing facility in Kokomo, Indiana, U.S.",Plant construction activities are scheduled to begin later this year with production operations planned to launch in the first quarter of 2025.,The first of two Kokomo factories to make batteries for Stellantis electric vehicles opened in December.,,US,100M-or-200-jobs
99,2026-09-05T18:04:10Z,92,Ford Rouge Electric Vehicle Center (Dearborn),Auto Assembly,MI,2020-09,700000000,300,2022,2022-04-26,PAUSED INDEFINITELY; F-150 Lightning production at REVC paused indefinitely as Ford prioritizes gas/hybrid F-150s,1.6,-0.2,P,"New 500,000-sq-ft EV center at the Ford Rouge complex to build the all-electric F-150 Lightning. Neither source dates first output; production did occur (now paused). Pause tied to a Novelis aluminum plant fire and Ford's Q3 2025 decision to prioritize more profitable gas/hybrid F-150s.",https://eu.detroitnews.com/story/business/autos/ford/2020/09/17/ford-build-electric-vehicle-manufacturing-facility-rouge-complex/5820849002/,https://fordauthority.com/2025/10/ford-f-150-lightning-production-to-remain-paused-indefinitely/,"promise_source: original 402/paywall to WebFetch; read via https://web.archive.org/web/20250721083014/https://eu.detroitnews.com/... . status_source: original 403 to WebFetch; read via curl browser-UA and https://web.archive.org/web/20251209132543/https://fordauthority.com/... . Article ties the $700M to 'the Rouge complex to support production of the new F-150 lineup' (whole Rouge/F-150 program, of which the EV center is part), not the EV center alone. Resolved: first output dated 2022-04-26 from actual_date_source. Article published/dated April 26, 2022, the day of the launch; corroborated by Ford's corporate F-150 Lightning article (corporate.ford.com/articles/products/f-150-lightning) and electriccarsreport.com 'Full production of F-150 Lightning trucks begins at the high-tech Rouge Electric Vehicle Center' (Apr 26, 2022). This is start of full production; pre-production units rolled off in Sept 2021 — full SOP is the first-output event dated here.",,2020-09-15,2022-07-01,2022-04-26,"Ford Motor Co. will build a new, 500,000-square-foot electric vehicle manufacturing operation at the historic Ford Rouge Center, the automaker said Thursday (article dated September 17, 2020)",The Blue Oval is eyeing a mid-2022 launch of the first battery-electric version of the truck.,"Ford officially launched production of the F-150 Lightning all-electric pickup truck today at the Rouge Electric Vehicle Center in Dearborn, Michigan.",https://www.teslarati.com/ford-launches-f-150-lightning-production-at-rouge-electric-vehicle-center/,US,100M-or-200-jobs
100,2026-09-05T18:06:32Z,93,"Intel Ocotillo Fab 52 & Fab 62 (Chandler, AZ)",Semiconductors,AZ,2021-03,20000000000,3000,n/a,pending,RAMPING; Fab 52 (Intel 18A) ramping toward high-volume Panther Lake production expected later in 2025,-1.0,-1.0,P,"Build-out is two new factories on Intel's Ocotillo campus; the March 2021 release calls them ""two new factories (or fabs)"" and does not use the names Fab 52/Fab 62. Jobs figure is the over-3,000 permanent direct jobs; the release also cites over 3,000 construction jobs and ~15,000 local long-term jobs, which are excluded. Status source (aztechcouncil, Oct 2025) covers only Fab 52; per the lead summary Fab 62 follows roughly a year behind, but the sources do not date it.",https://www.businesswire.com/news/home/20210323006103/en/Intel-Announces-Major-Expansion-in-Arizona,https://www.aztechcouncil.org/intel-panther-lake-arizona/,"promise_source 403s to WebFetch and to a browser-UA curl; read via https://web.archive.org/web/20260610100844/https://www.businesswire.com/news/home/20210323006103/en/Intel-Announces-Major-Expansion-in-Arizona (original refuses direct fetch). March 2021 release states no promised first-output/production date, only that construction begins immediately, so promised_first_output is n/a. Status source (Oct 2025) confirms only Fab 52 ramping toward high-volume production later in 2025 and does not confirm a first-output date, so actual_first_output is pending.",,2021-03-15,,,"On March 23, 2021, the company announced the investment and said it expects to begin planning and construction activities this year.",Planning and construction activities are expected to begin immediately.,ramping toward high-volume Panther Lake production ... at its Ocotillo plant in Chandler later this year,,US,100M-or-200-jobs
101,2026-09-05T18:08:33Z,94,Lamb Weston American Falls French Fry Line Expansion,Food and Beverage,ID,2021-07,415000000,130,2023,2024-07,"OPERATIONAL; expanded french fry line grand opening (ribbon-cutting) July 30, 2024",3.0,1.0,P,"New french fry line raises facility capacity ~40% (to >350M lbs/yr of frozen product); plant originally built 1961. Announced alongside a greenfield China plant and Russia JV expansion. Status source (PotatoPro, republishing Idaho State Journal, published Aug 12, 2024) reports the ribbon-cutting/grand opening on July 30, 2024.",https://www.foodbusinessnews.net/articles/19180-lamb-weston-to-invest-415-million-in-facility-upgrades,https://www.potatopro.com/news/2024/lamb-weston-celebrates-grand-opening-expanded-french-fry-manufacturing-line-american,"promise_source 403s to WebFetch; read via curl with browser user agent (step 2). Status source: article is dated Aug 12, 2024 but states the ribbon-cutting/grand opening occurred July 30, 2024 (used as actual_first_output); lead summary's 'Aug 12, 2024' is the article publication date, not the opening. Jobs (~130) and capital ($415M) come only from the promise source; status source states neither.",,2021-07-15,2023-07-01,2024-07-15,"Jul 26, 2021 ... Lamb Weston Holdings, Inc. has announced plans to invest $415 million to modernize its french fry processing plant in American Falls, Idaho.",Construction of the new line is expected to be completed by mid-2023 and will add approximately 130 new jobs.,"at the ribbon-cutting ceremony of Lamb Weston's newest facility in American Falls on July 30. (Courtesy of Lamb Weston) August 12, 2024",,US,100M-or-200-jobs
102,2026-09-05T18:09:37Z,95,Nucor Rebar Micro Mill Frostproof,Steel,FL,2018-03,240000000,250,2020,2020-12,PRODUCING; operating since December 2020,2.8,0.5,P,"~350,000 tons/yr rebar capacity; ~$66,000 average annual salary. Rebar contains nearly 100 percent recycled content.",https://www.prnewswire.com/news-releases/nucor-to-build-rebar-micro-mill-in-florida-300612204.html,https://www.steelorbis.com/steel-news/latest-news/nucor-starts-operations-at-rebar-micro-mill-in-florida-1179624.htm,"No explicit promised first-output date in the announcement; promised_first_output=2020 derived from 'construction is expected to take two years' (from March 2018). Status source gives no exact start date, only that the mill 'has begun operating' as of its 30 December 2020 publication; actual_first_output=2020-12 reflects that.",,2018-03-15,2020-07-01,2020-12-15,"CHARLOTTE, N.C., March 12, 2018 /PRNewswire/ -- Nucor Corporation (NYSE: NUE) announced today that it will build a rebar micro mill in Frostproof, Florida, which is located in Polk County.","Construction is expected to take two years, pending permit and regulatory approvals.","US-based steel producer Nucor Corporation has announced that its new rebar micro mill in Frostproof, Florida, has begun operating. (SteelOrbis, published 30 December 2020)",,US,100M-or-200-jobs
103,2026-09-05T18:12:46Z,96,Nissin Foods Piedmont Plant (Greenville County),Food and Beverage,SC,2023-11,228000000,300,2025-08,pending,PRE-PRODUCTION; actively hiring toward planned Aug 2025 startup,-1.0,-1.0,P,"Instant-noodle plant (Cup Noodles, Top Ramen, Cup Noodles Stir Fry) at 1170 Bracken Road, Piedmont. As of Nissin's Jan 29, 2025 hiring-event story the facility was recruiting staff and had not yet opened; no press report confirming first production was located.",https://governor.sc.gov/news/2023-11/nissin-foods-expands-us-footprint-establishing-operations-greenville-county,https://www.nissinfoods.com/story/nissin-foods-usa-hosts-weeklong-hiring-event-in-greenville-south-carolina/,"Lead status_source (talentify.io job listing) returned HTTP 504 on WebFetch and curl and has no Wayback snapshot; status confirmed instead via Nissin Foods' own Jan 29, 2025 hiring-event story, which is cited as status_source.",,2023-11-15,2025-08-15,,"S.C. Governor Henry McMaster news release dated November 9, 2023: ""Nissin Foods expands US footprint by establishing operations in Greenville County""",Operations are expected to be online in August 2025.,We can't wait for what's ahead as we officially open our Greenville facility later this year!,,US,100M-or-200-jobs
105,2026-09-05T18:16:55Z,97,GlobalFoundries Fab 8.2 Malta,Semiconductors,NY,2021-07,1000000000,1000,tbd,pending,"DEFERRED; construction not started, site-plan approval extended to July 26, 2027",-1.0,-1.0,P,"Second fab (Fab 8.2) at the Fab 8 campus in Malta, Saratoga County, NY, announced alongside a separate $1B expansion of the existing Fab 8. A Nov 20, 2024 $1.5B CHIPS grant supports a ~$13B NY/Vermont expansion that includes this second fab; no production date given. As of the May 28, 2025 Malta Planning Board minutes, Fab 8.2 remains deferred and site-plan approval was extended to July 26, 2027.",https://investors.gf.com/news-releases/news-release-details/globalfoundries-plans-build-new-fab-upstate-new-york-private,http://www.townofmaltany.gov/Archive.aspx?ADID=2786,"Capital: no dollar figure was given for the new fab itself at announcement; the only capital figure in the July 19, 2021 release is $1B, stated there as the immediate investment in the EXISTING Fab 8 (to add 150,000 wafers/yr). Used $1,000,000,000 as the sole announcement-era figure; the job floor is also independently cleared by 1,000 direct jobs. Later $13B NY/Vermont figure (Times Union, Nov 20, 2024) excluded per re-announcement discipline. promise_source timed out on WebFetch and returns HTTP 403 to curl; read via web.archive.org snapshot https://web.archive.org/web/20250930120743/https://investors.gf.com/news-releases/news-release-details/globalfoundries-plans-build-new-fab-upstate-new-york-private . No promised first-output date stated in any source, so promised_first_output=tbd.",https://www.timesunion.com/business/article/globalfoundries-signs-chips-contract-second-malta-19931710.php,2021-07-15,,,"Malta, New York, July 19, 2021 – GlobalFoundries (GF), the global leader in feature-rich semiconductor manufacturing, today announced its expansion plans for its most advanced manufacturing facility in upstate New York over the coming years. These plans include ... construction of a new fab on the same campus that will double the site’s capacity.",tbd,"Jones stated for the Board that the request was to extend the current project approval expiration from July 26, 2025 to July 26, 2027. Jones noted that the lack of ability to bring Fab 8.2 to fruition was related to the local chip-fab market not being at a point where it made sense to expand the existing facility.",,US,100M-or-200-jobs
106,2026-09-05T18:18:11Z,98,"Aluminum Dynamics Flat Rolled Mill (Columbus, Mississippi)",Other,MS,2022-11,1900000000,700,2025-06,2025-06,"COMMISSIONING/RAMPING; three of four melt-cast units commissioned, producing 3000 series industrial coils; targeting 40-50% utilization by year-end 2025",2.6,0.0,P,"Greenfield recycled-aluminum flat-rolled mill in Columbus (Lowndes County), MS, built under Steel Dynamics' Aluminum Dynamics unit; ~650,000 tonnes/year finished capacity. Company expects to exit 2026 at ~75% capacity.",https://ir.steeldynamics.com/steel-dynamics-announces-planned-state-of-the-art-aluminum-flat-rolled-mill-site-selection/,https://www.aluminummarketupdate.crugroup.com/global-trade/aluminum-dynamics-ships-first-coil-from-mississippi-mill/,Other used; candidate new sector: Aluminum (rolled metals). Capital discrepancy: promise_source states $1.9B for the mill itself; lead summary cited ~$2.5B (later ~$2.7B) not stated in this source. Status source confirms first coil shipped in June (2025 from context) but does not date a first aluminum ingot; the lead's Jan 2025 first-ingot claim is not confirmed by the status source.,,2022-11-15,2025-06-15,2025-06-15,"Steel Dynamics Announces Planned State-of-the-Art Aluminum Flat Rolled Mill Site Selection (press release dated November 2, 2022)",The rolling mill is currently expected to begin operations in mid-2025,Aluminum Dynamics Inc. (ADI) shipped its first aluminum flat-rolled coils from its Mississippi mill in June.,,US,100M-or-200-jobs
107,2026-09-05T18:20:56Z,99,"Airbus A220 Final Assembly Line, Mobile (Mobile Aeroplex at Brookley)",Aerospace and Defense,AL,2018-10,264000000,430,2019 (second half),2019,"PRODUCING; delivered 100th Mobile-built A220 in July 2025, dedicated FAL open, expansion and hiring underway",0.7,-0.3,P,"The project involves a $264 million investment and the creation of over 430 jobs (promise_source). First delivery of a Mobile-assembled A220 was scheduled for 2020; dedicated final assembly line opened 2020. A220 is also assembled in Mirabel, Canada. As of July 2025 Airbus Mobile operations (A220 + A320) support more than 2,000 jobs. Groundbreaking dated January 2019 per lead summary.",https://www.madeinalabama.com/2019/08/how-airbus-is-going-wheels-up-in-alabama-with-a220-production/,https://alabamanewscenter.com/2025/07/25/airbus-delivers-100th-a220-from-mobile-facility-marking-milestone-for-alabamas-aerospace-industry/,"status_source returned HTTP 403 to WebFetch; read via curl with a browser user-agent (fetch ladder step 2). Announcement month not stated verbatim in the fetched sources: promise_source says only 'In late 2018, Airbus launched construction'; the specific October 2018 announcement month comes from the lead summary and is not confirmed by the two cited sources.",,2018-10-15,2019-10-01,2019-07-01,"In late 2018, Airbus launched construction on the second assembly line on its Mobile campus.","A220 production is planned to begin in the A320 facility in late 2019, with first delivery of a Mobile-assembled A220 aircraft scheduled for 2020.","Airbus launched A220 manufacturing at the Alabama facility in 2019 and opened a dedicated final assembly line for the aircraft at the Mobile Aeroplex at Brookley the next year, following a significant investment project.",,US,100M-or-200-jobs
108,2026-09-05T18:22:53Z,100,Enel 3Sun USA Solar Cell & Panel Factory (Port of Inola),Solar,OK,2023-05,1000000000,1000,2024-Q4,pending,"ON HOLD; project paused, Enel seeking a majority financial partner; no production",-1.0,-1.0,P,"Phase 1 planned at 3 GW with ~1,000 direct permanent jobs by 2025; potential Phase 2 would scale the factory to 6 GW and add ~900 more direct jobs (not summed into the anchor figures). Construction was expected to begin fall 2023 subject to permits/incentives. Announcement followed a $218.6M state incentive package signed by Gov. Stitt. Oct 2024 status: Enel spokesman confirmed the project was delayed (first reported by Reuters); 3Sun USA 'currently engaged in finding a majority financial partner'; state incentive funding not yet distributed.",https://www.prnewswire.com/news-releases/enel-selects-oklahoma-as-site-for-planned-solar-pv-cell--panel-manufacturing-facility-301830698.html,https://tulsaworld.com/news/local/business/article_83c28794-954e-11ef-a2d1-8f4cc665c72c.html,"status_source original URL 302-redirects to a Tollbit paywall block; read via web.archive.org snapshot http://web.archive.org/web/20250816162223/https://tulsaworld.com/news/local/business/article_83c28794-954e-11ef-a2d1-8f4cc665c72c.html (article by Michael Dekker, Oct 2024). Lead summary said first modules targeted for 2025, but promise_source states first panels 'by the end of 2024' — used the source.",,2023-05-15,2024-11-15,,"the company and its affiliate, 3Sun USA LLC, announced in May 2023",the first panels will be available to the market by the end of 2024,Plans for a large solar-panel manufacturing plant — described as the biggest economic development project in state history — remains on hold a year and a half after it was announced to much fanfare.,,US,100M-or-200-jobs
109,2026-09-05T18:23:41Z,101,Nestle Purina PetCare Factory Eden,Food and Beverage,NC,2020-09,450000000,300,2022,2024-03-26,"PRODUCING; official grand opening held March 26, 2024",3.5,1.7,P,"Repurposed 1.3M-sq-ft former brewery on 1,350 acres in Eden (Rockingham County), NC. Original announcement slated operations for 2022; grand opening and production reached March 2024. Jobs promised as 'more than 300 by 2024'; more than 300 positions created as of opening.",https://newscenter.purina.com/2020-09-30-Nestle-Purina-PetCare-Plans-to-Open-New-Factory-in-North-Carolina-to-Meet-Growing-Pet-Food-Demand,https://newscenter.purina.com/2024-03-26-Nestle-Purina-PetCare-Celebrates-Official-Grand-Opening-Of-New-Pet-Food-Factory-in-North-Carolina,,,2020-09-15,2022-07-01,2024-03-26,"an estimated $450 million investment to open a new factory in Eden, North Carolina","slated to begin operating in Eden, N.C. in 2022","Nestle Purina PetCare Celebrates Official Grand Opening Of New Pet Food Factory in North Carolina (March 26, 2024); ""we can now really get to work and produce many of our pet food brands""",,US,100M-or-200-jobs
110,2026-09-05T18:24:40Z,102,ExxonMobil Baytown Chemical Expansion (Vistamaxx/Exact + Elevexx units),Chemicals and Plastics,TX,2019-05,2000000000,200,2022,2023-09,"PRODUCING; both units started up Sep 2023, in full operation",4.3,1.2,P,"US$2B expansion adding a 400,000 tpy Vistamaxx/Exact performance-polymers unit and a 350,000 tpy Elevexx linear alpha olefins unit at Baytown, TX. The 2019 announcement cited ~2,000 construction jobs; the 2023 startup release states the project 'will directly employ 200 more people' when fully operational (direct permanent figure recorded).",https://www.hydrocarbonengineering.com/petrochemicals/02052019/exxonmobil-announces-us2-billion-chemical-expansion-project/,https://corporate.exxonmobil.com/news/news-releases/2023/0919_exxonmobil-expands-chemical-production-at-baytown,,,2019-05-15,2022-07-01,2023-09-15,"Thursday, 02 May 2019",expected to start up in 2022,"ExxonMobil today announced the startup of two new chemical production units at its Baytown, Texas, manufacturing facility. [release dated September 19, 2023]",,US,100M-or-200-jobs
111,2026-09-05T18:26:11Z,103,Green Bay Packaging New Recycled Paper Mill (Green Bay),Other,WI,2018-06,500000000,200,2021,2021-03-11,"PRODUCING; first reel March 11, 2021, inaugurated June 2021, ramping toward full capacity",2.7,-0.3,P,"New 100% recycled paper machine replacing a 1947 machine; described as the first new paper mill in Wisconsin in over 30 years. Announcement also included a separate $25M shipping container division expansion (not counted here). WEDC offered ~$60M in state income tax credits. 200 = direct jobs promised statewide; 1,100+ Brown County jobs cited are preserved, not new, and ~3,000 regional/135 indirect jobs are not direct.",https://inwisconsin.com/blog/green-bay-packaging-inc-announces-500-million-expansion/,https://gbp.com/newsroom/green-bay-packaging-new-recycled-paper-mill-begins-production/,Other used; candidate new sector: Pulp and Paper (recycled paper mill). promise_source now 301-redirects to wedc.org homepage; read via web.archive.org snapshot http://web.archive.org/web/20251114052929/https://inwisconsin.com/blog/green-bay-packaging-inc-announces-500-million-expansion/ . No explicit promised production year stated; promised_first_output=2021 derived from 'take three years to build' (announced June 2018).,,2018-06-15,2021-07-01,2021-03-11,"GREEN BAY, WI. JUNE 12, 2018 – Green Bay Packaging Inc. today announced an investment of more than $500 million that includes a construction of a new recycled paper mill","The new mill, which will cost over $475 million and take three years to build, will last more than 50 years","Green Bay Packaging Inc. is proud to announce that the first reel of paper was produced at its new paper mill in Green Bay, WI on March 11, 2021.",,US,100M-or-200-jobs
112,2026-09-05T18:28:57Z,104,Ultium Cells Spring Hill (2nd US plant),Battery,TN,2021-04,2300000000,1300,2023 (second half),2024-03-21,"PRODUCING; converting Spring Hill cell lines to add LFP chemistry, commercial LFP production expected by late 2027",2.9,0.5,P,"JV of GM and LG Energy Solution; second US Ultium Cells plant, distinct from the first in Warren/Lordstown, Ohio. Per the July 14, 2025 update, the plant is operating (~1,300 employees) and existing cell lines are being converted to LFP, with commercial LFP production expected by late 2027.",https://investor.gm.com/news-releases/news-release-details/gm-and-lg-energy-solution-investing-23-billion-2nd-ultium-cells,https://news.gm.com/home.detail.html/Pages/news/us/en/2025/jul/0714-Ultium-Cells-upgrade-Tennessee-plant-low-cost-EV-battery-cell-production.html,"promise_source 403s to WebFetch and curl; read via web.archive.org snapshot http://web.archive.org/web/20241031204440/https://investor.gm.com/news-releases/news-release-details/gm-and-lg-energy-solution-investing-23-billion-2nd-ultium-cells/. Neither source states a specific first-output date; the July 2025 status source shows the plant operating, so actual_first_output = unconfirmed (produced, date unknown). Resolved: first output dated 2024-03-21 from actual_date_source. GM Authority (trade press) dates first cell output. Corroborated by electrive.com (first cells 'produced in series', 3 Apr 2024) and KED Global ('begun mass production', 2 Apr 2024). The same article says the plant 'began its initial production operations late last year' (late 2023) but gives no date for it; the only exact-dated first-output milestone is the 2024-03-21 first cell shipment. gmauthority read via curl with browser UA (WebFetch returned 403).",,2021-04-15,2023-10-01,2024-03-21,"NASHVILLE, Tenn., April 16, 2021 /PRNewswire/ -- ... Ultium Cells LLC, a joint venture of LG Energy Solution and General Motors, today announced a more than $2.3 billion investment to build its second battery cell manufacturing plant in the United States.","Construction on the approximately 2.8 million-square-foot facility will begin immediately, and the plant is scheduled to open in late 2023.","The first battery cell shipment was made on Thursday, March 21st, 2024.",https://gmauthority.com/blog/2024/04/ultium-cells-spring-hill-begins-battery-cell-shipments/,US,100M-or-200-jobs
113,2026-09-05T18:30:07Z,105,First Solar Lake Township Ohio module factory,Solar,OH,2021-06,680000000,500,2023 (first half),2023-Q1,PRODUCING; ramping toward full nameplate capacity 2024 into early 2025,1.7,-0.1,P,"Third U.S. facility, adding 3.3 GWdc annual capacity in northwest Ohio; 1.8 million-square-foot facility scaling the northwest Ohio footprint to 6 GWdc total. Full nameplate capacity expected in 2025 per initial announcement. Status source (2024 results) confirms producing/ramping but does not date first output.",https://pv-magazine-usa.com/2021/06/09/first-solar-to-add-3-3-gw-of-capacity-in-a-new-680-million-ohio-factory/,https://www.ad-hoc-news.de/boerse/news/ueberblick/first-solar-stock-reacts-to-strong-2024-profit-jump-as-new-ohio-factory/69883382,"promise_source 403s to WebFetch; read via curl with browser user agent (step 2). Actual first-output date not stated by either source; status source confirms producing/ramping through 2024 into early 2025, so actual_first_output left as unconfirmed. Resolved: first output dated 2023-Q1 from actual_date_source. First Solar's own Q1 2023 Form 10-Q (period ended March 31, 2023) dates first output of the third Ohio (Lake Township) facility — the Series 7 module plant this row tracks. SEC 403s to plain WebFetch/curl; fetched via curl with an SEC fair-access User-Agent (step 2 of the fetching ladder). FY2023 10-K corroborates at year precision: 'During 2023, we commenced production of our Series 7 modules at our third manufacturing facility in Ohio.'",,2021-06-15,2023-04-01,2023-02-15,By David Wagman Jun 09 2021,The new facility is expected to start operations in the first half of 2023.,"During the three months ended March 31, 2023, we commenced commercial production of Series 7 modules at our third facility in Ohio, bringing our total installed nameplate module production capacity across all our Series 6 and Series 7 facilities to approximately 13 GW DC.",https://www.sec.gov/Archives/edgar/data/1274494/000127449423000010/fslr-20230331.htm,US,100M-or-200-jobs
114,2026-09-05T18:31:50Z,106,Novelis Bay Minette Aluminum Recycling & Rolling Plant,Other,AL,2022-10,2500000000,1000,2025,pending,"IN COMMISSIONING; cold mill commissioning expected next quarter (Q1 2026), full start-up scheduled 2H 2026; not yet at volume",-1.0,-1.0,P,"Greenfield low-carbon aluminum recycling and rolling mill, 600kt/yr finished-goods capacity for the beverage-can market. Initial announced cost $2.5B; per the Nov 2025 Hindalco earnings call the total project cost was revised upward to ~$5B (from $4B) — later re-announcements per one-project rule, not summed into promised_capital_usd.",https://investors.novelis.com/news-events/press-releases/detail/43/novelis-breaks-ground-on-2-5-billion-aluminum-recycling-rolling-plant,https://aluminiumtoday.com/news/cold-mill-at-bay-minette-to-be-commissioned-next-quarter,"Other used; candidate new sector: Aluminum (aluminum recycling/rolling; not steel). Anchor date uses the groundbreaking of Oct 7, 2022 stated in the promise release; lead summary says 'broke ground in May 2022' — release states October. status_source returned HTTP 403 to WebFetch; read via curl with browser user-agent over HTTP/1.1.",,2022-10-15,2025-07-01,,"Novelis Breaks Ground on $2.5 Billion Aluminum Recycling & Rolling Plant; groundbreaking held October 7, 2022",Commissioning of the facility is scheduled for mid-2025,"The cold mill at Novelis' Bay Minette, Alabama, facility is set to be commissioned next quarter ... with full start up scheduled for the second half of 2026",,US,100M-or-200-jobs
115,2026-09-05T18:34:10Z,107,Sustainable Beef LLC beef processing plant (North Platte),Food and Beverage,NE,2021-03,300000000,875,2023 (first half),2025-05-28,"IN FULL OPERATION; processing 1,500 head/day as of Feb 2026",4.2,2.2,P,"Greenfield beef processing plant on a former sewer lagoon south of North Platte's Newberry Access. Plant expected to process about 400,000 head of cattle a year supplied by subscribing Nebraska cattle producers.",https://nptelegraph.com/news/local/watch-now-city-leaders-cheer-sustainable-beef-llc-s-plan-to-open-875-job-meatpacking/article_764875c2-8852-11eb-8d88-ab7af8f73e28.html,https://www.knopnews2.com/2026/02/07/north-plattes-sustainable-beef-reaches-major-milestone/,"promise_source 302-redirects to a TollBit paywall proxy; read via web.archive.org snapshot (web/20250722222907). Capital discrepancy: lead summary says ~$400M but the promise source states 'nearly $300 million' repeatedly, so used $300M. Actual first-output date not stated in either source; status source (Feb 6 2026) confirms the plant is producing (1,500 head/day) but dates no first output, so token is 'unconfirmed'. Employee count of ~1,000 in lead summary not in either source (promise source promised 875). Resolved: first output dated 2025-05-28 from actual_date_source. First cattle processed 2025-05-28 (day-of coverage: KNOP, 'processed their first cattle Wednesday morning', article dated 2025-05-29; May 28 2025 was a Wednesday). Ribbon-cutting was earlier (Mar 24 2025) but production started May 28. Slipped from promised early-2023.",,2021-03-15,2023-04-01,2025-05-28,a nearly $300 million modern beef processing plant announced Thursday,"If completed as planned by early 2023, Sustainable Beef LLC's 875-employee plant would be North Platte's largest new employer since the 2003 dedication of the Walmart Distribution Center.","Nebraska's newest meat processing facility, Sustainable Beef LLC in North Platte, began processing cattle on May 28, according to local news outlet KNOP.",https://www.wlj.net/processing-begins-at-sustainable-beef-plant/,US,100M-or-200-jobs
117,2026-09-05T18:36:31Z,108,LG Energy Solution Queen Creek Battery Complex,Battery,AZ,2023-03,5500000000,2000,2025,pending,UNDER CONSTRUCTION (~60% complete); production expected summer 2026; hiring ramping,-1.0,-1.0,P,"Two-facility complex: cylindrical EV-battery plant ($3.2B, 27 GWh) + LFP pouch-type ESS-battery plant ($2.3B, 16 GWh), 43 GWh total. Promised first output 2025 for the cylindrical EV plant (per promise_source and LG release), 2026 for the ESS plant. Sources state $5.5B is nearly four times the initially-announced $1.4B investment (an expansion/re-announcement). Lead summary cited 53 GWh and an ESS pause; the read sources state 43 GWh total and do not mention any pause.",https://www.azcommerce.com/news-events/news/2023/3/lg-energy-solution-to-invest-55-billion-to-build-battery-manufacturing-complex-in-queen-creek/,https://www.abc15.com/news/business/lg-energy-solutions-queen-creek-battery-plant-nears-completion-hiring-ramps-up,"promised_jobs: sources give no exact figure (announcement says only 'thousands of jobs'); recorded 2000 as a conservative literal floor for 'thousands', pending Verify. Capital ($5.5B) independently clears the $100M floor. promise_source (azcommerce) returned HTTP 403 to WebFetch; read via curl with browser user-agent over HTTP/1.1 (step 2). promised_capital_usd uses the $5.5B March 2023 announced total; sources note this is ~4x an earlier $1.4B figure (no date given in sources for the initial announcement).",https://news.lgensol.com/company-news/press-releases/1613/,2023-03-15,2025-07-01,,"QUEEN CREEK, AZ (March 24, 2023) – LG Energy Solution (LGES) ... today announced it will invest a total of $5.5 billion to build a battery manufacturing complex in Queen Creek, Arizona.","The new cylindrical battery manufacturing facility aims to start mass production of 2170 cells in 2025, mainly for EV makers in North America.","Their manufacturing facility is about 60% complete, and so they anticipate starting production in summer of 2026",,US,100M-or-200-jobs
118,2026-09-05T18:38:20Z,109,Micron Manassas Fab Expansion,Semiconductors,VA,2018-08,3000000000,1100,n/a,2026-05,"PRODUCING; began 1-alpha DRAM at Manassas, full qualified production expected by end of 2026",7.7,-3.0,P,"2018 announcement was a $3B-by-2030 expansion of the existing Manassas memory fab, creating 1,100 jobs. The May 2026 status describes the start of 1α (1-alpha) DRAM production as part of a >$2B expansion (supported by $275M finalized CHIPS Act funding) to quadruple DDR4 wafer output; described as the most advanced memory made in the U.S., with full qualified production expected by end of 2026. Treated as the same Manassas site per one-site-one-project.",https://investors.micron.com/news-releases/news-release-details/micron-announces-investment-its-semiconductor-manufacturing,https://www.tomshardware.com/tech-industry/micron-begins-producing-americas-most-advanced-dram-at-its-virginia-fab,"promise_source 404s to WebFetch; read via web.archive.org snapshot http://web.archive.org/web/20251205070136/https://investors.micron.com/news-releases/news-release-details/micron-announces-investment-its-semiconductor-manufacturing . The 2018 announcement states no promised first-output date (it is an expansion of an already-operating fab), so promised_first_output is recorded as n/a. actual_first_output (2026-05) is from the status source's 'this week' phrasing at publication (23 May 2026), not an exact day.",,2018-08-15,,2026-05-15,"MANASSAS, Va., Aug. 29, 2018 (GLOBE NEWSWIRE) -- Micron Technology, Inc. , (NASDAQ:MU) today announced plans to invest $3 billion by 2030 to increase memory production at its plant in Manassas, Virginia, creating 1,100 new jobs roughly over the next decade.",n/a,"Micron announced this week that it has begun manufacturing 1α (1-alpha) DRAM at its Manassas, Virginia, facility. (Tom's Hardware, published 23 May 2026)",,US,100M-or-200-jobs
119,2026-09-05T18:41:09Z,110,Canadian Solar Module Factory Mesquite,Solar,TX,2023-06,250000000,1500,2023-Q4,2023-Q4,"PRODUCING; 5 GWp operating, expanding to 10 GWp (completion H2 2026)",0.4,0.0,P,"Investment stated as 'over $250 million'; ~1,500 jobs 'once fully ramped up'. Status source (SEC exhibit, 2026) confirms the 5 GWp Mesquite plant is operating and is being expanded to 10 GWp nameplate capacity with completion expected in the second half of 2026.",https://investors.canadiansolar.com/news-releases/news-release-details/canadian-solar-announces-us-module-manufacturing-facility,https://www.sec.gov/Archives/edgar/data/0001375877/000110465926101856/tm2623883d1_ex99-1.htm,"promise_source: WebFetch timed out and a direct curl returned HTTP 403; read via web.archive.org snapshot http://web.archive.org/web/20260819192347/ (the original 403s). Status source does not date first output or give an employee count, so the lead's 'operating since December 2023 / ~1,500 employees' claims are not confirmed by the cited sources; actual_first_output recorded as unconfirmed (producing, first-output date not stated). Resolved: first output dated 2023-Q4 from actual_date_source. Second source (pv-tech, published 2024-06-12) dates first output; the SEC status source only proves current operation. Fetched cleanly via WebFetch.",,2023-06-15,2023-11-15,2023-11-15,"GUELPH, ON , June 15, 2023 /PRNewswire/ -- Canadian Solar Inc. ... today announced that it is establishing a solar PV module production facility in Mesquite, Texas .",Production is expected to begin around the end of 2023.,"Production of modules at the Texas plant started in the fourth quarter of 2023, with the company in the process of ramping up production to reach full nameplate capacity by the end of the year.",https://www.pv-tech.org/canadian-solar-launches-5gw-topcon-module-assembly-plant-texas/,US,100M-or-200-jobs
120,2026-09-05T18:42:18Z,111,GSK Marietta Site Expansion (Lancaster County),Pharmaceuticals,PA,2024-10,800000000,200,2027-Q4,pending,"CONSTRUCTION/EXPANSION PHASE; drug-substance targeted end-2027, drug-product end-2028",-1.0,-1.0,P,"Up-to-$800M expansion of GSK's existing Marietta, PA pharmaceutical site: adds sterile-liquid vaccine/medicine drug-product capacity, an R&D pilot plant, and a new vaccines drug-substance facility; described as doubling the site. Construction expected to start by end of 2024 per the GSK release. Drug-substance facility targeted end-2027; drug-product end-2028.",https://us.gsk.com/en-us/media/press-releases/gsk-invests-up-to-800-million-in-pennsylvania-site-largest-manufacturing-investment-in-us/,https://biobuzz.io/news/gsk-ups-investment-to-2-billion-with-new-manufacturing-facility-in-pennsylvania/,"Status source headline cites ~$2B, but that is GSK's broader Pennsylvania total (this $800M Marietta expansion plus a separate $1.2B Upper Merion biologics facility); $800M Marietta figure used. The end-2027/end-2028 completion dates come from the promise_source (GSK release); the status_source did not restate them.",,2024-10-15,2027-11-15,,"October 24, 2024","the drug substance facility is anticipated to be operational by the end of 2027, with the drug product facility following by the end of 2028","as of the September 25, 2025 status source the project is in its construction/expansion phase; no first output reported",,US,100M-or-200-jobs
121,2026-09-05T18:43:23Z,112,Gotion Manteno Battery Plant,Battery,IL,2023-09,2000000000,2600,2024,2025 (first half),"PRODUCING on five lines; ~300 employees, targeting 450 by end-2025 and 1,400 in 2026",1.5,0.8,P,"Converted 1.5M-sq-ft former Kmart distribution center in Manteno (Kankakee County), 333 S. Spruce St. Plant to manufacture 40 GWh lithium-ion battery cells and 10 GWh battery packs. Products: EV batteries, energy-storage systems, mobile chargers. Received $536M in state incentives ($125M Invest in Illinois; $213M over 30 years via REV Illinois). 1,400 jobs figure for 2026 appears in the Shaw Local photo caption.",https://www.constructiondive.com/news/gotion-ev-lithium-battery-plant-manteno-illinois/693470/,https://www.shawlocal.com/daily-journal/2025/11/18/gotion-gives-updates-on-manteno-plant/,"Resolved: first output dated 2025 (first half) from actual_date_source. First output = commercial energy-storage products, the plant's first product line (before EV pack assembly in Sept 2025 and LFP cell production in early 2026). S&P Global autotechinsight (pub 2025-08-18) confirms it retrospectively as 'in the spring' 2025; Crain's Chicago Business (2025-03-06) had said production would begin 'later this month'. Kept the source's 'spring' precision as 2025 (first half). S&P page fetched via WebFetch (ladder step 1); Crain's body was paywalled/403 so read via web.archive.org snapshot 20250423192539.",,2023-09-15,2024-07-01,2025-04-01,"Published Sept. 13, 2023","Production is expected to begin next year, according to a state announcement.",The company initially launched the manufacturing of commercial-scale energy storage products in the spring with two assembly lines.,https://autotechinsight.spglobal.com/news/5283484/gotion-to-start-ev-battery-production-in-manteno-in-september-with-five-production-lines,US,100M-or-200-jobs
122,2026-09-06T21:02:16Z,113,"Avio USA Solid Rocket Motor Facility (Hurt, Pittsylvania County)",Aerospace and Defense,VA,2026-02,500000000,1000,unconfirmed,pending,SITE SELECTED; MEI incentive package pending Virginia General Assembly approval; no groundbreaking reported,-1.0,-1.0,P,"860,000-sq-ft solid rocket motor manufacturing facility. Avio USA (subsidiary of Italy's Avio S.p.A., est. Arlington, VA 2022). Eligible for up to $97.7M MEI special appropriation subject to General Assembly approval. James Syring, Avio USA CEO. Sources state neither a production start nor a construction start date.",https://vedp.org/press-release/2026-02/avio-hurt,https://thedefensepost.com/2026/02/25/avio-virginia-rocket-facility/,"Announcement-date discrepancy: VEDP press release dated February 23, 2026; The Defense Post article dated February 25, 2026; lead summary says February 27, 2026 (all February 2026). Neither source states a promised first-output or production/construction start date, so promised_first_output left unconfirmed.",,2026-02-15,,,"Avio USA Inc. — a subsidiary of leading global aerospace company Avio S.p.A — will invest approximately $500 million to establish an 860,000 square-foot manufacturing facility in the Southern Virginia Multimodal Park in Hurt, Virginia (VEDP press release dated February 23, 2026)",unconfirmed,pending,,US,100M-or-200-jobs
124,2026-09-06T21:03:46Z,114,Methanex Geismar 3 (G3) Methanol Plant,Chemicals and Plastics,LA,2019-07,1300000000,0,2022 (second half),2024-07,"PRODUCING; restarted May 1, 2025 after late-Feb 2025 unplanned outage",5.0,1.8,P,"1.8 million tonne/year methanol plant adjacent to Geismar 1 & 2 in Geismar (Ascension Parish), LA. FID cost stated as US$1.3-1.4 billion (including ~US$60M incurred to date); low end used. Impacted by an unplanned outage in late February 2025; restarted May 1, 2025. Geismar complex produced 3,330,000 tonnes in 2025 against 4.0 million tonne combined annual operating capacity.",https://www.methanex.com/news/methanex-announces-final-investment-decision-advantaged-geismar-3-project,https://www.sec.gov/Archives/edgar/data/886977/000162828026015362/a2025aif.htm,promise_source 404s live and to WebFetch; read via http://web.archive.org/web/20200930084310/https://www.methanex.com/news/... snapshot. Capital stated as a range US$1.3-1.4B; used low end 1300000000. No direct jobs figure stated in the FID release (promised_jobs set to 0); capital clears the $100M size floor on its own.,,2019-07-15,2022-10-01,2024-07-15,"Vancouver, British Columbia, July 19, 2019 (GLOBE NEWSWIRE) -- Methanex Corporation (TSX:MX) (NASDAQ:MEOH) announced today that its Board of Directors reached a unanimous final investment decision to construct a 1.8 million tonne methanol plant in Geismar, Louisiana",operations are targeted in the second half of 2022,"On July 30, 2024, the Company announced that the repairs to the Geismar 3 plant's autothermal reformer were complete and that first methanol was successfully produced in late July.",,US,100M-or-200-jobs
125,2026-09-06T21:04:56Z,115,"Corning Solar Ingot and Wafer Facility (Richland Township, Saginaw County)",Solar,MI,2024-02,900000000,1100,unconfirmed,2025-Q3,PRODUCING; ramping toward over 1 million wafers per day,1.5,-3.0,P,"Co-located on Corning's Hemlock polysilicon campus. Initial announcement ~$900M and over 1,100 direct jobs (Feb 27, 2024 Michigan Strategic Fund release); per lead summary later increased toward ~$1.5B and ~1,500 jobs (re-announcement/expansion, not summed per rule 4). Supplies wafers to U.S. solar manufacturers including Suniva and T1 Energy; described as the largest U.S. solar ingot/wafer facility.",https://www.michiganbusiness.org/press-releases/2024/02/corning/,https://www.solarpowerworldonline.com/2025/10/us-is-making-solar-wafers-again-at-cornings-michigan-plant/,"promise_source states no projected production start date, so promised_first_output left as unconfirmed. status_source (published 2025-10-29) does not give an exact first-output date; it states the plant was brought online per Corning's Q3 2025 earnings call and is currently producing, so actual_first_output recorded as 2025-Q3.",,2024-02-15,,2025-08-15,"Tuesday, February 27, 2024 press release: investment of up to $900 million in Saginaw County",unconfirmed,Corning announced in its Q3 earnings call that it has brought its Michigan silicon ingot and wafer factory online,,US,100M-or-200-jobs
126,2026-09-06T21:05:53Z,116,L3Harris Virginia Advanced Propulsion Facilities (Orange County),Aerospace and Defense,VA,2026-04,1265000000,350,unconfirmed,pending,"ANNOUNCED; early design/construction-planning stage, no facilities vertical yet",-1.0,-1.0,P,"Expected to more than double solid rocket motor (SRM) manufacturing space; 350+ direct jobs over five years. Neither source states a promised production/first-output date (Manufacturing Dive: 'a construction timeline was not disclosed'). Distinct from the earlier $41.2M five-facility project announced April 2024 (those facilities expected complete in 2026, supporting Javelin propulsion). Manufacturing Dive rounds the investment to $1.3B; press release states $1.265B.",https://www.l3harris.com/newsroom/press-release/2026/04/l3harris-announces-billion-dollar-expansion-orange-county-virginia,https://www.manufacturingdive.com/news/l3harris-technologies-orange-virginia-expansion-advanced-propulsion-facilit/817591/,,,2026-04-15,,,"ORANGE COUNTY, Va., April 15, 2026",unconfirmed,working with a sense of urgency to get these facilities vertical and new production lines humming,,US,100M-or-200-jobs
127,2026-09-06T21:08:23Z,117,USA Rare Earth Blacksburg Magnet Facility,Other,SC,2026-06,1200000000,490,2028-04,pending,"PRE-CONSTRUCTION; engineering and equipment procurement underway, site work to begin in coming months",-1.0,-1.0,P,"To be located in Bailey Industrial Park, Blacksburg (Cherokee County), SC. Sintered NdFeB permanent magnets and refined rare earth metals; targeted capacity 6,400 tpa NdFeB magnets and 5,000 tpa strip-cast/metal/alloy. Complements USAR's Stillwater, OK magnet facility. Press release cites commissioning in 2028; SC Commerce specifies April 2028.",https://investors.usare.com/news-releases/news-release-details/usa-rare-earth-selects-cherokee-county-south-carolina-new-rare,https://www.manufacturingdive.com/news/usa-rare-earth-invest-1b-blacksburg-south-carolina-magnet-factory-chips-act/821862/,"Other used; candidate new sector: Rare Earth Magnets & Metals (magnet/rare-earth-metal manufacturing fits none of the closed vocabulary). promise_source (investors.usare.com) blocked (WebFetch timeout, curl 403); read via web.archive.org snapshot 20260630013152, the original refuses automated clients.",https://www.sccommerce.com/news/usa-rare-earth-inc-selects-cherokee-county-first-south-carolina-operation,2026-06-15,2028-04-15,,"BLACKSBURG, S.C., June 02, 2026 (GLOBE NEWSWIRE) -- USA Rare Earth, Inc. (Nasdaq: USAR) ... today announced the selection of Cherokee County, South Carolina, as the site of a new magnet manufacturing and refined metals operation.",Operations are expected to be online in April 2028.,"Engineering work and equipment procurement for the Blacksburg facility is underway, with site work expected to commence in the coming months and commissioning targeted to begin in 2028.",,US,100M-or-200-jobs
128,2026-09-06T21:09:42Z,118,"Schwan's Company (CJ Foods) Asian-food plant, Foundation Park, Sioux Falls",Food and Beverage,SD,2024-05,550000000,600,2026,pending,UNDER CONSTRUCTION; targeted opening 2026,-1.0,-1.0,P,"Site first flagged in 2021; the state's first assistance agreement is dated Sept. 30, 2021, but the detailed 700,000-sq-ft facility investment was announced May 30, 2024. Described by the Governor's Office of Economic Development as the largest single private investment in South Dakota history. Company also opened a downtown Sioux Falls office with ~50 employees.",https://www.prnewswire.com/news-releases/schwans-company-and-state-of-south-dakota-announce-future-investments-in-sioux-falls-to-support-new-food-production-facility-302159947.html,https://southdakotasearchlight.com/2025/12/19/company-that-hired-states-former-head-of-economic-development-benefits-from-69-million-in-aid/,"The $550M capital figure comes only from status_source (SD Searchlight, Dec 19, 2025); the promise_source PRNewswire release states no dollar figure, only that this is a major South Dakota investment. status_source read via browser UA (curl --http1.1 step 2) after WebFetch 403'd. Date discrepancy vs lead summary: the lead summary said opening was targeted for mid-2027, but status_source (Dec 19, 2025) states the company 'hopes to open its Sioux Falls plant next year' (i.e. 2026).",,2024-05-15,2026-07-01,,"Schwan's Company, a leading U.S.-based food company and subsidiary of South Korea-based CJ Foods, announced today a decision to further invest in South Dakota with the purchase of a 142-acre site at Foundation Park for a 700,000 square-foot Asian-style food production facility. (PRNewswire release dated May 30, 2024)",The company hopes to open its Sioux Falls plant next year with 600 full-time jobs paying an average of $19 per hour.,The state funding is helping CJ Schwan's with the construction of a $550 million food production plant in Sioux Falls that will have an estimated 600 employees,,US,100M-or-200-jobs
129,2026-09-06T21:11:02Z,119,Cronus Chemicals Ammonia Plant Tuscola,Chemicals and Plastics,IL,2025-08,2000000000,130,unconfirmed,pending,"ANNOUNCED; pre-construction, construction not yet begun and groundbreaking imminent",-1.0,-1.0,P,"Long-planned since ~2014 with repeated delays; renewed EDGE tax credit agreement and Sept 2024 EPA construction/air permits let it move forward in 2025. 950,000 short tons/yr anhydrous ammonia with carbon capture (up to 90% CO2). About 40 months from groundbreaking to full production.",https://gov-pritzker-newsroom.prezly.com/governor-pritzker-announces-2-billion-investment-from-cronus-chemicals-llc-at-2025-farm-progress-show,https://www.farmweeknow.com/policy/state/construction-to-begin-on-tuscola-ammonia-plant/article_b92c047e-81c0-4dbc-9737-5e718cdce5e8.html,"No groundbreaking date is stated (construction had not yet begun per the Aug 27, 2025 status source), so the promised first-output year cannot be pinned; only ~40 months from an undated groundbreaking is given, so promised_first_output left as unconfirmed. promised_jobs (130) is below the 200 floor but the $2B capital clears the floor.",,2025-08-15,,,"FOR IMMEDIATE RELEASE: Tuesday, August 26, 2025 ... Today, Governor JB Pritzker and the Illinois Department of Commerce and Economic Opportunity (DCEO) announced a $2 billion investment from Cronus Chemicals LLC","Construction will take about 40 months, or 3.5 years, from groundbreaking to full production.","residents ""should have some real faith"" that construction will commence soon",,US,100M-or-200-jobs
130,2026-09-06T21:11:57Z,120,"IEM Advanced Manufacturing Campus, Brooks (San Antonio)",Machinery,TX,2026-08,200000000,3000,unconfirmed,pending,"ANNOUNCED; not yet under construction, phased development, timelines pending",-1.0,-1.0,P,"1 million sq ft plant producing custom power distribution and integrated control systems (remote power panels, switchgear, switchboards). State offered a $3.36M Texas Enterprise Fund grant tied to 448 of the jobs; 10-year tax abatement (~$1.55M) under negotiation. Jobs promised are up to 3,000 by 2030 across manufacturing, engineering, logistics and corporate roles.",https://www.globenewswire.com/news-release/2026/08/25/3350748/0/en/iem-announces-200-million-manufacturing-facility-in-san-antonio-creating-jobs-and-expanding-u-s-production-capacity-to-support-business-growth.html,https://www.axios.com/local/san-antonio/2026/08/25/san-antonio-iem-power-equipment-factory,"status_source (Axios) 403s to WebFetch; read via curl with browser user agent over HTTP/1.1. No production/first-output date stated in either source, so promised_first_output left as unconfirmed.",,2026-08-15,,,"IEM plans to build a $200 million advanced manufacturing campus at Brooks that is expected to create 3,000 jobs by 2030, the company said Tuesday. (dated August 25, 2026)","The facility will be developed in phases, with construction and hiring timelines to be announced in the coming months.","IEM is expected to release more details about construction and hiring in the coming months. (no groundbreaking yet as of Aug 25, 2026)",,US,100M-or-200-jobs
131,2026-09-06T21:13:00Z,121,JetZero Greensboro Aircraft Manufacturing Campus,Aerospace and Defense,NC,2025-06,4700000000,14500,2030,pending,"PRE-PRODUCTION; broke ground June 15, 2026 at Piedmont Triad International Airport, first-phase construction underway",-1.0,-1.0,P,"Blended-wing-body Z4 (250 passengers). Announced June 2025 at PTI, Greensboro. Construction to begin 2026; prototype flight targeted 2027; commercial deliveries early 2030s; full capacity ~20 planes/month by late next decade. Partnering with Siemens; conditional purchase agreements from Alaska and United Airlines.",https://www.manufacturingdive.com/news/jet-zero-north-carolina-aircraft-factory/750756/,https://governor.nc.gov/news/press-releases/2026/06/15/governor-stein-celebrates-jetzero-groundbreaking-launch-greensboro-airplane-makers-14500-job-project,,,2025-06-15,2030-07-01,,Aerospace startup JetZero unveiled plans on Thursday,The startup plans to deliver its first commercial aircraft by the early 2030s.,pending,,US,100M-or-200-jobs
132,2026-09-06T21:13:45Z,122,Smucker's Uncrustables Plant McCalla,Food and Beverage,AL,2021-11,1100000000,750,2025,2024-11,PRODUCING; plant opened Nov 2024,3.0,-0.6,P,"$1.1B facility at the JeffMet Industrial Complex in McCalla (Jefferson County), AL, built in three phases; 900,000-sq-ft manufacturing facility. Opened ahead of the 2025 production target.",https://www.madeinalabama.com/2021/11/j-m-smucker-to-build-1-1-billion-alabama-manufacturing-plant-with-750-jobs/,https://investors.jmsmucker.com/news/news-details/2024/The-J.M.-Smucker-Co.-Celebrates-Opening-of-the-Newest-Uncrustables-Manufacturing-Facility-in-McCalla-Alabama/default.aspx,"status_source confirms the Nov 7, 2024 opening but does not state employee counts; the lead's ~370-at-opening/ramp-to-700 figures are not verified by the cited sources",,2021-11-15,2025-07-01,2024-11-15,"November 18, 2021",with production commencing in 2025,"The J.M. Smucker Co. Celebrates Opening of the Newest Uncrustables Manufacturing Facility in McCalla, Alabama (November 7, 2024)",,US,100M-or-200-jobs
133,2026-09-06T21:16:08Z,123,Eli Lilly API Manufacturing Campus Huntsville,Pharmaceuticals,AL,2025-12,6000000000,450,2032,pending,"PRE-CONSTRUCTION; site selected, construction to begin 2026, completion targeted 2032",-1.0,-1.0,P,"Small molecule synthetic and peptide medicines, including oral GLP-1 orforglipron. Lilly's ninth U.S. manufacturing site announced since 2020. The 3,450-job figure in the release combines 450 direct high-value jobs with 3,000 construction jobs; only the 450 direct jobs are recorded here.",https://investor.lilly.com/news-releases/news-release-details/lilly-build-6-billion-facility-manufacture-active-pharmaceutical,https://governor.alabama.gov/newsroom/2025/12/governor-ivey-announces-pharmaceutical-giant-lilly-plans-6-billion-advanced-manufacturing-plant-in-huntsville/,"promise_source timed out/403 to WebFetch and curl; read via https://web.archive.org/web/20260522192117/https://investor.lilly.com/... (original loads for readers). Lilly release dates the announcement Dec. 9, 2025, not Dec 15 as the lead summary states (both 2025-12). Lilly release places the site in Huntsville, Madison County; lead summary said Limestone County. Source gives a 2032 completion target, not an explicit first-output date; used as best-supported promised date.",,2025-12-15,2032-07-01,,"INDIANAPOLIS, Dec. 9, 2025 /PRNewswire/ -- Eli Lilly and Company (NYSE: LLY) today announced plans to invest more than $6 billion in a new manufacturing site","Construction, expected to begin in 2026, is anticipated to generate 3,000 construction jobs as the state-of-the-art facility is built. Completion is expected in 2032.",Construction is set to begin in 2026; no groundbreaking or first output has occurred as of the September 2026 status.,,US,100M-or-200-jobs
134,2026-09-06T21:16:59Z,124,LG Chem Cathode Plant Clarksville,Battery,TN,2022-11,3200000000,860,2025 (second half),pending,UNDER CONSTRUCTION; mass production targeted 2026 (slipped from H2 2025),-1.0,-1.0,P,"Broke ground Dec. 19, 2023 on the 420-acre Allensworth site in Clarksville (Montgomery County). NCMA high-nickel cathode plant. Status source reports first-phase investment ~$1.6B and mass production pushed to 2026 (from original H2-2025 target). No dated source confirms first output has begun as of the status source.",https://tnecd.com/news/governor-lee-commissioner-mcwhorter-announce-lg-chem-to-invest-more-than-3-billion-to-establish-manufacturing-operations-in-clarksville/,https://www.kedglobal.com/batteries/newsView/ked202312200013,,https://www.wsmv.com/2022/11/21/lg-chem-build-32-billion-cathode-plant-clarksville/,2022-11-15,2025-10-01,,"November 21, 2022",scheduled to be in production by the second half of 2025,"expected to embark on mass-production in 2026; groundbreaking held Dec. 19, 2023 with construction underway, so first output has not begun",,US,100M-or-200-jobs
135,2026-09-06T21:17:58Z,125,Texas Instruments LFAB2 Lehi,Semiconductors,UT,2023-02,11000000000,800,2026,pending,"UNDER CONSTRUCTION; production slated to begin 2026, no first output confirmed as of Sept 2026",-1.0,-1.0,P,Second 300mm analog/embedded fab (LFAB2) adjoining existing LFAB1 in Lehi; once completed the two Lehi fabs will operate as a single fab. $11B is the initial announced figure. Also states thousands of indirect jobs (excluded; only ~800 direct counted).,https://businessfacilities.com/texas-instruments-will-invest-11b-new-utah-fab/,https://www.ti.com/about-ti/company/ti-at-a-glance/manufacturing/lehi.html,promise_source (businessfacilities.com) 403s to WebFetch; read via step-2 curl browser user-agent over HTTP/1.1,https://www.ti.com/about-ti/newsroom/news-releases/2023/2023-02-15-texas-instruments-selects-lehi--utah--for-its-next-300-millimeter-semiconductor-wafer-fab.html,2023-02-15,2026-07-01,,"15 FEB 2023 | Manufacturing ... Published: February 15, 2023","Construction of the new fab is expected to begin in the second half of 2023, with production as early as 2026.","We are making progress on our new 300mm fab in Lehi, Utah (LFAB2).",,US,100M-or-200-jobs
136,2026-09-06T21:19:05Z,126,Absolics Glass Substrate Plant Covington,Semiconductors,GA,2022-11,600000000,400,2024-Q2,pending,"NOT AT VOLUME; equipment installed, produced mass-production samples, in customer qualification (AMD/AWS); mass production targeted end of 2026",-1.0,-1.0,P,"Glass-core substrate advanced-packaging plant in Covington, GA, developed with Georgia Tech; backed by $75M CHIPS Act funding plus ~$100M advanced-packaging R&D program. Original PR split $600M into Phase 1 ($240M, 140 jobs, small-volume) and Phase 2 ($360M, 270 jobs, high-volume). Promised Q2 2024 mass production has slipped repeatedly; as of Aug 2026 still in final qualification, now targeting end of 2026.",https://www.prnewswire.com/news-releases/absolics-breaks-ground-on-planned-600-million-manufacturing-site-in-georgia-for-breakthrough-semiconductor-material-301665192.html,https://www.tomshardware.com/tech-industry/manufacturing/glass-substrate-roadmap-examined,status_source (tomshardware) returned a JS/membership shell to WebFetch with no article body; read via step-2 browser-UA curl over HTTP/1.1. Promised date slipped from Q2 2024 to end-2026; actual first output not yet reached.,,2022-11-15,2024-05-15,,"Absolics Breaks Ground on Planned $600 Million Manufacturing Site in Georgia ... November 01, 2022",mass production in this facility is expected to start in the second quarter of 2024,"The company produced mass-production samples in the first quarter, began customer qualification that reportedly includes AMD and AWS, and is targeting mass production by the end of 2026.",,US,100M-or-200-jobs
137,2026-09-06T21:20:25Z,127,Hitachi Energy South Boston Power Transformer Facility,Machinery,VA,2025-09,457000000,825,2028,pending,"IN CONSTRUCTION; broke ground June 29, 2026",-1.0,-1.0,P,"Largest U.S. manufacturing site for large power transformers (heavy electrical equipment), classified Machinery. Largest economic development project in Halifax County history. Built at Hitachi Energy's existing South Boston campus (~850 current employees). Part of a larger ~$1B U.S. manufacturing investment announced previously.",https://www.wdbj7.com/2025/09/04/825-jobs-expected-with-new-hitachi-facility-south-boston/,https://www.hitachienergy.com/us/en/news-and-events/press-releases/2026/06/hitachi-energy-breaks-ground-on-the-nation-s-largest-facility-for-the-production-of-large-power-transformers-in-south-boston-virginia,,,2025-09-15,2028-07-01,,wdbj7.com story dated 2025/09/04 reporting the $457 million Hitachi Energy expansion in South Boston,Work on the expansion is going to begin later this year. It's expected be complete by 2028.,"Hitachi Energy breaks ground on the nation's largest facility for the production of large power transformers in South Boston, Virginia (groundbreaking June 29, 2026); under construction, production not yet begun",,US,100M-or-200-jobs
138,2026-09-06T21:21:56Z,128,Great Lakes Cheese Franklinville Plant,Food and Beverage,NY,2022-04,518000000,215,2025,2024-11,PRODUCING; limited production as of Sept 2025 after wastewater/pollution incident,2.6,-0.6,P,"$518M project in Franklinville/Farmersville, Cattaraugus County, NY, replacing the Cuba, NY facility; also retains 228 existing jobs. As of Sep 15, 2025 the plant had resumed 'limited production' following an Ischua Creek wastewater incident; neither source dates the plant's original first output.",https://esd.ny.gov/esd-media-center/press-releases/governor-hochul-announces-great-lakes-cheese-groundbreaking-518-million-plant-cattaraugus-county,https://www.wivb.com/news/local-news/western-new-york/cattaraugus-county/great-lakes-cheese-limited-production-resumes/,"status_source (WIVB) returns HTTP 403 to WebFetch; read via https://web.archive.org/web/20251013020105/ snapshot. Sources confirm the plant is producing but neither dates its first output, so actual_first_output is unconfirmed. Resolved: first output dated 2024-11 from actual_date_source. First output = first cheese made at Franklinville, Nov 2024 (mozzarella from milk received Nov 18, 2024). Distinct from packing operations that began Feb 2024, which is handling not cheese production. Olean Star, Nov 29 2024, loaded via WebFetch (step 1 of the ladder).",,2022-04-15,2025-07-01,2024-11-15,"Governor Hochul Announces Great Lakes Cheese Breaks Ground on $518 Million Manufacturing and Packaging Plant in Cattaraugus County (April 28, 2022)","The new plant will replace the existing facility in Cuba, New York, upon project completion in 2025","The first tanker loads of milk from local farms that were received Nov. 18 have been turned into Mozzarella cheese, Matt Wilkinson, Great Lakes Cheese vice president for Technology and Business Development, said Monday.",https://oleanstar.com/blog/2024/11/29/great-lakes-cheese-co-makes-first-cheese-at-franklinville-plant/,US,100M-or-200-jobs
140,2026-09-06T21:23:39Z,129,"GD-OTS Universal Artillery Projectile Lines (UAPL), Mesquite",Aerospace and Defense,TX,2024-05,500000000,0,unconfirmed,pending,NOT PRODUCING; as of the July 2026 report unable to produce any 155mm projectile parts meeting contract specification; GD-OTS committed $200M of its own money (~June 2026) and is unwinding its Repkon partnership,-1.0,-1.0,P,"Facility intended to help ramp 155mm output toward the Pentagon goal of 100,000 rounds/month (from ~24,000). Funded through Army supplemental appropriations FY2022-FY2023. ~June 2026 GD-OTS announced it would invest $200M of its own money and replace Repkon (Turkish) equipment with Deterrence Defense hardware.",https://thedefensepost.com/2024/05/30/us-army-ammunition-facility/,https://www.twz.com/land/new-500m-artillery-shell-plant-failed-to-produce-any-155mm-parts,"Sources state cost as 'over $500 million' / 'close to $500 million'; recorded 500000000. Lead summary's ~$576M figure is not stated in the two sources. No promised first-output date is given in either source, so promised_first_output recorded as unconfirmed. No direct-jobs figure is stated in either source; promised_jobs recorded as 0 (capital clears the size floor on its own).",,2024-05-15,,,"The US Army has inaugurated a major artillery ammunition parts production plant in Mesquite, Texas (article published May 30, 2024)","no promised first-output date stated in the sources; plant inaugurated May 2024 and 'designed to produce 30,000 rounds monthly'","the contractor has been unable to produce any projectile metal parts that meet contract specifications (as of March 2026; July 14, 2026 report)",,US,100M-or-200-jobs
141,2026-09-06T21:24:36Z,130,Boviet Solar Greenville NC,Solar,NC,2024-04,294000000,908,2025-Q1,2025-04-24,PRODUCING; Phase I module factory operational (ramped to 3 GW). Phase II PV cell factory under construction.,1.0,0.2,P,"Two-phase, ~$294M project promising ~908 jobs. Phase I module plant (521,468 sq ft) opened April 24, 2025, annual capacity 3 GW, ~300 jobs generated so far. Phase II PV cell factory (~600,000 sq ft, ~$100M, 3 GW P-Type/N-Type cells, 900+ additional jobs) began construction Jan 2025, completion targeted second half of 2026.",https://bovietsolar.com/boviet-solar-selects-north-carolina-for-first-north-american-production-facility,https://solarquarter.com/2026/01/12/boviet-solar-expands-u-s-manufacturing-with-greenville-facilities-boosting-domestic-solar-production-and-jobs/,,,2024-04-15,2025-02-15,2025-04-24,"San Jose, California, USA, April 26, 2024 — Boviet Solar Technology Co. Ltd. ... today announces its selection of Greenville, Pitt County, North Carolina",Official opening and mass production of the factory is scheduled for Q1 2025.,"began with the opening of its PV module manufacturing facility on April 24, 2025",,US,100M-or-200-jobs
142,2026-09-06T21:25:44Z,131,USG Corporation Orange Gypsum Plant,Other,TX,2026-05,1175000000,200,2028 (first half),pending,"ANNOUNCED; construction not yet begun, targeted operational by early 2028",-1.0,-1.0,P,"$650M initial project investment; $1.175B over the life of the project. Facility on a former International Paper mill site in Orange, TX (rezoned 2024). Qualified project under the Texas JETI program. 'Nearly 200 jobs' per sources, recorded as 200.",https://gov.texas.gov/news/post/governor-abbott-announces-usg-corporation-expansion-in-orange,https://www.manufacturingdive.com/news/usg-invest-1b-orange-texas-factory-drywall-gypsum/820348/,"Other used; candidate new sector: Building Materials (gypsum drywall/Sheetrock). Promised-date: the official May 2026 announcement disclosed no operational timeline; the 'early 2028' target is from earlier reporting cited within status_source, not the primary announcement. Minor date discrepancy: Gov. Abbott release dated May 14, 2026; ManufacturingDive dates the announcement May 15, 2026 (both May 2026).",,2026-05-15,2028-04-01,,"May 14, 2026 | Austin, Texas ... Governor Greg Abbott announced USG Corporation's expansion in Orange",earlier reporting indicated construction was 'set to begin as early as fall 2025' with operations 'by early 2028',No construction or operational timeline was disclosed; construction has not yet commenced,,US,100M-or-200-jobs
143,2026-09-06T21:26:55Z,132,"Lyten Lithium-Sulfur Battery Gigafactory (Reno AirLogistics Park, Stead)",Battery,NV,2024-10,1000000000,200,2027,never,"CANCELLED at Stead site (lease talks with Reno-Tahoe Airport Authority ended); Lyten disputes it cancelled, says Nevada commitment stands but timeline slipped after acquiring Northvolt assets — no new site or timeline",-2.0,-2.0,P,"Facility: 1.25M sq ft on 125-acre site, up to 10 GWh/yr at full capacity. Jobs: ~200 initially, growing to more than 1,000 at full capacity (200 used as direct-jobs figure). Reno-Tahoe Airport Authority says lease talks ended and the Stead site 'is not happening'; Lyten cited acquiring existing Northvolt facilities in Germany/Sweden/Poland as more capital-efficient than new construction.",https://lyten.com/2024/10/15/lyten-announces-plans-to-build-the-worlds-first-lithium-sulfur-battery-gigafactory-in-nevada/,https://mynews4.com/news/local/no-more-gigafactory-lyten-plan-to-build-lithium-sulfur-facility-in-reno-stead-falls-through,"Date discrepancy: promise_source (Lyten, 2024) says Phase 1 online in 2027; status_source (mynews4, Jan 2026) says first-phase operations were previously targeted for 2028. Cancellation disputed: Reno-Tahoe Airport Authority says lease talks ended and the Stead site 'is not happening'; Lyten says it did not cancel and its Nevada commitment stands, but no new site or timeline was given.",,2024-10-15,2027-07-01,,"Lyten Announces Plans to Build the World's First Lithium-Sulfur Battery Gigafactory in Nevada (October 15, 2024)",Phase 1 of the facility is scheduled to come online in 2027,We were unable to negotiate a lease with them...it is not happening.,,US,100M-or-200-jobs
144,2026-09-06T21:28:00Z,133,Regeneron Saratoga Springs biologics manufacturing facility,Pharmaceuticals,NY,2025-11,2000000000,1000,unconfirmed,pending,EARLY REDEVELOPMENT; not yet under active construction; 3-5 year projected buildout,-1.0,-1.0,P,"Former Quad Graphics printing plant (~1M sq ft) on Duplainville Road, Saratoga Springs. Approvals: negative SEQRA declaration and county master plan approved May 2026; phase one approved June 2026. Project also expected to support ~500 short-term design/construction jobs. No first-production date stated in sources; only a 3-5 year construction buildout estimate.",https://esd.ny.gov/esd-media-center/press-releases/governor-hochul-announces-regeneron-invest-more-2-billion-saratoga,https://www.dailygazette.com/spotlightnews/news/business/regeneron-builds-quad-graphics-saratoga-springs/article_636f8de2-fe9a-404c-8a70-0fa90ab5f897.html,"Sources state no promised first-output/production date; only a 3-5 year buildout timeline from the status source, so promised_first_output recorded as unconfirmed.",,2025-11-15,,,"November 13, 2025 Governor Kathy Hochul today announced that Regeneron Pharmaceuticals, a global leader in biotechnology founded in New York State, will create 1,000 new jobs as part of a $2 billion investment at its new facility in Saratoga Springs.",the redevelopment plan is projected to be three to five years long,Regeneron is now in the early stages of redeveloping 62.1 acres at 56 Duplainville Road,,US,100M-or-200-jobs
145,2026-09-06T21:28:48Z,134,"SkyWater Technology Fab, Discovery Park District (Purdue), West Lafayette",Semiconductors,IN,2022-07,1800000000,750,unconfirmed,never,CANCELLED; released land option April 2024 after not securing CHIPS funding; on long-term hold,-2.0,-2.0,P,"Public-private partnership with the State of Indiana and Purdue University, contingent on CHIPS Act federal funding. Indiana Economic Development Corp. had committed ~$70M in incentives, none claimed. As of April 2024 the project is on long-term hold with no definitive timeline.",https://www.skywatertechnology.com/skywater-plans-to-build-advanced-1-8b-semiconductor-manufacturing-facility-in-partnership-with-the-state-of-indiana-and-purdue-university/,https://www.ibj.com/articles/chip-maker-skywater-cancels-plans-for-indiana-plant-at-least-for-now,"promised_jobs (750) is stated only in the status_source (IBJ); the promise_source release states neither a job count nor a first-output date. Lead summary dates the announcement July 22, 2022; promise_source reads as July 20, 2022 (month 2022-07 unaffected).",,2022-07-15,,,build a $1.8 billion U.S. semiconductor R&D and production facility in Indiana (announced July 2022),no specific timeline for operational launch was disclosed in the announcement,SkyWater has released its option on the land ... the facility was never constructed,,US,100M-or-200-jobs
147,2026-09-06T21:30:26Z,135,Lucid AMP-1 Casa Grande,Auto Assembly,AZ,2019-12,700000000,4800,2020 (second half),2021-09-28,PRODUCING; building Lucid Air sedan and Gravity SUV; AMP-1 is Lucid's primary U.S. manufacturing site,1.8,1.0,P,"Initial announcement pledged over $700M total capital by mid-2020s, with over $300M in the first phase; later expanded to more than 3.85M sq ft per re-announcement rule. Groundbreaking ('ground-building' ceremony) held Dec 2, 2019 in Casa Grande (Pinal County), AZ.",https://www.prnewswire.com/news-releases/lucid-motors-marks-start-of-construction-at-arizona-electric-vehicle-factory-site-300967005.html,https://cleantechnica.com/2026/02/11/lucid-is-finishing-a-greenfield-ev-plant-for-the-next-phase-of-global-manufacturing/,"promised_jobs=4800 is the source's combined 'approximately 4,800 direct and indirect jobs by 2029'; the source does not break out direct-only jobs, so this figure overstates the direct-jobs count the schema asks for. actual_first_output left unconfirmed: the 2026 status source states the plant was 'completed in late 2020' and is in production, but does not explicitly date first vehicle output. Resolved: first output dated 2021-09-28 from actual_date_source. Lucid press release (SEC Ex-99.1) dated NEWARK, CA — September 28, 2021; 'today' = 2021-09-28. Company IR page was Access Denied and SEC.gov needed a declared user-agent, so fetched via curl with a contact-declaring UA per fetching.md ladder.",,2019-12-15,2020-10-01,2021-09-28,"Dec. 2, 2019",Production of the Lucid Air will begin in late 2020,"The first customer-quality Lucid Air luxury electric sedans rolled off the assembly line today during the event at AMP-1, which included a factory commissioning ceremony with Arizona Governor Doug Ducey.",https://www.sec.gov/Archives/edgar/data/1811210/000110465921120301/tm2128669d1_ex99-1.htm,US,100M-or-200-jobs
148,2026-09-06T21:33:40Z,136,Röhm Bay City MMA Plant,Chemicals and Plastics,TX,2021-06,,70,2024 (early),2025-03,AT VOLUME (full-scale operation; official opening 2026-06-05),3.7,1.0,P,"World-scale 250,000 t/yr (551 million lb/yr) MMA plant, first commercial deployment of Röhm's C2-based LiMA technology, integrated into OQ Chemicals' Bay City site. Groundbreaking Oct 27, 2022. Announcement release (Jun 30, 2021) stated mechanical completion planned for 2023; groundbreaking release (Oct 27, 2022) stated completion in early 2024. Status source states ~90 employed at the facility (vs 70 direct jobs promised at announcement).",https://www.roehm.com/en/detail/rohm-to-build-mma-plant-on-us-gulf-coast,https://www.roehm.com/en/detail/lima-technology-at-full-scale-operation-official-opening-of-rohm-s-bay-city-mma-plant,"Size floor not established from the given sources: no source states a plant-specific capital figure, so promised_capital_usd is omitted; the only dollar figure is Advent International's company-level PE investment ('Advent has invested approximately USD 1.6 billion... to support innovation and long-term growth at the company'), stated in the status source and echoed by trade press (Chemical Engineering explicitly notes this is Röhm-company-wide, not plant-specific), and the initial announcement and groundbreaking releases explicitly do not disclose plant capex. Promised direct jobs ~70 (<200 floor). Promised-date discrepancy: announcement release says mechanical completion 2023, groundbreaking release says completion early 2024 (used early-2024 per the dedicated promised_date_source). Plant is confirmed at full-scale operation but no source dates first output, so actual_first_output=unconfirmed (produced, date unknown). Resolved: first output dated 2025-03 from actual_date_source. Röhm's own 'Start of Production' release is dated 2025-03-24 (echoed same day by Chemical Engineering, 'announced the successful start of production'); this Nov 18 2025 release retrospectively dates the commissioning to March 2025. The June 2026 official-opening status source calls it 'just one year after its successful start-up', consistent with March 2025.",https://www.roehm.com/en/detail/rohm-and-oq-chemicals-break-ground-on-new-world-scale-methyl-methacrylate-production-plant-at-bay-city-texas,2021-06-15,2024-03-01,2025-03-15,"Jun 30, 2021","Once completed in early 2024, the new plant will produce 250,000 metric tons of MMA annually and create 70 direct jobs.","In March 2025, Röhm successfully commissioned its state-of-the-art plant in Bay City (Texas, USA) featuring the company's proprietary LiMA (""Leading in Methacrylates"") C2 technology for the production of methyl methacrylate (MMA).",https://www.roehm.com/en/detail/bay-city-plant-utilizing-lima-technology-reaches-75-production-capacity,US,100M-or-200-jobs
149,2026-09-06T21:35:27Z,137,Isuzu Greenville County Truck Assembly Plant,Auto Assembly,SC,2025-02,280000000,700,2027,pending,"UNDER CONSTRUCTION; groundbroke Oct 2025, production targeted 2027",-1.0,-1.0,P,"First U.S. production base, on ~200+ acre site on Augusta Road, Piedmont, Greenville County, SC. Will run production lines for N-Series Gas, N-Series Electric, and F-Series Diesel trucks; company seeks 50,000 trucks/yr capacity by 2030. Facility is a modification of an existing ~1M-sq-ft building.",https://governor.sc.gov/news/2025-02/isuzu-selects-greenville-county-establish-its-new-united-states-production-base,https://www.fleetowner.com/equipment/article/55320900/isuzu-breaks-ground-on-280-million-south-carolina-manufacturing-facility,,,2025-02-15,2027-07-01,,"February 12, 2025",Operations are expected to begin in 2027,The ceremony marks the beginning of construction on a new Isuzu Trucks production facility,,US,100M-or-200-jobs
150,2026-09-06T21:37:34Z,138,"Hybar Steel Rebar Mill (Osceola, AR)",Steel,AR,2022-11,500000000,200,2025-06,2025-06,"PRODUCING; rolled first rebar ~June 2025, ramping toward full capacity",2.6,0.0,P,"Original Nov 1, 2022 announcement: ~$500M and 200 jobs. Investment later grew to ~$700M by the Aug 2, 2023 groundbreaking (financing incl. $330M in 25-year bonds; ~$1B total financing per CEO Stickler) and was described as the largest capital project in Arkansas history — treated as re-announcements per rule 4, not summed into promised_capital_usd. A separate ~$800M second Hybar mill mentioned in the status article is a different project.",https://www.arkansasedc.com/news-events/newsroom/detail/2022/11/01/highbar-llc-announces-arkansas-site-selected-for-first-rebar-mill,https://www.arkansasbusiness.com/article/solar-powered-hybar-steel-begins-rebar-production-plans-second-mill/,"status_source (arkansasbusiness.com) 403s on default WebFetch; read via curl with a browser user agent (ladder step 2). No source gives an exact first-rebar date: the status article is dated 2025-06-23 and states the interview was 'a week after Hybar announced making its first rebar' (~June 2025); the lead summary's May 28, 2025 date is not confirmed by these sources. No source states an explicit promised production-start date — promised_first_output (~2025-06) is derived from the status article's '22-month countdown' from the Aug 2023 founding; the Nov 2022 and Aug 2023 releases give no production date. Nov 2022 release says '200 direct and indirect jobs'; the Aug 2, 2023 release states all 200 are direct.",https://www.arkansasedc.com/news-events/newsroom/detail/2023/08/02/hybar-begins-construction-on-steel-rebar-mill-in-northeast-arkansas-to-create-200-high-paying-jobs,2022-11-15,2025-06-15,2025-06-15,"November 1, 2022 (Osceola, Arkansas) –","When CEO Dave Stickler and his partners founded Hybar Steel in August 2023, they promised a 22-month countdown to three ambitious goals","Arkansas Business sat down with Stickler remotely this month, just a week after Hybar announced making its first rebar",,US,100M-or-200-jobs
151,2026-09-06T21:38:18Z,139,Envision AESC Gigafactory Bowling Green (Kentucky Transpark),Battery,KY,2022-04,2000000000,2000,2027,pending,UNDER CONSTRUCTION; not yet producing (infrastructure work continuing as of June 2025),-1.0,-1.0,P,"30GWh EV battery cell/module gigafactory, ~3M sq ft. As of June 2025 the plant is not yet producing; company reaffirmed the $2B/2,000-job commitment. Sister AESC plant in Florence, SC had construction paused (separate site).",https://newkentuckyhome.ky.gov/Newsroom/NewsPage/20220413_EnvisionAESC,https://bgdailynews.com/2025/06/09/news_aesc061025/,"Sources give no explicit first-output date; promised_first_output token 2027 is read from the full-operation target ('powering up to 300,000 vehicles annually by 2027'), not a stated production-start date.",,2022-04-15,2027-07-01,,"FRANKFORT, Ky. (April 13, 2022) – Envision AESC, a world-leading Japanese electric vehicle battery technology company","powering up to 300,000 vehicles annually by 2027",We are continuing to move forward with infrastructure improvements on site,,US,100M-or-200-jobs
152,2026-09-06T21:39:15Z,140,"Merck Center of Excellence for Pharmaceutical Manufacturing, Elkton VA",Pharmaceuticals,VA,2025-10,3000000000,500,unconfirmed,pending,"UNDER CONSTRUCTION; broke ground Oct 20, 2025, not yet producing",-1.0,-1.0,P,"Center of Excellence: Active Pharmaceutical Ingredient and Drug Product investment supporting small molecule manufacturing and testing; ~400,000 sq ft. Sources also cite ~8,000 construction jobs. Lead summary describes this $3B/500-job plan as superseding a prior ~$2B/300-job plan and targets operations ~2028 / commercial ~2029, but neither cited source states any production timeline.",https://www.merck.com/news/merck-breaks-ground-on-3-billion-center-of-excellence-for-pharmaceutical-manufacturing-in-elkton-virginia/,https://www.pharmaceuticalcommerce.com/view/merck-begins-construction-pharmaceutical-center-of-excellence-virginia,Neither cited source states a promised production/first-output date; promised_first_output set to unconfirmed rather than inferring the 2028/2029 targets from the lead summary.,,2025-10-15,,,"RAHWAY, NJ, Oct. 20, 2025 – Merck (NYSE: MRK), known as MSD outside of the United States and Canada, announced today the start of construction for a $3 billion, 400,000-square-foot pharmaceutical manufacturing facility at its Elkton, Virginia, site.",unconfirmed,pending,,US,100M-or-200-jobs
153,2026-09-06T21:40:24Z,141,American Battery Factory LFP Gigafactory (Tucson),Battery,AZ,2023-10,1200000000,1000,2024,pending,"PRE-CONSTRUCTION; broke ground Oct 2023, awaiting construction financing (expected mid-2026), production slated late 2027",-1.0,-1.0,P,"$1.2B, 2M-sq-ft LFP battery-cell gigafactory on 267 acres at the Aerospace Research Campus, Pima County, south of Tucson. ABF has secured 4.5+ GWh of binding offtake covering most of the initial 5.5 GWh annual output; plans to scale to 15 GWh and an envisioned 20 GWh long-term. Original 2024 production target slipped to late 2027, attributed to tariffs on Chinese-made equipment. ~300 workers initially, ~1,000 at full buildout.",https://tucson.com/news/local/business/tucson-economy-jobs-green-battery/article_479ea306-6ecb-11ee-80b2-2b9b598fc646.html,https://currentcells.com/article/american-battery-factory-45gwh-offtake-arizona-lfp-2026/,"Neither source states the original project-announcement date; the announced anchor is set to the documented Oct 2023 groundbreaking month, so lag is measured from groundbreaking rather than first announcement. Promised first output read from status_source's mention of the 'original 2024 production target'; promise_source itself cites only phase-one construction completion by 2025, not a production date.",,2023-10-15,2024-07-01,,ABF broke ground in October 2023,pushing the original 2024 production target to late 2027,"Production is slated to begin in late 2027, with the factory reaching its full 5.5 GWh run rate the following year",,US,100M-or-200-jobs
154,2026-09-06T21:41:18Z,142,Chobani Allentown Dairy Campus,Food and Beverage,PA,2026-09,1200000000,900,unconfirmed,pending,"ANNOUNCED; KDP facility acquisition ($125M) underway, five-year buildout not yet started",-1.0,-1.0,P,"~$1.2B investment over five years to convert an acquired 1.5M-sq-ft Keurig Dr Pepper facility (purchased for $125M; plant first opened in 2021 under KDP) in Allentown, PA into a dairy campus producing high-protein/low-sugar milk and shakes, with up to 10 production lines. At full capacity expected to source 3B+ lbs of PA milk annually.",https://www.prnewswire.com/news-releases/chobani-begins-its-next-chapter-of-growth-with-approximately-1-2-billion-investment-in-allentown-pennsylvania-302865637.html,https://www.fooddive.com/news/Chobani-plant-investment-keurig-dr-pepper-growth/829283/,"Neither source states a target date for Chobani first output (only a five-year investment/buildout period), so promised_first_output set to unconfirmed. The 2021 opening is KDP's prior product under the same building, not this project's dairy conversion.",,2026-09-15,,,"Sep 01, 2026, 07:30 ET",unconfirmed,pending,,US,100M-or-200-jobs
156,2026-09-06T21:42:57Z,143,"Boeing Advanced Combat Air Facility (Brownleigh Site), St. Louis",Aerospace and Defense,MO,2023-11,1800000000,0,2026,pending,"UNDER CONSTRUCTION; exterior largely complete (roof, panels, hangar doors installed), not yet operational as of Jul 2026",-1.0,-1.0,P,1.1M-sq-ft advanced combat aircraft assembly campus operated by Boeing Phantom Works at north St. Louis County complex; received ~$155M in tax breaks from St. Louis County. Widely reported (unconfirmed by Boeing) as tied to the USAF NGAD/F-47 program; F-47 prototype first flight planned 2028.,https://www.newsweek.com/boeing-breaks-ground-new-advanced-combat-air-facility-1919025,https://aviationa2z.com/index.php/2026/07/10/inside-boeings-1-8-billion-secret-st-louis-factory/,Neither source states a job count (lead's ~500 figure not in either article); promised_jobs recorded as 0. Capital $1.8B clears the floor. Sources give only 'fourth quarter of 2023' for the groundbreaking/construction start and no separate announcement month; announced set to 2023-11 as the Q4 midpoint. promised_first_output uses Newsweek's facility completion 'by 2026'; no explicit first-production date is stated.,,2023-11-15,2026-07-01,,Boeing began construction of the site in the fourth quarter of 2023,expected to be completed by 2026,"Exterior work on the 102,000sq m (1.1 million sq ft) factory is now largely complete. The roof, exterior panels and hangar doors are all installed.",,US,100M-or-200-jobs
157,2026-09-06T21:43:43Z,144,"Johnson & Johnson Cell Therapy Manufacturing Facility (Spring House, PA)",Pharmaceuticals,PA,2026-02,1000000000,500,2031,pending,"ANNOUNCED; planned, construction not yet started",-1.0,-1.0,P,"Next-generation cell therapy (CAR-T) manufacturing at 1201 Sumneytown Pike, Lower Gwynedd Township (Spring House), Montgomery County, PA; focus on cell therapy treatments for cancer, esp. multiple myeloma. J&J release also cites 4,000+ construction jobs (not counted as direct). The 2031 date is stated as 'fully operational,' which may be later than first output.",https://www.jnj.com/media-center/press-releases/johnson-johnson-expands-u-s-footprint-with-more-than-1-billion-investment-in-next-generation-cell-therapy-manufacturing-facility-in-pennsylvania,https://www.inquirer.com/health/jj-johnson-pennsylvania-investment-cell-therapy-20260218.html,,,2026-02-15,2031-07-01,,"Published Feb. 18, 2026, 10:15 a.m. ET",expected to employ 500 people when fully operational in 2031,"The announcement describes this as a planned investment; construction not yet started as of Feb. 18, 2026",,US,100M-or-200-jobs
159,2026-09-06T21:45:55Z,145,OCI Beaumont Blue Ammonia Plant,Chemicals and Plastics,TX,2022-09,450000000,0,2025-Q1,2025-12,"PRODUCING; ~69% of 1.1 mtpa capacity, running without carbon capture",3.2,0.8,P,"World-scale 1.1 mtpa greenfield blue-ammonia plant in Beaumont, TX (expandable to 2.2 mtpa); EP contract to Maire Tecnimont Mar 2022. Linde building a $1.8B autothermal reformer for hydrogen and ExxonMobil to capture/store CO2; both not set to complete until 2027, so plant runs without carbon capture for now. Woodside Energy purchased the plant in 2024 (while under construction) for $2.35B; as of Aug 2026 Woodside launched a strategic review that may include a sale. C&EN estimates total build cost at ~$1B.",https://oci-global.com/news-stories/press-releases/oci-to-start-construction-of-new-world-scale-hydrogen-based-blue-ammonia-facility-in-texas-with-production-expected-in-q1-2025/,https://cen.acs.org/business/agriculture/ammonia-agriculture-woodside-yara-oci-global-cf-industries/104/web/2026/08,"Announcement dated 8 September 2022 in the press release, not 'early 2022' as the lead summary states. Capital discrepancy: press release cites OCI guidance of 'up to $450 million growth capex' (used here); C&EN (Aug 2026) estimates total build cost at ~$1 billion. Sources confirm the plant has produced (started up, running at 69% capacity) but neither states a first-output date, so actual_first_output=unconfirmed; the lead summary's 'late 2025' first ammonia and '2H 2026' blue-ammonia slip are not supported by either source. status_source returned HTTP 406 to WebFetch; read via curl with a browser user agent. Neither source states a direct-jobs figure, so promised_jobs recorded as 0 (capital clears the $100M floor). Resolved: first output dated 2025-12 from actual_date_source. First-output date is first ammonia production, dated by OCI's own 29 Dec 2025 press release (which the Aug-2026 C&EN status_source never dates). This is grey ammonia; blue ammonia (with the not-yet-complete CCS) is separately targeted for 2H 2026 per the same release, but the plant's first physical output of ammonia is Dec 2025. OCI page loaded via WebFetch; full sentence confirmed via curl with a browser user-agent.",,2022-09-15,2025-02-15,2025-12-15,8 September 2022,Targeted start of production in Q1 2025,"AMSTERDAM, 29 December 2025: OCI Global (Euronext: OCI) today announced that the Beaumont New Ammonia (BNA) facility in Beaumont, Texas has started production of ammonia following the completion of systems testing, marking a major project milestone.",https://oci-global.com/news-stories/press-releases/beaumont-new-ammonia-reaches-key-milestone-with-ammonia-production/,US,100M-or-200-jobs
160,2026-09-06T21:47:27Z,146,Bristol Myers Squibb Houston Manufacturing Campus (Generation Park),Pharmaceuticals,TX,2026-08,2300000000,500,tbd,pending,ANNOUNCED; planning/pre-construction stage as of Aug 2026,-1.0,-1.0,P,"~600,000 sq ft campus at Generation Park, northeast Houston; small molecules, biologics and antibody-drug conjugates; drug product and finished-goods manufacturing from late development through launch. In May 2026 BMS filed Texas government documents for a $1B, 600,000-sq-ft complex (with an option to expand) while considering several U.S. sites; the Aug 10, 2026 public announcement is $2.3B. ~2,000 construction/other indirect jobs projected 2027-2030. Part of BMS's $40B five-year U.S. investment plan revealed May 2025.",https://news.bms.com/news/corporate-financial/2026/Bristol-Myers-Squibb-Advances-U-S--Manufacturing-Investment-with-New-2-3-Billion-Campus-in-Houston-Texas/default.aspx,https://www.fiercepharma.com/manufacturing/bristol-myers-squibb-lays-out-plan-23b-manufacturing-facility-houston,"No production/first-output date stated in sources; only construction completion targeted for 2030, so promised_first_output set to tbd. Source discrepancy: an earlier May 2026 Texas government filing cited $1B/600,000 sq ft (with expansion option), while the Aug 10, 2026 public announcement is $2.3B (used). fiercepharma.com status_source 403'd to WebFetch; read via curl with browser user agent.",,2026-08-15,,,"By Kevin Dunleavy Aug 10, 2026 11:13am ... On Monday, BMS made it official in a statement",with plans to finish construction in 2030,pending,,US,100M-or-200-jobs
161,2026-09-06T21:48:18Z,147,Clasen Quality Chocolate Frederick County,Food and Beverage,VA,2025-02,230000000,250,unconfirmed,pending,ANNOUNCED; not yet in production,-1.0,-1.0,P,"Facility to make chocolate and confectionery coatings at Valley Innovation Park, Frederick County, VA. Youngkin approved a $3M Commonwealth's Opportunity Fund grant. Clasen's fifth location (three in Wisconsin, one in Nevada).",https://www.vedp.org/press-release/2025-02/clasen-quality-chocolate-frederick-county,https://virginiabusiness.com/new-230m-chocolate-factory-coming-to-frederick-county/,Neither source states a promised first-output/completion date (status_source notes the company declined to give a timeline); promised_first_output left unconfirmed. Lead summary's 'completion late 2030' and 107-acre land purchase are not stated in either cited source.,,2025-02-15,,,"Clasen Quality Chocolate announced on February 28, 2025 plans to invest $230 million to build a new production facility in Frederick County",Clasen did not immediately answer a request for comment on its construction timeline or the facility's expected opening date.,not yet producing; facility newly announced,,US,100M-or-200-jobs
162,2026-09-06T21:49:02Z,148,Joby Aviation Dayton Manufacturing Facility,Aerospace and Defense,OH,2023-09,500000000,2000,2025,2025-10,"PRODUCING; propeller-blade manufacturing began Oct 2025, ramping toward four aircraft/month by 2027",2.1,0.3,P,"Up to $500M and up to 2,000 jobs pledged on a 140-acre Dayton International Airport site to build eVTOL air taxis (target capacity up to 500 aircraft/year). Acquired a second Dayton-area facility (700,000+ sq ft) in Jan 2026 to double production.",https://www.jobyaviation.com/news/joby-selects-dayton-ohio-first-scaled-manufacturing-facility/,https://www.jobsohio.com/newsroom/ohio-success/joby-aviation-doubles-down-on-ohio-scaling-manufacturing-from-announcement-to-production,,,2023-09-15,2025-07-01,2025-10-15,"Joby Selects Dayton, Ohio for its First Scaled Manufacturing Facility (announced September 2023)",Construction of the scaled Ohio facility is expected to start in 2024 and it is expected to come online in 2025.,"By October 2025, Joby had moved from planning to production, launching propeller blade manufacturing at its Dayton facility.",,US,100M-or-200-jobs
163,2026-09-06T21:50:04Z,149,Hyundai Motor Group–SK On EV Battery Plant (Bartow County),Battery,GA,2022-12,4000000000,3500,2025,2026-06,"PRODUCING; early ramp, scaling up gradually",3.5,1.0,P,"Joint venture between Hyundai Motor Group and SK On, 35 GWh per lead summary. Status source (AJC, July 2026) reports total investment as $5 billion.",https://georgia.org/press-release/hyundai-motor-group-and-sk-build-ev-battery-facility-bartow-county,https://www.ajc.com/business/2026/07/sk-and-hyundai-open-new-5b-ev-battery-plant-northwest-of-atlanta/,Announcement stated a range 'approximately $4-5 billion'; recorded the lower bound ($4B) as promised_capital_usd. Status source later reports $5 billion total.,,2022-12-15,2025-07-01,2026-06-15,"Atlanta, GA – December 8, 2022 – Governor Brian P. Kemp today announced that",is aiming to begin operations in 2025.,South Korean conglomerates SK On and Hyundai Motor Group last month began initial production at their joint $5 billion battery factory in Bartow County,,US,100M-or-200-jobs
164,2026-09-06T21:51:29Z,150,PPG Loudon County Paint and Coatings Facility,Chemicals and Plastics,TN,2024-05,225000000,129,2026,pending,"UNDER CONSTRUCTION; construction began Aug 2024, completion targeted 2026; no first output confirmed",-1.0,-1.0,P,"PPG's first new U.S. manufacturing facility in ~15 years. Automotive OEM paints and coatings; 250,000+ sq ft; capacity ~11 million gallons/year. Announcement dated May 21, 2024 (TN ECD release URL).",https://www.tn.gov/ecd/news/2024/5/21/governor-lee--commissioner-mcwhorter-announce-ppg-to-construct-paint-and-coatings-facility-in-loudon-county.html,https://www.manufacturingdive.com/news/ppg-225-million-oem-paint-and-coating-facility-loudon-tennessee-ohio-mexico/717267/,"promise_source failed WebFetch (read ECONNRESET); read via curl with browser user agent (HTTP 200). actual_first_output is a sentinel (pending): sources confirm construction only, completion targeted 2026, no first-output date stated.",,2024-05-15,2026-07-01,,"Tennessee Gov. Bill Lee, Department of Economic and Community Development Commissioner Stuart C. McWhorter and PPG officials announced today the company has selected Loudon as the location of its newest paint and coatings manufacturing facility.",Construction is expected to begin in August and be complete in 2026,Construction is expected to begin in August and be complete in 2026,,US,100M-or-200-jobs
165,2026-09-06T21:52:22Z,151,Janicki Industries Great Falls Manufacturing Campus,Aerospace and Defense,MT,2026-06,800000000,1000,2027 (second half),pending,"UNDER CONSTRUCTION; broke ground July 10, 2026; first phase expected to open by end of 2027",-1.0,-1.0,P,"$800M campus, ~1.6M sq ft on 180 acres in AgriTech Park, Great Falls, MT, for advanced composites/precision machining/metal fabrication (aerospace, defense, space). 1,000 direct jobs promised within five years; total employment expected to exceed 2,000 once campus construction is complete.",https://news.mt.gov/Governors-Office/Gov-Gianforte-Announces-Janicki-Industries-Selects-Great-Falls-for-800-Million-Manufacturing-Facility,https://news.mt.gov/Governors-Office/Gov-Gianforte-Janicki-Industries-Break-Ground-on-800-Million-Manufacturing-Campus-in-Great-Falls,,,2026-06-15,2027-10-01,,"Governor Greg Gianforte today announced Janicki Industries selected Great Falls for the site of a $800 million manufacturing campus expected to create 1,000 good-paying jobs.",construction expected to begin in July 2026 and the first phase of the campus anticipated to open by the end of 2027.,Groundbreaking ceremony completed; construction underway,,US,100M-or-200-jobs
166,2026-09-06T21:54:02Z,152,"Waaree Solar Americas Brookshire, TX",Solar,TX,2023-12,1000000000,1500,2024-Q4,2024-12-20,PRODUCING; ramping - 1.2 GW+ new orders in Q1 FY25-26; U.S. capacity being doubled to 3.2 GW before end of 2025,1.0,0.1,P,"Initial 3 GW capacity targeted by end of 2024, scaling to 5 GW by 2027; 546,000-sq-ft factory. Status source (June 2025) confirms the Brookshire plant is producing modules (599 MW supply deal for 2026 delivery; 586 MW Pine Gate order) but does not date first output; the lead's 'Jan 2025 production start' is not stated in the readable sources, so actual_first_output left unconfirmed.",https://www.manufacturingdive.com/news/waaree-energies-first-us-site-houston-texas-solar-panels-ira/703096/,https://pv-magazine-usa.com/2025/06/11/waaree-solar-americas-announces-supply-agreement-for-599-mw-of-modules/,"status_source 403s to WebFetch; read via curl with browser user agent (HTTP 200). status_source confirms the plant is producing but does not date first output, so actual_first_output=unconfirmed. Resolved: first output dated 2024-12-20 from actual_date_source. First module (trial-production) dated by the Dec 20, 2024 company press release; commercial production at 1.6 GW followed Jan 22, 2025 (a later ramp event, not first output). Corroborated by pv-magazine-india (Dec 20, 2024).",https://www.solarpowerworldonline.com/2023/12/waaree-to-open-3-gw-solar-panel-manufacturing-factory-in-texas-in-2024/,2023-12-15,2024-11-15,2024-12-20,"India-based solar panel maker Waaree Energies is establishing its first U.S. solar module manufacturing site in Brookshire, Texas, the company announced today. (article dated December 21, 2023)",The 3-GW panel assembly factory should become operational by the fourth quarter of 2024.,"BROOKSHIRE, Texas, Dec. 20, 2024 /PRNewswire/ -- Waaree Solar Americas Inc., a wholly owned subsidiary of Waaree Energies Ltd., proudly announces the Trial-Production of its first solar module at its manufacturing facility in Brookshire, Texas.",https://www.prnewswire.com/news-releases/waaree-solar-americas-inc-marks-first-pv-module-production-ushering-in-an-exciting-new-chapter-for-us-domestic-solar-manufacturing-302337150.html,US,100M-or-200-jobs
167,2026-09-06T21:55:47Z,153,ONE Circle Battery Gigafactory (Van Buren Township),Battery,MI,2022-10,1600000000,2112,2024,pending,"DOWNSIZING; vacating majority of LFP plant space, pivoting away from automotive EVs; LFP cell pilot line continues",-1.0,-1.0,P,"Home-grown Michigan company (HQ Novi, founded 2020); first-ever cell/EV battery pack gigafactory at Crossroads Distribution Center, 659,589 sq ft, partnering with Ashley Capital; supported by a $215M state grant; campus planned to scale to 20 GWh within five years / by end of 2027.",https://www.michigan.gov/whitmer/news/press-releases/2022/10/05/whitmer-announces-new-jobs-and-investment-as-our-next-energy-builds-battery-manufacturing-campus,https://www.marklines.com/en/news/332923,"promise_source (michigan.gov) 403s to WebFetch; read via curl with browser UA over HTTP/1.1 (ladder step 2). status_source (marklines) is partially paywalled but its public text confirms ONE is vacating the majority of the LFP plant and the $1.6B/2,112-jobs commitment is uncertain (CEO statement Sept 16, 2025). No source read dates an actual first output; set to pending.",https://one.ai/news/onecircle,2022-10-15,2024-07-01,,"FOR IMMEDIATE RELEASE October 5, 2022",Beginning LFP Production in 2024,pending,,US,100M-or-200-jobs
168,2026-09-06T21:56:39Z,154,Genentech Holly Springs Manufacturing Facility,Pharmaceuticals,NC,2025-05,700000000,400,2029,pending,"UNDER CONSTRUCTION; topping-out Aug 18, 2026, operational expected 2029",-1.0,-1.0,P,"Initial announcement (May 12, 2025): >$700M and 400+ direct manufacturing jobs (plus 1,500+ construction). Later re-announcement (Jan 20, 2026) more than doubled the investment to ~$2B and raised direct manufacturing roles to 500+; per re-announcement discipline the anchor keeps the original $700M figure. Broke ground Aug 2025; topping-out ceremony Aug 18, 2026. Biologics plant for next-generation obesity/metabolic medicines; distinct from Fujifilm and Amgen Holly Springs sites.",https://www.gene.com/media/press-releases/15059/2025-05-12/roche-and-genentech-announce-new-north-c,https://www.biospace.com/press-releases/genentech-marks-topping-out-milestone-for-new-holly-springs-north-carolina-manufacturing-facility,,https://www.gene.com/media/press-releases/15096/2026-01-20/genentech-more-than-doubles-investment-i,2025-05-15,2029-07-01,,"Roche and Genentech Announce New North Carolina Manufacturing Facility, press release dated Monday, May 12, 2025",Set to be operational by 2029,"Structural framework completed; topping-out ceremony held August 18, 2026; construction ongoing",,US,100M-or-200-jobs
169,2026-09-06T21:58:34Z,155,Hilmar Cheese Company Dodge City Plant,Food and Beverage,KS,2021-05,460000000,247,2024,2025-03,"OPERATIONAL; grand opening March 2025, site now employs nearly 250",3.8,0.7,P,"Initial May 2021 announcement cited $460M capital and 247 direct new jobs at the facility, plus an estimated additional $550M and 750 jobs within a fifty-mile radius (regional, excluded per direct-only rule). By the March 2025 grand opening the site was reported at more than $600M and nearly 250 employees. Lead summary states groundbreaking Sept 2022 (not stated in cited sources).",https://www.refrigeratedfrozenfood.com/articles/100262-hilmar-cheese-building-new-processing-plant-in-dodge-city-kansas,https://www.kansascommerce.gov/2025/03/governor-kelly-celebrates-grand-opening-of-hilmar-cheese-companys-new-production-facility-in-dodge-city/,"Lead summary dates the announcement May 5, 2021; promise_source is dated and states May 7, 2021 (announced kept at 2021-05). promise_source 403s to WebFetch; read via curl with browser user agent. status_source dates the March 15, 2025 grand opening ('this past Saturday', published Mar 17, 2025) but gives no exact first-production date; actual_first_output set to that grand-opening month.",,2021-05-15,2024-07-01,2025-03-15,"Hilmar Cheese Building New Processing Plant in Dodge City, Kansas May 7, 2021 Kansas Governor Laura Kelly and Hilmar Cheese Company jointly announced the company's decision to build a new state-of-the-art cheese and whey protein processing plant in Dodge City, Kansas.",Hilmar is expected to break ground on the facility in the summer of 2021 and be fully operational in 2024.,"Governor Laura Kelly joined federal, state and local officials this past Saturday to officially mark the opening of Hilmar Cheese Company's new production facility in Dodge City, Kansas. (published Mar 17, 2025)",,US,100M-or-200-jobs
170,2026-09-06T21:59:28Z,156,Toyota Motor Manufacturing Texas San Antonio Expansion (Tacoma line),Auto Assembly,TX,2026-07,3600000000,2000,2030,pending,"PRE-CONSTRUCTION; site work to begin 2026, full operation targeted 2030",-1.0,-1.0,P,"$3.6B second vehicle assembly line (2.5M sq ft) to add Tacoma production alongside Tundra and Sequoia, shifting Tacoma from Baja California, Mexico. Total cumulative San Antonio investment reaches $8.3B since 2003 (not summed per re-announcement rule). Site workforce to grow to ~6,000-6,100. Capacity to rise from ~200,000 to ~350,000 vehicles/yr. Received $20M Texas Enterprise Fund grant and JETI program support.",https://www.foxbusiness.com/markets/toyota-invest-3-6b-plant-expansion-shift-tacoma-production-from-mexico-texas,https://constructionreviewonline.com/toyota-san-antonio-expansion-reaches-3-6-billion-with-tacoma-line/,"Announcement date discrepancy: Fox Business dates it July 7, 2026 while the Texas governor's release and constructionreviewonline date it July 6, 2026 (both resolve to 2026-07). No exact Tacoma first-output date disclosed by any source; actual_first_output=pending (pre-construction as of Sep 2026).",https://gov.texas.gov/news/post/governor-abbott-announces-toyota-expansion-in-san-antonio,2026-07-15,2030-07-01,,"July 6, 2026 per the press release header",Construction to begin this year with completion targeted for 2030,Construction to begin this year (2026); Tacoma production will gradually transition from Toyota's Baja California plant in Mexico over the next four years,,US,100M-or-200-jobs
171,2026-09-06T22:02:06Z,157,Eli Lilly API Manufacturing Campus - Generation Park (Houston),Pharmaceuticals,TX,2025-09,6500000000,615,2030,pending,"PRE-PRODUCTION; construction underway/beginning Aug 2026, shell buildings targeted end-2027, full completion ~2030",-1.0,-1.0,P,"Small-molecule/API facility (incl. orforglipron), the second of four new U.S. sites Lilly announced in 2025. Release states 615 direct high-wage jobs plus 4,000 construction jobs. ABC13 (Jul 27, 2026): current-phase filings total ~$378M across five shell buildings.",https://investor.lilly.com/news-releases/news-release-details/lilly-plans-build-new-65-billion-facility-manufacture-active,https://abc13.com/post/construction-begins-eli-lillys-65b-manufacturing-campus-generation-park/19585198/,promise_source (investor.lilly.com) refused WebFetch (ECONNRESET then timeout) and curl (HTTP 403); read via https://web.archive.org/web/20260505125346/https://investor.lilly.com/news-releases/news-release-details/lilly-plans-build-new-65-billion-facility-manufacture-active snapshot; the original blocks scraping.,https://gov.texas.gov/news/post/governor-abbott-announces-new-eli-lilly-manufacturing-investment-in-harris-county,2025-09-15,2030-07-01,,"INDIANAPOLIS , Sept. 23, 2025 /PRNewswire/ -- Eli Lilly and Company (NYSE: LLY) announced today that it plans to build a new $6.5 billion manufacturing facility at Generation Park in Houston, Texas .",It is expected to be operational within five years.,"Construction on several projects associated with pharmaceutical giant Eli Lilly and Company's planned $6.5 billion, 236-acre manufacturing site in Generation Park is either underway or set to begin in August",,US,100M-or-200-jobs
172,2026-09-06T22:03:04Z,158,Boeing South Carolina 787 Site Expansion (North Charleston),Aerospace and Defense,SC,2024-12,1000000000,500,2027 (first half),pending,"UNDER CONSTRUCTION; structural-steel phase, ~360,000 cu yd earth moved, completion targeted 2028",-1.0,-1.0,P,"Groundbreaking Nov 7, 2025. New ~1.2M-sq-ft final assembly building plus parts prep, vertical fin paint facility, Flight Line stalls and Interiors Responsibility Center additions to raise 787 output toward 10/month. Governor release (Dec 2024) stated 500 new jobs over five years and >$1B; Boeing's Nov 2025 groundbreaking release raised the jobs figure to 'more than 1,000 new jobs.' Promised online 'early 2027' per Dec 2024 release; P&C (Apr 2026) now reports completion targeted 2028.",https://governor.sc.gov/news/2024-12/boeing-commits-expand-charleston-county-operations,https://www.postandcourier.com/business/boeing-sc-north-charleston-787-dreamliner/article_046b0f82-c9f5-4f22-92df-95d4d9d71610.html,"Jobs discrepancy: initial Dec 12 2024 Governor release states 500 new jobs over five years; Boeing's Nov 2025 groundbreaking release and the lead summary state 'more than 1,000.' Used the initial-announcement figure (500) per re-announcement discipline.",https://boeing.mediaroom.com/2025-11-07-Boeing-South-Carolina-Breaks-Ground-on-787-Site-Expansion,2024-12-15,2027-04-01,,"Announcement Date: December 12, 2024",Operations are expected to be online in early 2027.,"No production has begun on this new second assembly line. The expansion is purely in construction phase, with completion projected for 2028.",,US,100M-or-200-jobs
173,2026-09-06T22:04:02Z,159,Air Products Louisiana Clean Energy Complex,Chemicals and Plastics,LA,2021-10,4500000000,170,2026,never,"CANCELLED (Jun 30, 2026); pretax charge of up to $2.9B, returns below criteria",-2.0,-2.0,P,"Blue hydrogen and ammonia complex with carbon capture near Burnside in Ascension Parish, LA; producing over 750 MMSCFD of blue hydrogen. Originally announced at $4.5B (Oct 2021); later scaled toward ~$8-9B (re-announcements per rule 4). Cancelled June 30, 2026 citing expected returns below stringent criteria and challenging commercial conditions.",https://www.airproducts.com/company/news-center/2021/10/1014-air-products-blue-hydrogen-clean-energy-complex-in-louisiana,https://www.energyconnects.com/news/renewables/2026/june/air-products-axes-massive-clean-energy-complex-in-louisiana/,promise_source 403s to WebFetch; read via step-2 curl browser user-agent (HTTP 200). Note: promise_source states 170 permanent jobs; promised_date_source (opportunitylouisiana.gov) reads '170 new direct jobs' per lead summary but 403'd to WebFetch so used company release figure.,https://www.opportunitylouisiana.gov/news/air-products-announces-4-5-billion-blue-hydrogen-clean-energy-complex,2021-10-15,2026-07-01,,"10/14/2021 | Baton Rouge, LA Louisiana Governor Edwards and Air Products Announce Landmark U.S. $4.5 Billion Blue Hydrogen Clean Energy Complex",The megaproject is expected to be operational in 2026.,Air Products and Chemicals Inc. is scrapping plans to develop a multibillion-dollar project in Louisiana that would have produced of hydrogen and captured carbon dioxide.,,US,100M-or-200-jobs
174,2026-09-06T22:04:56Z,160,Form Energy Form Factory 1 (Weirton),Battery,WV,2022-12,760000000,750,2024,2024-09,IN COMMERCIAL PRODUCTION,1.8,0.2,P,"55-acre greenfield iron-air (long-duration) battery plant. Facility opened for production September 2024 and is in active commercial production, fulfilling domestic and international orders (incl. Ireland); Crusoe AI-infrastructure storage contract beginning 2027; expansion planned through 2028.",https://formenergy.com/west-virginia-governor-jim-justice-announces-form-energy-will-site-first-american-battery-manufacturing-plant-in-weirton-creating-hundreds-of-jobs/,https://www.weirtondailytimes.com/news/local-news/2026/03/form-is-energizing-a-growing-number-of-projects/,,https://www.areadevelopment.com/newsItems/12-23-2022/form-energy-weirton-west-virginia.shtml,2022-12-15,2024-07-01,2024-09-15,"West Virginia Governor Jim Justice Announces Form Energy Will Site First American Battery Manufacturing Plant in Weirton (December 2022); areadevelopment dates the announcement December 23, 2022",Form Energy expects to start construction of its Weirton factory in 2023 and begin manufacturing iron-air battery systems in 2024 for broad commercialization,officially opened for production in September 2024,,US,100M-or-200-jobs
175,2026-09-06T22:05:48Z,161,International Paper Brandon Box Plant,Other,MS,2026-03,225000000,150,2027-Q4,pending,"PRE-CONSTRUCTION; broke ground May 20, 2026, construction to begin June 2026, operations targeted Q4 2027; not yet producing",-1.0,-1.0,P,"Greenfield corrugated box plant on an 80-acre site in East Metro Center Industrial Park, Brandon (Rankin County). Plant converts pre-made paper rolls into corrugated boxes; targeted 1.8 billion sq ft annual output after ramp-up. ~10 miles from IP's existing Richland box plant, which is expected to close in late Q1/early Q2 2028 with employees transferring to Brandon.",https://www.packagingdive.com/news/international-paper-to-build-225m-box-plant-in-mississippi/815335/,https://www.prnewswire.com/news-releases/international-paper-breaks-ground-on-new-sustainable-packaging-facility-in-rankin-county-mississippi-302781895.html,Other used; candidate new sector: Paper and Packaging (corrugated box manufacturing fits no listed sector). Jobs discrepancy: PRNewswire (official IP release) states 150 jobs; WLBT reports 120-130. Used 150 per the official release.,https://www.wlbt.com/2026/03/25/international-paper-build-225-million-facility-brandon/,2026-03-15,2027-11-15,,"Published March 20, 2026 ... International Paper plans to spend $225 million to construct a new 468,000-square-foot greenfield box plant in Brandon, Mississippi.","Construction is expected to begin in June 2026, with operations anticipated in the fourth quarter of 2027",pending,,US,100M-or-200-jobs
176,2026-09-06T22:07:01Z,162,"UBE C1 Chemicals America DMC/EMC Plant (Cornerstone Energy Park, Waggaman)",Chemicals and Plastics,LA,2024-02,500000000,56,2026 (late),pending,"UNDER CONSTRUCTION; groundbreaking early 2025, operations targeted late 2026",-1.0,-1.0,P,"$500M greenfield plant making DMC (100,000 t/yr) and EMC (40,000 t/yr) EV lithium-ion battery electrolyte chemicals; DMC also used in semiconductor manufacturing. Direct jobs cited as 56 (9 UCCA + 47 Cornerstone) at announcement; status source cites 50-60 full-time once operational. Feb 2025 UBE release refined the schedule to completion July 2026 and operations November 2026 (consistent with original 'late 2026').",https://www.opportunitylouisiana.gov/news/japanese-chemical-company-ube-announces-500-million-investment-to-build-louisiana-facility-to-serve-growing-ev-battery-market,https://evertiq.com/news/2025-03-10-ube-breaks-ground-on-500m-battery-material-plant-in-louisiana,"Groundbreaking date differs across sources: summary and UBE release (Feb 17, 2025) indicate Feb 2025; evertiq article (dated 2025-03-10) says March 2025. Promised first-output stated as 'late 2026' in the original announcement and refined to November 2026 in the Feb 2025 UBE release (consistent).",https://www.ube.com/ube/en/news/2025/0217.html,2024-02-15,2026-10-01,,"Announcement Date: February 29, 2024",Construction is scheduled for completion in mid-2026 with operations to begin in late 2026,Under construction (groundbreaking held; not yet operational); The plant is not yet producing,,US,100M-or-200-jobs
177,2026-09-06T22:08:12Z,163,"Redwood Materials Carolina Campus (Camp Hall, Berkeley County)",Battery,SC,2022-12,3500000000,1500,2023,2025-11,"PRODUCING; first operations online — critical-materials recovery begun (~20,000 t/yr initial); full anode/cathode manufacturing still to come",2.9,2.4,P,"Announcement (Dec 14, 2022) pledged $3.5B, 600+ acres, 1,500 jobs, eventual 100 GWh/yr anode/cathode capacity; ground broken Q1 2023 planned. First recycling was promised 'by the end of next year' (end of 2023) but first operations actually came online in Nov 2025.",https://governor.sc.gov/news/2022-12/redwood-materials-establishing-operations-berkeley-county-largest-economic-development https://www.redwoodmaterials.com/news/announcing-redwood-south-carolina/,https://www.redwoodmaterials.com/news/redwood-begins-critical-materials-recovery-in-south-carolina/,"Both redwoodmaterials.com pages 403'd to WebFetch; read via curl with browser UA over HTTP/1.1 (step 2). actual_first_output date not stated in prose; taken from the status article's publication date, 2025-11-06.",https://www.redwoodmaterials.com/news/announcing-redwood-south-carolina/,2022-12-15,2023-07-01,2025-11-15,"Today, we announce Redwood's next Battery Materials Campus, in the heart of the ""Battery Belt,"" just outside of Charleston, South Carolina. Dec 14, 2022",We plan to break ground on our Carolina Campus in Q1 2023 and have our first recycling process running by the end of next year.,"Now, we're bringing our first operations online at our South Carolina campus, adding an initial 20,000 metric tons of annual materials production.",,US,100M-or-200-jobs
178,2026-09-06T22:09:40Z,164,Mark Anthony Brewing Columbia (Richland County),Food and Beverage,SC,2020-11,400000000,300,2021 (summer),2021-11,"PRODUCING; grand opening May 12, 2022, more than 300 employees",1.0,0.4,P,"Greenfield brewery in Pineview Industrial Park, Columbia, making White Claw Hard Seltzer, Mike's Hard Lemonade and related brands. Initial announced investment $400M; final investment reported at ~$490M at the May 12, 2022 grand opening (same project, cost growth — not a separate expansion). >1M sq ft.",https://governor.sc.gov/news/2020-11/mark-anthony-brewing-building-400-million-facility-richland-county,https://www.postandcourier.com/columbia/business/columbia-white-claw-brewery-celebrates-opening-of-490m-facility/article_d8ebaff6-d224-11ec-879e-fb713c76c061.html,"status_source returned HTTP 429 to WebFetch; read via curl browser user agent (ladder step 2). actual_first_output: status_source says 'The first product left the brewery for stores in November' without stating the year; 2021 inferred from the May 12, 2022 grand-opening dateline (first product preceded the opening).",,2020-11-15,2021-07-01,2021-11-15,"November 10, 2020 COLUMBIA, S.C. – Mark Anthony Brewing today announced plans to build a new state-of-the-art brewery and production facility in Richland County.",the more than one million square-foot facility will be built at record speed and is expected to be fully operational by summer 2021,The first product left the brewery for stores in November,,US,100M-or-200-jobs
179,2026-09-06T22:10:45Z,165,Merck Wilmington Biotech,Pharmaceuticals,DE,2025-04,1000000000,500,2030,pending,"IN CONSTRUCTION; broke ground April 2025; lab targeted operational by 2028, investigational production by 2030 (not yet producing)",-1.0,-1.0,P,"470,000-sq-ft biologics center of excellence at Chestnut Run Innovation and Science Park (CRISP), a leased 164-acre former DuPont site. To make next-generation biologics and antibody-drug conjugates (ADCs). Plans call for future expansion including U.S. Keytruda production and up to an additional 1,500 full-time roles.",https://www.merck.com/news/merck-breaks-ground-on-new-1-billion-biologics-center-of-excellence-in-wilmington-delaware/,https://www.enr.com/articles/60678-merck-breaks-ground-on-1b-delaware-biologics-center,status_source (enr.com) 403s to WebFetch; read via curl with a browser user agent over HTTP/1.1,,2025-04-15,2030-07-01,,"Merck Breaks Ground on New $1 Billion Biologics Center of Excellence in Wilmington, Delaware (April 29, 2025)",with production of investigational compounds anticipated to start by 2030,"U.S. biopharmaceutical giant Merck announced the start of construction for a $1-billion, 470,000-sq-ft biologics center of excellence in Wilmington, Del.",,US,100M-or-200-jobs
180,2026-09-06T22:12:31Z,166,ENTEK Terre Haute Battery Separator Plant,Battery,IN,2023-03,1500000000,642,2025,pending,UNDER CONSTRUCTION; not yet producing,-1.0,-1.0,P,$1.5B is the original March 2023 announcement figure; a July 2024 status source (manufacturingdive) later cites total investment of $1.7B and a $1.2B DOE conditional loan (not summed into promised_capital_usd per re-announcement rule). Plan: four buildings ~1.4M sq ft; capacity to supply 1.4-1.6 million EVs annually by 2027. 340-acre greenfield site in Vigo County Industrial Park II.,https://entek.com/news/posts/entek-announces-location-of-first-lithium-battery-separator-plant-in-indiana-to-power-growing-domestic-electric-vehicle-market/,https://www.manufacturingdive.com/news/entek-1-billion-doe-loan-terre-haute-indiana-battery-separator-facility/720869/,"Promised production-date sources disagree: the March 2023 announcement says operations launch 'between 2025-2027' (promised_date_source says produce 'by 2027'), while the July 2024 status source targets 'the second half of 2025'; token set to 2025. Capital also differs: $1.5B original announcement vs $1.7B total investment cited July 2024. No source read states a Q4 2026 target or a $1.3B DOE direct-loan close.",https://www.manufacturingdive.com/news/entek-battery-lithium-separator-facility-terre-haute-indiana/645694/,2023-03-15,2025-07-01,,"Mar 22, 2023",launch its Indiana operations between 2025-2027,production to start by the second half of 2025,,US,100M-or-200-jobs
181,2026-09-06T22:14:14Z,167,BMW Plant Spartanburg EV Assembly,Auto Assembly,SC,2022-10,1700000000,300,2026,pending,"INVESTMENT COMPLETE (June 30, 2026); NOT YET IN EV SERIES PRODUCTION; iX5 (first US-built electric BMW) scheduled to begin assembly late 2026",-1.0,-1.0,P,"$1.7B total investment = $1B to prepare Plant Spartanburg for EV production + $700M for a new high-voltage battery assembly facility in Woodruff, SC (per BMW press release). The ~300 direct jobs cited are for the Woodruff battery facility; the release gives no separate Spartanburg headcount. BMW also signed a battery-cell supply agreement with Envision AESC (up to 30 GWh). $1.7B investment completion announced June 30, 2026.",https://www.press.bmwgroup.com/global/article/detail/T0404837EN/bmw-group-announces-1-7-billion-usd-investment-to-build-electric-vehicles-in-the-u-s-and-signs-agreement-with-envision-aesc-for-the-supply-of-battery-cells-to-plant-spartanburg?language=en,https://spectrumlocalnews.com/sc/south-carolina/news/2026/07/02/south-carolina-bmw-investiment,"promised_date_source (repairerdrivennews) 403s to WebFetch; read via curl with browser user agent per step 2. Promised-date sources differ slightly: repairerdrivennews (June 2025) says the iX5 is 'slated for production next August' (i.e. Aug 2026) while the July 2026 status_source says 'late 2026'; token kept as bare 2026. promised_jobs (~300) is the Woodruff battery-facility figure, not a Spartanburg-specific count.",https://www.repairerdrivennews.com/2025/06/09/bmw-to-build-three-evs-at-spartanburg-plant-beginning-in-2026/,2022-10-15,2026-07-01,,"In October 2022, BMW Group invested $1.7 billion to begin U.S. production of fully electric vehicles at Plant Spartanburg.","The iX5 is slated for production next August alongside gasoline, diesel, and plug-in hybrid versions.","BMW confirmed that the new BMW iX5 will become the first fully electric BMW assembled in the U.S., with production scheduled to begin in late 2026.",,US,100M-or-200-jobs
182,2026-09-06T22:16:26Z,168,Amgen New Albany Biomanufacturing Plant,Pharmaceuticals,OH,2021-06,365000000,400,2024,2024-02-26,"OPERATING; original plant opened, first-output date not stated by sources; $900M second-facility expansion underway",2.7,-0.3,P,"Greenfield 270,000-sq-ft final assembly/packaging plant in the New Albany International Business Park; construction expected to begin fall 2021. April 2025 release announced a $900M Ohio expansion adding 350 jobs (bringing total to ~750 jobs and >$1.4B cumulative Central Ohio investment); the 2025 release does not state a completion date for the expansion.",https://columbusregion.com/press-releases/biotech-leader-amgen-expands-to-new-albany-ohio-investing-365-million-and-creating-400-new-jobs/,https://www.amgen.com/newsroom/press-releases/2025/04/amgen-announces-900-million-manufacturing-expansion-creation-of-350-new-jobs-in-ohio,"promise_source original URL is in an HTTPS/HTTP redirect loop; read via https://web.archive.org/web/20221108220514/https://columbusregion.com/press-releases/biotech-leader-amgen-expands-to-new-albany-ohio-investing-365-million-and-creating-400-new-jobs/ . status_source confirms the plant opened/is operational but states no exact first-output date, so actual_first_output recorded as unconfirmed (produced, date undated). Resolved: first output dated 2024-02-26 from actual_date_source. Final assembly/packaging plant. FDA approval Jan 2024; grand opening Feb 26, 2024 with the first of eight packaging lines already operational (production proof, not merely a ribbon-cutting). Matches promised_first_output 2024. Source corroborated by Manufacturing Dive and Fierce Pharma (both 403 to WebFetch); ABC6 local news read directly.",https://www.amgen.com/newsroom/press-releases/2021/11/amgen-begins-construction-on-new-biomanufacturing-plant-in-central-ohio,2021-06-15,2024-07-01,2024-02-26,"Amgen (NASDAQ:AMGN) ... announced today its plans to invest $365 million to build a new manufacturing facility in New Albany, Ohio, creating 400 new jobs upon opening. (press release dated 2021-06-22)",expected to be operational by 2024,"Amgen opened its new 300,000-square-foot facility in New Albany on Feb. 26, 2024. The first of what will be eight packaging lines is up and running.",https://abc6onyourside.com/news/local/amgen-opens-177000-square-foot-biopharma-distribution-facility-central-ohio-new-albany,US,100M-or-200-jobs
183,2026-09-06T22:18:39Z,169,LS GreenLink USA Subsea Cable Facility (Chesapeake),Other,VA,2024-07,681000000,338,2028-Q1,pending,UNDER CONSTRUCTION; 201-m VCV insulation tower being erected; commercial production targeted Q1 2028,-1.0,-1.0,P,"Product is high-voltage direct current (HVDC) subsea power cable for the offshore wind industry. Facility ~750,000 sq ft on ~100 acres (brownfield Deep Water Terminal Site) per VEDP. Construction began April 2025; targeted completion H2 2027.",https://www.businesswire.com/news/home/20240709376603/en/LS-GreenLink-USA-Inc.-Announces-Historic-$681-Million-Subsea-Cable-Manufacturing-Facility-in-Chesapeake-Virginia,https://www.offshorewind.biz/2026/07/02/worlds-largest-vertical-continuous-vulcanization-tower-under-construction-in-us/,"Other used; candidate new sector: Wire and Cable (subsea/HVDC power cable manufacturing). promise_source businesswire 403s to WebFetch and browser-UA curl; read via web.archive.org snapshot https://web.archive.org/web/20251115193212/https://www.businesswire.com/news/home/20240709376603/en/... ; original announcement and VEDP release state no production date, so promised_first_output (Q1 2028 commercial production) is drawn from the July 2026 status source.",https://www.vedp.org/press-release/2024-07/ls-greenlink-chesapeake,2024-07-15,2028-02-15,,"LS GreenLink USA, Inc. Announces Historic $681 Million Subsea Cable Manufacturing Facility in Chesapeake, Virginia (Business Wire release dated July 9, 2024)",commercial production in Q1 2028,"The construction of the factory started in April 2025 on a brownfield site in Chesapeake ... targeting completion in the second half of 2027 and commercial production in Q1 2028 (under construction, not yet producing)",,US,100M-or-200-jobs
184,2026-09-06T22:20:37Z,170,Polar Semiconductor Bloomington Fab Expansion,Semiconductors,MN,2024-05,525000000,160,2026,pending,UNDER CONSTRUCTION; expansion underway as of Sept 2024,-1.0,-1.0,P,"Expansion of an existing operating fab: doubles 200mm capacity from ~20,000 to ~40,000 wafers/month. Backed by $120M proposed CHIPS direct funding (finalized at $123M on Sept 24, 2024), $75M Minnesota Forward Fund incentive, and a $175M equity investment led by Niobrara Capital and Prysm Capital transitioning Polar to a U.S.-owned merchant foundry.",https://www.businesswire.com/news/home/20240513358871/en/Polar-Semiconductor-Announces-Plans-to-Expand-Semiconductor-Manufacturing-Facility-in-Minnesota,https://www.manufacturingdive.com/news/polar-semiconductor-120-million-chips-funds-expand-bloomington-minnesota/715887/,"promise_source (businesswire) returned HTTP 403 to WebFetch and to curl with browser UA; read via http://web.archive.org/web/20250803211209/ snapshot; the original refuses direct fetch. The '160 new jobs' figure is described by the status sources as 'manufacturing and construction positions', so it may not be purely direct manufacturing jobs. No source states an actual first-output/expanded-production date; timeline given only as 'over the next two years' from May 2024.",https://polarsemi.com/news/polar-semiconductor-receives-chips-award/,2024-05-15,2026-07-01,,"Polar Semiconductor ... today announced plans to expand its Bloomington, Minnesota manufacturing facility (BusinessWire release dated May 13, 2024)",Polar expects to invest approximately $525 million in the expansion of the facility over the next two years,progress on Polar Semiconductor's modernization and expansion project (as of Sept 2024); no source states expanded output has begun,,US,100M-or-200-jobs
185,2026-09-06T22:22:47Z,171,"Forge Nano Battery Gigafactory (Morrisville, NC)",Battery,NC,2023-11,165000000,250,2026,pending,"UNDER CONSTRUCTION; broke ground Aug 19, 2026, not yet producing",-1.0,-1.0,P,"Original Nov 2023 announcement: initial investment of more than $165M in Morrisville, NC to build a gigawatt-hour-scale battery cell facility (Forge Battery); expected 'hundreds' of jobs; groundbreaking planned first half 2024. Aug 19, 2026 groundbreaking release quantifies the project: expanding from ~100,000 to ~315,000 sq ft, ~3 GWh/yr, more than 250 jobs, backed by up to $100M DOE funding and a $20M Samsung SDI investment; production now expected to begin in 2028. Per re-announcement discipline the $165M original anchor figure is used for promised_capital_usd (the $100M DOE + $20M Samsung are later funding components, not the total).",https://www.forgenano.com/forge-nano-to-launch-u-s-battery-manufacturing-business-north-carolina-gigafactory-planned-for-2026/,https://www.globenewswire.com/news-release/2026/08/19/3347836/0/en/forge-nano-breaks-ground-on-america-s-battery-gigafactory-to-strengthen-u-s-defense-supply-chains.html,promise_source live URL now redirects to Forge Nano marketing content; read via web.archive.org snapshot https://web.archive.org/web/20250713034957/https://www.forgenano.com/forge-nano-to-launch-u-s-battery-manufacturing-business-north-carolina-gigafactory-planned-for-2026/ . Promised first output slipped from 2026 (original 2023 announcement) to 2028 (Aug 2026 groundbreaking release); promised_first_output kept at the 2026 anchor per re-announcement discipline.,,2023-11-15,2026-07-01,,"DENVER, Nov. 14, 2023 (GLOBE NEWSWIRE) — Forge Nano, Inc.",The facility expects to begin production in 2026.,Forge Nano breaks ground on America's Battery Gigafactory ... Production at the facility is expected to begin in 2028.,,US,100M-or-200-jobs
186,2026-09-06T22:25:28Z,172,"SunOpta Plant-Based Beverage Facility (Midlothian, TX)",Food and Beverage,TX,2021-08,,185,2022 (late),2023-02,PRODUCING; facility opened February 2023,1.5,0.4,P,"Initial facility 285,000 sq ft, expandable to 400,000 sq ft. Operated under a 15-year lease signed Aug 13, 2021; build-out principally lease-financed. City/county incentive package (~$7.5M tax abatement plus up to $200,000 jobs grant). Manufactures plant-based milks, creamers, tea and other beverages.",https://www.businesswire.com/news/home/20210819005715/en/SunOpta-Announces-Further-Details-on-New-Mega-Plant-Based-Beverage-Facility-in-Midlothian-TX,https://fortworthreport.org/2023/02/10/sunopta-opens-plant-based-beverage-facility-in-midlothian/,"No capital-investment dollar figure is stated in any of the three sources (only a ~$7.5M incentive/tax-abatement package and a up-to-$200,000 jobs grant); the lead's ~$125M is unsupported, so promised_capital_usd is omitted. With 185 promised jobs and no supported capital, the row clears neither size floor. Jobs discrepancy: 2021 announcement says up to 185 direct jobs; the 2023 opening press release says up to 175. BusinessWire promise_source 403'd to WebFetch and curl; read via https://web.archive.org/web/20250722120222/https://www.businesswire.com/news/home/20210819005715/en/SunOpta-Announces-Further-Details-on-New-Mega-Plant-Based-Beverage-Facility-in-Midlothian-TX ; dallasnews promised_date_source read via https://web.archive.org/web/20250614051457/ snapshot (original blocked).",https://www.dallasnews.com/business/jobs/2021/08/19/plant-based-milk-maker-sunoptas-new-mega-facility-will-be-built-in-midlothian-creating-185-jobs/,2021-08-15,2022-10-01,2023-02-15,"SunOpta Inc. ... today announced further details on its new plant-based beverage facility in the Dallas-Fort Worth, Texas, metropolitan area (BusinessWire release dated August 19, 2021)","The Midlothian plant is expected to be operational in late 2022, SunOpta said.","SunOpta ... is proud to announce the opening of its new plant-based beverage production facility in Midlothian, Texas (Fort Worth Report press release, February 10, 2023)",,US,100M-or-200-jobs
187,2026-09-06T22:27:50Z,173,JSW Steel USA Baytown Expansion,Steel,TX,2018-03,500000000,500,unconfirmed,unconfirmed,"$500M EAF/caster expansion status unconfirmed by cited sources; Baytown plant since pursuing separate ~$110M plate-mill modernization for offshore-wind steel, targeted FY2026",-4.0,-4.0,P,"March 2018 announcement: $500M phased expansion of the Baytown Plate & Pipe Mill via the Electric Arc Furnace route, up to 500 direct jobs at avg $65,000 salary, contingent on U.S. EPA approval, with a $3.4M Texas Enterprise Fund grant. Plant had ~350 employees at ~30% capacity. Separate 2024 project: ~$110M upgrade of the Baytown steel plate mill for offshore-wind monopile/tower plate, completion/commissioning targeted by fiscal year 2026 (per manufacturingDive).",https://gov.texas.gov/news/post/governor-abbott-closes-landmark-deal-with-jsw-steel-usa-inc.-to-develop-local-steel-industry-in-baytown-texas,https://www.manufacturingdive.com/news/jsw-steel-investing-110-million-upgrade-houston-baytown-texas-plant/720797/,"No cited source states a promised first-output date for the $500M expansion (chron/gov.texas.gov describe it as phased and EPA-contingent). status_source (manufacturingDive, 2024) covers only a separate ~$110M plate-mill modernization (FY2026 completion) and does not confirm whether the announced $500M EAF/caster expansion was built or produced first output; actual_first_output left unconfirmed. chron promised_date_source read via curl browser UA (WebFetch returned a JS-only shell). no dated first-output source found: Exit (c): 'first output' has no single answer for this row. The 2018 promise was a $500M 'hot end' EXPANSION adding an EAF + slab caster to the ALREADY-RUNNING Baytown Plate & Pipe Mill. Per S&P Global Platts (via AIST, read via curl browser-UA after WebFetch 403'd): 'The US$500 million project, which would include the installation of a new electric arc furnace and slab caster, has been temporarily shelved due to challenging market conditions' (2019). It never resumed: JSW's own 24 Jun 2024 release (jswsteel.us PDF, read via curl) reframes Baytown as a separate $110M plate-mill modernization and states JSW will insource 'American-made steel slabs from its production facilities at Mingo Junction, Ohio' -- i.e. the promised Baytown EAF/caster was never built and the site makes plate/pipe from slabs sourced elsewhere. First output of the promised steelmaking expansion never occurred; the base plate mill predates the promise. Needs a human decision on what this row should measure.",https://www.chron.com/business/energy/article/500-million-expansion-of-Baytown-steel-mill-12781887.php,2018-03-15,,,"A $500 million expansion of a Baytown steel mill was announced Monday by Gov. Greg Abbott (Updated March 26, 2018)",unconfirmed,,,US,100M-or-200-jobs
188,2026-09-06T22:29:33Z,174,Trinasolar Wilmer module factory (now T1 Energy G1_Dallas),Solar,TX,2023-09,200000000,1500,2024,2024,AT VOLUME,0.8,0.0,P,"Plant is >$200M, ~1M+ sq ft, 5 GW module nameplate in Wilmer (Dallas County), TX. As of May 2026 operated by T1 Energy (formerly FREYR) as 'G1_Dallas': fully operational, produced 2.79 GW of modules in 2025 and ran above its 5.0 GW nameplate at the end of 2025; expects 3.1-4.2 GW in 2026.",https://www.trinasolar.com/us/resources/newsroom/Trina-Solar-US-PV-Manufacturing-Facility-Jobs-Wilmer-Texas/,https://pv-magazine-usa.com/2026/05/14/how-t1-energy-is-ramping-up-multi-gigawatt-u-s-solar-manufacturing/,status_source 403'd to WebFetch; read via curl browser UA over HTTP/1.1 (HTTP 200). status_source confirms G1 fully operational and 2.79 GW produced in 2025 but gives no exact first-output date; actual_first_output=2024 inferred from 'in roughly one year...from initial production' to above-nameplate run rates at the end of 2025.,https://www.solarpowerworldonline.com/2023/09/trina-solar-to-build-5-gw-solar-panel-factory-in-texas/,2023-09-15,2024-07-01,2024-07-01,"September 11, 2023","Starting in 2024, the facility will produce innovative large power output Vertex modules","In roughly one year, the T1 operations team took G1 from initial production to maximum daily run rates above nameplate capacity",,US,100M-or-200-jobs
190,2026-09-06T22:32:19Z,175,Stellantis Belvidere Assembly Plant reopening,Auto Assembly,IL,2023-11,600000000,1500,2027,pending,NOT PRODUCING; retooling underway as of Aug 2026; timeline pushed back to pilot production first half of 2028 and retail production second half of 2029,-1.0,-1.0,P,"Original commitment made in late-2023 UAW contract negotiations; Stellantis reversed then re-committed (WardsAuto article dated Jan 23, 2025). Plant idled since Feb 2023. promised_capital_usd set to the earliest concrete readable figure, $600M ('the $600 million announced last fall' per status source); investment later increased to more than $800 million (a re-announcement per rule 4, not summed); through July 2026 more than $60M spent readying the facility. Lead summary notes jobs later cited up to ~3,000; initial figure was ~1,500 direct union jobs.",https://www.wardsauto.com/news/archive-auto-stellanitis-commits-reopening-belvidere-assembly-uaw-build-new-truck-2027/738135/,https://www.wifr.com/2026/08/14/work-underway-reopen-belvidere-assembly-plant-stellantis-outlines-production-timeline/,"announced: promise_source (WardsAuto, pub Jan 23 2025) states only 'late 2023' for the original UAW-contract commitment; used 2023-11 per lead summary and UAW contract ratification timing, but exact month is not pinned by the readable sources. promised_capital_usd: WardsAuto (promise_source) gives no specific initial figure ('multi-billion dollar investment'); used $600M, the earliest concrete readable figure ('the $600 million announced last fall', status source), with the later >$800M increase treated as a re-announcement and kept in notes; jobs (1,500) independently clears the size floor.promised_date_source (mystateline) 403s to WebFetch and browser-UA curl and has no Wayback snapshot; the 2027 promised date is confirmed via promise_source instead. status_source wifr URL 301-redirects to https://www.rockfordnewsfirst.com/2026/08/14/work-underway-reopen-belvidere-assembly-plant-stellantis-outlines-production-timeline/ where it was read.",https://www.mystateline.com/news/local-news/belvidere-assembly-plant-to-reopen-in-2027-producing-new-jeep-models/,2023-11-15,2027-07-01,,"in its contract negotiations with the UAW in late 2023, the automaker agreed to reopen the plant","Stellantis has committed to reopening its shuttered Belvidere Assembly plant in Illinois to build an all-new mid-size pickup truck in 2027 and return approximately 1,500 union-represented jobs","The plant is not yet producing vehicles. Work has begun on facility preparations, with Stellantis stating work has already begun at the idled facility.",,US,100M-or-200-jobs
191,2026-09-06T22:33:52Z,176,"Slate Auto EV Assembly Plant (former RR Donnelley), Warsaw",Auto Assembly,IN,2025-04,400000000,2000,2026-Q4,pending,"PRE-PRODUCTION; plant being refurbished, preorders open, first deliveries targeted Q4 2026 - not yet producing",-1.0,-1.0,P,"Slate estimates the project will contribute up to $39 billion to Indiana's economy over 20 years (economic-impact claim, not capital). Base truck from $24,950; 180,000+ reservations reported. Former RR Donnelley / LSC Communications catalog/publishing plant just outside Warsaw (Kosciusko County). Company based in Troy, Mich.",https://www.abc57.com/news/slate-ev-factory-coming-to-warsaw-expected-to-bring-over-2-000-jobs,https://www.inkfreenews.com/2026/06/30/slate-auto-begins-electric-truck-preorders-warsaw-factory-nears-production/,"status_source 403s to WebFetch; read via curl browser UA. Announcement month: status_source says first announced 'April 2025', while promise_source (abc57) is dated May 1, 2025 - used 2025-04. Capital 'nearly $400 million' (approximate) per status_source; promise_source states no dollar figure.",,2025-04-15,2026-11-15,,Slate first announced plans to redevelop the Warsaw plant in April 2025.,Slate Auto said it expects to begin delivering its new electric pickup truck in the fourth quarter of 2026 as the startup prepares to launch production at the refurbished RR Donnelly manufacturing plant in Warsaw.,as the startup prepares to launch production at the refurbished RR Donnelly manufacturing plant in Warsaw,,US,100M-or-200-jobs
192,2026-09-06T22:37:05Z,177,ES Foundry Greenwood Solar Cell Factory,Solar,SC,2025-02,,500,2025,2025-02,PRODUCING; completed 2 GW expansion to ~3 GW total US solar cell capacity as of July 2026,0.0,-0.4,P,"Former Fujifilm plant converted to crystalline-silicon bifacial PERC solar cell manufacturing. At its early-2025 grand opening the facility was already at ~1 GW production capacity; a 2 GW expansion was completed July 7, 2026, bringing total to ~3 GW. 400+ employees hired by mid-2026; on track to employ ~500 by June 2025.",https://businessfacilities.com/es-foundry-hii-choose-south-carolina-for-solar-panels-shipbuilding/,https://www.prnewswire.com/news-releases/es-foundry-completes-2-gw-greenwood-factory-expansion-bringing-total-us-solar-cell-capacity-to-3-gw-as-first-cell-comes-off-new-line-302819101.html,"promise_source 403'd to WebFetch; read via curl with a browser user-agent (fetch ladder step 2). No capital investment figure is stated in the sources for ES Foundry; size floor met via 500 direct jobs. The promise_source is a grand-opening article (published Feb 4, 2025) and states no earlier project-announcement/site-selection date (lead summary cites 2024 site selection, not found in sources); 'announced' is anchored to the Feb 2025 grand opening. status_source's dated 'first solar cell coming off the new production line' (July 7, 2026) refers to the 2 GW expansion line, not the plant's original first output — the plant was already producing (~1 GW capacity) at its early-2025 grand opening, so actual_first_output is set to that period.",,2025-02-15,2025-07-01,2025-02-15,"ES Foundry , celebrated the grand opening of its manufacturing facility in Greenwood County, South Carolina (article Published: February 4, 2025)","The facility, which is expected to reach a shipment capacity of 3 GW by Q3 2025",The speed at which ES Foundry has converted a legacy facility to cleanroom operations and scaled employment to deliver 1GW production capacity,,US,100M-or-200-jobs
194,2026-09-06T22:38:54Z,178,Smithfield Foods Sioux Falls processing facility,Food and Beverage,SD,2026-02,1300000000,3200,2028-Q4,pending,"PRE-CONSTRUCTION; permitting/land purchase, City Council approved TIF and conditional-use permit Mar 17 2026; not yet producing",-1.0,-1.0,P,"New packaged-meats and fresh-pork processing facility at Foundation Park (1,000+-acre industrial park), northwest Sioux Falls, to replace century-old existing plant. Preliminary estimate up to $1.3B over three years. Company currently employs 3,200 people in Sioux Falls (retained positions; announcement states no new job-creation figure). Site work expected spring 2026; groundbreaking anticipated first half of 2027; land purchase from Sioux Falls Development Foundation around midyear 2026.",https://investors.smithfieldfoods.com/news-events/press-releases/detail/1432/smithfield-foods-to-build-new-state-of-the-art-processing-facility-in-sioux-falls-south-dakota,https://siouxfalls.business/sioux-falls-city-council-approves-tax-increment-financing-plan-conditional-use-permit-for-smithfield-foods/,"promised_jobs=3,200 are existing positions retained at the new facility (it replaces Smithfield's century-old Sioux Falls plant); the announcement states no separate new-job-creation figure. Capital clears the size floor independently.",,2026-02-15,2028-11-15,,"February 16, 2026 11:15 am EST",Production is expected to begin at the end of 2028,"Construction is scheduled to take about two years, with the plant opening in late 2028 at the soonest",,US,100M-or-200-jobs
196,2026-09-06T22:41:57Z,179,U.S. Steel Edgar Thomson Hot Strip Mill (Mon Valley Works),Steel,PA,2025-11,2500000000,0,2029 (second half),pending,PERMITTING; construction not started (Aug 2026 DEP stormwater comment period),-1.0,-1.0,P,"New hot strip mill at Edgar Thomson Plant in Braddock/North Braddock, Allegheny County, PA, part of up-to-$2.5B Mon Valley Works investment under new owner Nippon Steel. Capital is 'up to $2.5 billion'; the $2.5B figure and 2H-2029 production timeline come from a June 2026 confirmation (Manufacturing Dive) of the mill first announced Nov 4, 2025.",https://www.post-gazette.com/business/powersource/2025/11/04/us-steel-nippon-hot-strip-mill-pittsburgh/stories/202511040069 https://www.manufacturingdive.com/news/us-steel-doubles-investment-oldest-plant-edgar-thomson-pennsylvania/822363/,http://paenvironmentdaily.blogspot.com/2026/08/dep-invites-comments-on-stormwater_01289389781.html,"promise_source (Post-Gazette) is paywalled (isAccessibleForFree=false); announcement date read from its JSON-LD datePublished and og:description via wayback snapshot http://web.archive.org/web/20260110173750/. Capital ($2.5B Mon Valley Works) and 2H-2029 timeline read from Manufacturing Dive, as body of the lead's promise_source was unreadable. No direct-jobs figure stated in sources (a 'support up to 6,381 jobs' economic-impact number is not direct jobs), so promised_jobs recorded as 0; capital ($2.5B) clears the size floor.",,2025-11-15,2029-10-01,,"U.S. Steel confirmed Tuesday that the Edgar Thomson plant in Braddock will receive a new hot strip mill as part of the foreign takeover by Nippon (Post-Gazette, datePublished 2025-11-04)","Construction is set to begin later this year, with production expected during the second half of 2029.",Earth disturbance may not commence until all authorizations necessary to complete construction have been obtained.,,US,100M-or-200-jobs
198,2026-09-06T22:44:57Z,180,Lockheed Martin Troy Building 47 Munitions Production Center,Aerospace and Defense,AL,2026-05,1000000000,0,unconfirmed,pending,"UNDER CONSTRUCTION; broke ground May 21, 2026 on Building 47, expansion under way and not yet operational as of Aug 2026",-1.0,-1.0,P,"New ~87,000-sq-ft Building 47 nearly doubles the existing ~100,000-sq-ft Troy facility; supports THAAD interceptor production and future Next Generation Interceptor (NGI) work (PAC-3 MSE also produced at Troy). Capital recorded as $1B, a conservative floor for the source's 'well over a billion dollars in this expansion' (CEO Jim Taiclet); the true figure is somewhat higher but unspecified. No specific direct-jobs number stated ('a significant number of new American jobs over the next three years'), recorded as 0; the almost 4,000 Alabama employees cited is existing statewide headcount, not this project's jobs. Lockheed's separate '$8-9 billion investment through 2030' spans more than 20 U.S. facilities and is not the Troy project cost.","https://news.lockheedmartin.com/2026-05-21-New-Lockheed-Martin-Facility-to-Support-Americas-Arsenal-of-Freedom,-Accelerated-Production-of-THAAD-Interceptors",https://www.troymessenger.com/news/lockheed-martin-continues-to-invest-in-munitions-acceleration-facility-improvements-f8a94d47,"Capital is a conservative floor: source states 'We have already invested well over a billion dollars in this expansion' (CEO), recorded as $1,000,000,000. No direct-jobs figure stated (recorded 0). No promised or actual first-output date stated in either source. status_source (troymessenger.com) returned HTTP 403 to WebFetch; read via curl with a browser user agent (step 2).",,2026-05-15,,,"TROY, Ala., May 21, 2026 /PRNewswire/ -- Today, Lockheed Martin broke ground on a new Munitions Production Center in Troy, Alabama",unconfirmed,pending,,US,100M-or-200-jobs
199,2026-09-06T22:46:47Z,181,Agristo Grand Forks Potato Processing Plant,Food and Beverage,ND,2025-01,450000000,350,2029 (fall),pending,"UNDER CONSTRUCTION; broke ground July 7, 2026, first output expected fall 2029 (schedule extended one year from fall 2028)",-1.0,-1.0,P,"Belgium-based Agristo's first North American plant. Initial announcement (Jan 2025 MOU) was $450M and 250-350 direct jobs, opening targeted 2028. By mid-2026 capital scaled up to more than $1B (last exact estimate ~$500M; final amount undecided) due to higher construction/equipment costs, and jobs cited as 300-350 -- treated as re-announcements/expansions per rule 4, not summed. Groundbreaking July 7, 2026; site prep began Sept 2025. 630,000 sq ft facility.",https://grandforks.org/grand-forks-identified-as-site-for-a-450-million-potato-processing-plant/,https://www.freshplaza.com/north-america/article/9856012/us-1-billion-agristo-potato-plant-enters-construction-phase/,"Announcement-date discrepancy: lead summary says Aug 2025, but promise_source dates the site identification / City Council MOU to January 21, 2025 -- anchored on 2025-01 per source. promised_jobs recorded as upper bound of the 250-350 direct-jobs range. status_source 403'd to WebFetch; read via curl browser UA over HTTP/1.1.",https://www.grandforksherald.com/news/local/agristo-extends-construction-by-one-year-with-new-estimated-opening-around-fall-2029,2025-01-15,2029-07-01,,"On Tuesday, January 21st, 2025, the Grand Forks City Council approved a memorandum of understanding with Agristo","The newest timeline has increased the construction period to three years, with production now expected to begin in the fall of 2029.",the plant is scheduled to process its first potatoes during the 2029 harvest,,US,100M-or-200-jobs
200,2026-09-06T22:49:40Z,182,Cleveland-Cliffs Middletown Works optimization project,Steel,OH,2026-08,1000000000,2300,2030-Q1,pending,"ANNOUNCED; investment to commence in coming weeks, blast furnace rebuild completion planned Q1 2030 (existing plant currently producing ~3M tons raw steel/yr)",-1.0,-1.0,P,"Modernization/optimization of an existing operating plant, not greenfield. Original 2024 plan was to replace the blast furnace with a hydrogen-ready direct-reduced-iron plant and two electric melting furnaces; rescoped in 2026 after Cliffs determined customers were unwilling to pay a premium for lower-carbon steel (per DOE), keeping and rebuilding the coal-fired blast furnace instead. Same $500M DOE grant rescoped; $1B total split equally Cliffs/DOE. promised_jobs figure is preserved/retained direct jobs (2,300); peak-construction 1,500 excluded per direct-jobs rule.",https://www.clevelandcliffs.com/news/news-releases/detail/702/cleveland-cliffs-announces-1-billion-middletown-works,https://www.axios.com/local/north-of-cincy/2026/08/27/cleveland-cliffs-middletown-works-billion-investment,"Rescoped re-announcement of a 2024 project; sources give no month for the original 2024 announcement, so anchored on the exactly-dated Aug 21 2026 re-announcement (which is also the source of the Q1 2030 promised-completion date). promised_jobs 2,300 are preserved/retained direct jobs, not newly created.",,2026-08-15,2030-02-15,,"August 21, 2026 10:00am EDT ... Cleveland-Cliffs Inc. (NYSE: CLF) (“Cliffs”) today announced that the U.S. Department of Energy (DOE) has established a framework for Cliffs to finalize negotiations and implementation plans for its Middletown Works investment, rescoping the previously awarded $500 million DOE grant.","This multi-year investment is expected to commence in the coming weeks, with completion of the blast furnace rebuild planned for the first quarter of 2030.","This multi-year investment is expected to commence in the coming weeks, with completion of the blast furnace rebuild planned for the first quarter of 2030.",,US,100M-or-200-jobs
201,2026-09-06T22:51:06Z,183,KPPC Advanced Chemicals U.S. Arizona Plant (Casa Grande),Chemicals and Plastics,AZ,2025-12,120000000,80,2027 (second half),pending,"PRE-CONSTRUCTION; broke ground Dec 2025; conditional-use permit approved by City Council Feb 2, 2026 after P&Z denial Jan 8, 2026; production targeted late 2027",-1.0,-1.0,P,"Ultrapure/functional chemicals (semiconductor-grade HCl, ammonium hydroxide) for TSMC, Intel, Micron. Phase 1 >$120M; total investment projected to reach ~$500M by 2035 with growth to ~200 full-time jobs at full build-out (later expansion projections per re-announcement rule). Pinal Post reports Phase 1 initially 61 jobs (58 daytime + 3 overnight), up to 80 at full Phase 1 buildout.",https://www.azcommerce.com/news-events/news/2025/12/kanto-ppc-groundbreaking/,https://pinalpost.com/casa-grande-oks-kppc-chemical-plant-supplying-intel-tsmc/,promise_source (azcommerce) 403s to WebFetch; read via curl browser UA (HTTP 200). Jobs figures differ across sources: azcommerce headline cites 200 (full build-out by 2035); GPEC ~80 initial growing to 200; Pinal Post 61 initial Phase 1 (up to 80). Used Phase-1 ~80 as promised_jobs; $500M/200 are later full-build-out projections.,https://www.gpec.org/news/press-releases/kppc-advanced-chemicals-breaks-ground-in-casa-grande/,2025-12-15,2027-10-01,,"CASA GRANDE, AZ (December 22, 2025) — KPPC Advanced Chemicals Inc., a member of the Kanto Group, broke ground on December 19 on its new U.S. Arizona Plant (UAP)",Production is anticipated to begin in late 2027.,pending,,US,100M-or-200-jobs
202,2026-09-06T22:52:17Z,184,Nissan Canton Assembly Plant EV Retooling,Auto Assembly,MS,2022-02,500000000,2000,2025,never,"CANCELLED; EV programs dropped, plant continues gas-powered Altima/Frontier production",-2.0,-2.0,P,"Original Feb 2022 plan: $500M to build two all-electric Nissan and Infiniti models (plus battery packs) at Canton starting by 2025. April 2025 postponed EV manufacturing to 2028; May 1, 2026 Nissan cancelled the EV programs entirely citing lack of market demand, keeping the plant on Altima/Frontier. The ~2,000 jobs figure refers to retraining/upskilling of existing Canton workers, not net-new direct jobs.",https://www.energytech.com/emobility/article/21233951/nissan-makes-500m-investment-to-transform-mississippi-plant-to-ev-model-assembly,https://www.wlbt.com/2026/05/01/nissan-drops-plan-build-electric-vehicles-canton-manufacturing-facility/,"promised_jobs (~2,000) is retraining/upskilling of existing Canton workers, not net-new direct jobs; capital ($500M) clears the size floor regardless.",https://www.wlbt.com/2022/02/17/nissan-making-big-announcement-canton-plant/,2022-02-15,2025-07-01,,"Nissan announced on February 17, 2022 a $500 million investment in the Canton manufacturing plant",Canton production on two of the new EV models will begin by 2025,"the company will not move forward with previously announced EV programs at its Canton, Mississippi, facility",,US,100M-or-200-jobs
203,2026-09-06T22:53:45Z,185,"GE Appliances Building 2 Laundry Plant (Appliance Park, Louisville)",Other,KY,2025-06,490000000,800,2027,pending,"NOT YET PRODUCING; washer lines targeted for 2027, project moving forward as of Sept 2026",-1.0,-1.0,P,"$490M investment to reshore front-load washers (15+ models) and the GE Profile UltraFast Combo Washer/Dryer from China to Building 2 at Appliance Park, ~800 direct jobs. A separate ~$1B laundry-manufacturing expansion at the same Appliance Park site was announced Sept 2-3, 2026 (retooling Building 5 to reshore dryer production from Mexico, manufacturing expected late 2027); per re-announcement rule that later expansion is not summed into promised_capital_usd.",https://pressroom.geappliances.com/news/ge-appliances-doubles-down-on-u-s-manufacturing-with-490-million-laundry-plant-investment-at-its-global-headquarters-in-louisville-kentucky,https://www.industryweek.com/leadership/companies-executives/news/55402734/ge-appliances-to-invest-1-billion-to-expand-laundry-manufacturing-at-kentuckys-appliance-park,Sector: none of the closed vocabulary squarely fits major home-appliance (washer/dryer) manufacturing; used Other. Candidate new sector: Home Appliances.,https://newkentuckyhome.ky.gov/Newsroom/NewsPage/20250626_GEAppliances,2025-06-15,2027-07-01,,"June 26, 2025 — GE Appliances, a Haier company, today announced a $490 million investment",The new manufacturing lines will open in 2027.,The company will also move forward with a $490 million investment announced in 2025 to reshore the production of the GE Profile UltraFast Combo Washer/Dryer and the GE and GE Profile UltraFresh Front Load Washer lineup from China to Building 2 at Appliance Park.,,US,100M-or-200-jobs
204,2026-09-06T22:54:35Z,186,"Electra EL9 Ultra Short Production Facility (AirPark Ohio, Springfield)",Aerospace and Defense,OH,2026-07,850000000,1975,unconfirmed,pending,"PLANNING; design phase underway, construction slated to begin 2027",-1.0,-1.0,P,Facility to manufacture EL9 Ultra Short hybrid-electric 9-seat aircraft; initial ~400 aircraft/year expanding to ~800/year. Sources state design begins immediately and construction begins 2027 but do not give a production/first-output date.,https://www.jobsohio.com/newsroom/news-press/electra-to-usher-in-the-next-era-of-aviation-with-advanced-production-facility-in-springfield-ohio,https://news.mit.edu/2026/electra-aircraft-departs-mit-classroom-and-arrives-at-ohio-factory-0825,"No promised first-output/production date stated in either source; only construction start (2027) is given, so promised_first_output recorded as unconfirmed.",,2026-07-15,,,"FARNBOROUGH, England, July 21, 2026 – Ohio Governor Mike DeWine joined JobsOhio President and CEO J.P. Nauseef and Electra CEO Marc Allen at the Farnborough International Airshow in England to announce that Electra has selected Springfield for the site of its first EL9 Ultra Short aircraft production facility.","Design work on the new 96-acre facility will begin immediately, with construction expected to start next year.",Construction on Electra's 96-acre Ohio manufacturing facility will begin next year.,,US,100M-or-200-jobs
205,2026-09-06T22:55:39Z,187,"Yakult U.S.A. Plant No. 2 (Bartow County, GA)",Food and Beverage,GA,2023-07,305000000,90,2026-09,pending,UNDER CONSTRUCTION; first production targeted September 2026,-1.0,-1.0,P,"Initial announcement (Gov. Kemp, July 18, 2023) stated an estimated $305 million investment and more than 90 new jobs, with the facility 'predicted to come online in 2026.' Yakult Honsha corporate update (July 30, 2024) later stated the investment as 397 million USD (subject to change), construction to begin October 2024, and start of production September 2026 (subject to change), with capacity 1.79 million bottles/day. Per re-announcement discipline, promised_capital_usd uses the initial $305M figure; the $397M is a later update.",https://gov.georgia.gov/press-releases/2023-07-18/gov-kemp-yakult-chooses-bartow-county-second-us-production-facility,https://www.yakult.co.jp/english/news/article.php?num=202,"Capital discrepancy across sources: initial announcement $305M (Gov. Kemp, 2023-07) vs updated 397M USD (Yakult corporate, 2024-07-30); used the initial $305M per re-announcement rule and noted the update. No source confirms actual first output; plant still under construction as of the July 2024 status source. status_source loads as a PDF.",,2023-07-15,2026-09-15,,"Gov. Kemp: Yakult Chooses Bartow County for Second US Production Facility (Georgia governor's office press release, July 18, 2023)",Start of production: September 2026 (subject to change),Yakult U.S.A. Inc. ... will begin construction of a second plant (hereinafter U.S.A. Plant No. 2) in October 2024,,US,100M-or-200-jobs
206,2026-09-06T22:57:26Z,188,Novartis Radioligand Therapy Site Denton,Pharmaceuticals,TX,2026-02,,,2028,pending,"UNDER CONSTRUCTION; groundbreaking May 2026, not yet producing",-1.0,-1.0,P,"Novartis's fifth US RLT manufacturing site and first manufacturing facility in Texas; ~46,000 sq ft. Sources cite the site as part of Novartis's broader $23 billion US investment but do not state a site-specific capital figure; jobs described ('bioengineering, advanced manufacturing, quality and operations') but not quantified.",https://www.cityofdenton.com/m/newsflash/home/detail/1229,https://www.novartis.com/news/media-releases/novartis-breaks-ground-denton-texas-radioligand-therapy-site-construction-now-underway-across-all-new-us-facilities,"Neither size-floor figure is confirmed by the sources: no site-specific promised_capital_usd is stated (only Novartis's broader $23B US investment, not this Denton site) and promised_jobs is not quantified. Lead summary's $280M and ~150-175 jobs are not supported by any of the three cited pages, so both fields are omitted and the row will not clear the $100M/200-job floor.",https://www.novartis.com/us-en/news/media-releases/novartis-build-new-radioligand-therapy-site-denton-texas-delivering-more-next-generation-treatments-patients,2026-02-15,2028-07-01,,"Novartis to Build New Radioligand Therapy Site in Denton ... Press Releases Posted on February 25, 2026","Construction is scheduled to begin this year, with the site expected to become fully operational in 2028.","Novartis breaks ground on Denton, Texas radioligand therapy site; construction now underway",,US,100M-or-200-jobs
207,2026-09-06T22:59:30Z,189,"PureCycle Ironton Plant (Lawrence County, Ohio)",Chemicals and Plastics,OH,2017-07,120000000,60,2020,2023-06-20,"PRODUCING; commercial ramp on track for 2026; record ~5,000 tons processed at Ironton in Q1 2026; net loss $33.4M in Q1 2026",5.9,3.0,P,"Total investment reportedly $120M with goal of producing 80 million pounds/yr of polypropylene; leased 101,000-sq-ft former Dow Chemical site west of Ironton (Haverhill area). Small-scale plant slated to begin Jan 2018, full-scale plant to open 2020. Lead summary reports investment later grew to ~$363M (re-announcement; not summed) and ~105M lb/yr capacity. Fifth consecutive quarter of sequential revenue growth as of Q1 2026.",https://www.purecycle.com/blog/pg-breakthrough-leads-to-120m-investment-in-ohio-plant,https://www.recyclingtoday.com/news/purecycle-output-revenue-plastic-recycling-ohio-polypropylene-2026/,"status_source blocked by Incapsula/Imperva on direct fetch; read via web.archive.org snapshot http://web.archive.org/web/20260511215543/https://www.recyclingtoday.com/news/purecycle-output-revenue-plastic-recycling-ohio-polypropylene-2026/ (original returns an Incapsula challenge). Both sources confirm the plant is producing and ramping but neither dates actual first output, so actual_first_output left unconfirmed. Initial announcement figure $120M used per re-announcement discipline (lead summary cites later ~$363M). Announcement dates announced_jobs as 15 initially/up to 60 full time (60 recorded); lead summary's ~51 jobs and ~105M lb/yr not stated in the read sources. Resolved: first output dated 2023-06-20 from actual_date_source. Full-scale Ironton PP purification plant reached mechanical completion Apr 25, 2023; first UPR resin (the promised recycled polypropylene) produced Jun 20, 2023 per PureCycle's own release. This dates first output of the full-scale plant (promised 2020), distinct from the small-scale test plant. Blog fetched cleanly via WebFetch (step 1 of the ladder).",,2017-07-15,2020-07-01,2023-06-20,"Jul. 20, 2017 ... PureCycle Technologies today revealed plans to open a small-scale plant in Lawrence County, Ohio, to test and calibrate a polypropylene plastic recycling process","The small-scale plant will begin operating in January 2018, and a full-scale plant will open in 2020.","Ironton, Ohio - June 20, 2023 - PureCycle Technologies, Inc. (Nasdaq:PCT), today, successfully produced the first run of Ultra-Pure Recycled (UPR) resin from post-industrial recycled material at commercial scale.",https://www.purecycle.com/blog/purecycles-ironton-plant-produces-first-pellets,US,100M-or-200-jobs
208,2026-09-06T23:00:27Z,190,CMC Steel West Virginia Micro Mill (MM4),Steel,WV,2022-12,450000000,230,2025 (second half),pending,"UNDER CONSTRUCTION; commissioning targeted late 2026, slipped from original late-2025 startup",-1.0,-1.0,P,"~$450M net of incentives; electric-arc-furnace micro mill making straight-length and spooled rebar, ~500,000 tons/yr, near Martinsburg in Berkeley County. Startup slipped from late 2025 to late 2026 per CMC project page (Dec 23, 2025 update; page current as of Feb 2026).",https://www.prnewswire.com/news-releases/commercial-metals-company-selects-berkeley-county-west-virginia-as-site-of-its-fourth-micro-mill-301698574.html,https://www.cmc.com/en-us/landing-pages/west-virginia,,,2022-12-15,2025-10-01,,"IRVING, Texas, Dec. 8, 2022 ... Commercial Metals Company (NYSE: CMC) (""CMC"") today announced that it has selected Berkeley County, West Virginia, as the site of its fourth micro mill (MM4).",The new plant is scheduled to begin operations in late calendar 2025.,We look forward to our new mill to be commissioned in late 2026.,,US,100M-or-200-jobs
209,2026-09-06T23:01:24Z,191,Ford Louisville Assembly Plant EV retooling (Fathom midsize electric truck),Auto Assembly,KY,2025-08,2000000000,2200,2027 (second half),pending,"ON TRACK; conversion underway, prototype builds targeted Q1 2027, full production later in 2027; not yet producing",-1.0,-1.0,P,"Part of a broader ~$5B package; Ford is investing ~$2B at Louisville (52,000-sq-ft expansion) and ~$3B in BlueOval Battery Park Michigan, securing nearly 4,000 direct jobs between the two plants; the 2,200 hourly jobs and ~$2B here are the Louisville figures. Vehicle is a midsize four-door electric pickup targeted at about $30,000 using Ford's Universal EV Production System.",https://www.fromtheroad.ford.com/us/en/articles/2025/ford-affordable-electric-vehicle-platform-midsize-electric-truck,https://www.foxbusiness.com/markets/inside-fords-2-billion-overhaul-3-million-square-foot-louisville-plant,,,2025-08-15,2027-10-01,,"LOUISVILLE, Ky., Aug. 11, 2025","Ford remains on track to begin prototype builds using production-ready parts in the first quarter of 2027, with Fathom production expected later that year.",the plant is undergoing transformation but production has not yet started,,US,100M-or-200-jobs
210,2026-09-06T23:02:19Z,192,U.S. Steel Big River Steel Works DRI Facility,Steel,AR,2026-04,1900000000,200,2029 (first half),pending,ANNOUNCED; not yet under construction; startup targeted first half of 2029,-1.0,-1.0,P,"New direct-reduced-iron (DRI) ironmaking facility at the Big River Steel Works campus in Osceola, Arkansas, distinct from the flat-roll Big River 2 mill; will feed hot DRI into the site's electric arc furnaces. Press release also cites ~35 full-time embedded contractor roles (excluded from promised_jobs as non-direct).",https://www.ussteel.com/media/newsroom/-/blogs/u-s-steel-announces-first-of-its-kind-in-the-united-states-dri-facility-at-big-river-steel-works,https://www.canarymedia.com/articles/green-steel/us-steel-build-2b-plant-arkansas,"Announcement day differs between sources: U.S. Steel press release dated April 29, 2026; Canary Media dates it April 30, 2026 (both agree on month, 2026-04). Sources do not state an exact construction-start quarter (lead summary's Q3 2026 is not confirmed by either source).",,2026-04-15,2029-04-01,,"April 29, 2026","Construction on the DRI facility is expected to happen across the next 30 months, with startup slated for the first half of 2029.","not yet begun; project was announced on April 30, 2026",,US,100M-or-200-jobs
211,2026-09-06T23:05:08Z,193,"America's Heartland Packing (American Foods Group), Wright City",Food and Beverage,MO,2021-11,800000000,1300,2025-04,2025-04-10,"PRODUCING; ramping (~800 of 2,400 head/day, 700+ employees as of mid-Sept 2025)",3.4,0.0,P,"Greenfield 775,000-sq-ft plant in Warren County; full capacity 2,400 cattle/day; broke ground Sept 2022; open house Sept 13, 2025; first-ever LEED-certified beef harvest facility. Separate $140M wastewater treatment investment noted by promise source.",https://missouripartnership.com/americas-heartland-packing-poised-for-open/,https://www.meatpoultry.com/articles/32471-americas-heartland-packing-holds-open-house,"Announcement month is not stated in the two lead sources (promise source only gives groundbreaking 2022); corroborated the November 2021 announcement, $800M and 1,300 jobs via KSDK article dated Sept 14, 2022 (""announced plans for the facility in November last year"") at https://www.ksdk.com/article/news/local/business-journal/american-foods-group-beef-producer-st-louis-facility/63-a7a651a6-7f40-4b96-874a-43c8effd2a01, read via web.archive.org/web/20220924194008 snapshot because the original 403s to WebFetch/curl.",,2021-11-15,2025-04-15,2025-04-10,"The company, which announced plans for the facility in November last year, is investing $800 million in the new 775,000-square-foot beef processing plant",the $800 million state-of-the-art mixed cattle facility is slated to begin processing operations in April 2025,"held its community open house Sept. 13, after production at its new beef processing plant started up on April 10 in Wright City, Mo.",,US,100M-or-200-jobs
212,2026-09-06T23:06:42Z,194,Lake Charles Methanol II,Chemicals and Plastics,LA,2024-02,3240000000,123,2027 (second half),pending,"PRE-CONSTRUCTION; FEED phase (Zachry Group), FID expected Q2 2026",-1.0,-1.0,P,"$3.24B greenfield low-carbon 'blue' methanol plant at Westlake/Port of Lake Charles, ~3.6 million tonnes/year with carbon capture. Original announcement (promise source) indicated a final investment decision and start of construction expected mid-2024 with commercial operations in late 2027; as of Nov 2025 the project is still in FEED with FID now anticipated Q2 2026 and construction start expected Q4 2026 (per lakecharlesmethanol.com FAQ) - FID delayed roughly two years.",https://www.opportunitylouisiana.gov/news/lake-charles-methanol-announces-plan-for-new-3-2-billion-manufacturing-plant-in-southwest-louisiana,https://zachrygroup.com/press-releases/Zachry_Group_Selected_for_FEED_Scope_on_Worlds_Largest_Low_Carbon_Blue_Methanol_Project.html,"Lead's status_source (icis.com) is blocked by Incapsula (unreadable via WebFetch and browser-UA curl) with no Wayback snapshot; status extracted instead from the Zachry Group FEED press release (cited as status_source) and corroborated by lakecharlesmethanol.com/faqs, which give FID Q2 2026 and construction start Q4 2026.",,2024-02-15,2027-10-01,,"February 14, 2024",commercial operations to begin in late 2027,The plant has not started producing yet - still in the FEED engineering phase; FID anticipated in the second quarter of 2026,,US,100M-or-200-jobs
213,2026-09-06T23:07:40Z,195,Suniva Laurens County Solar Cell Facility,Solar,SC,2026-04,350000000,564,2027,pending,"PLANNING; pre-construction, operations targeted 2027, not yet producing",-1.0,-1.0,P,"Suniva's first South Carolina site, separate from its existing Georgia (Norcross) cell line. Governor's release states over 5.5GW annual solar cell capacity; lead summary cites 4.5 GW. 620,000-sq-ft leased building at 1200 Commerce Blvd., Laurens.",https://governor.sc.gov/news/2026-04/suniva-inc-selects-laurens-county-first-south-carolina-manufacturing-facility,https://www.areadevelopment.com/newsitems/4-22-2026/suniva-laurens-county-south-carolina.shtml,,,2026-04-15,2027-07-01,,"April 14, 2026",Operations are expected to be online in 2027.,"The investment will include the lease and buildout of a 620,000-square-foot manufacturing facility located at 1200 Commerce Blvd. in Laurens to produce advanced solar cells. Operations are scheduled to begin in 2027.",,US,100M-or-200-jobs
214,2026-09-06T23:09:10Z,196,Microchip Technology Fab 5 SiC/Si Expansion (Colorado Springs),Semiconductors,CO,2023-02,880000000,400,unconfirmed,pending,"PAUSED; Fab 5 headcount reductions underway per Mar 3, 2025 8-K amid demand downturn",-1.0,-1.0,P,"State and local incentives of ~$47M approved for the expansion; Microchip sought CHIPS Act capacity-expansion grants. Campus employed 850+ and produced on 6-inch wafers; expansion planned to install 8-inch wafer technology. Mar 3, 2025 8-K: headcount reductions at Fab 5 Colorado Springs part of a company-wide restructuring of ~2,000 employees, $30M-$40M related costs, implementation by end of June 2025 quarter.",https://www.microchip.com/en-us/about/news-releases/corporate/microchip-plans-to-invest-880-million-to-expand-its-silicon,https://ir.microchip.com/sec-filings/all-sec-filings/content/0000827054-25-000037/mchp-20250303.htm,"promise_source 403s to WebFetch and to curl browser UA over HTTP/1.1; read via web.archive.org snapshot https://web.archive.org/web/20260317130541/https://www.microchip.com/en-us/about/news-releases/corporate/microchip-plans-to-invest-880-million-to-expand-its-silicon. Press release states no specific first-output/production date (only 'over the next several years'). The Mar 3, 2025 8-K (status_source) confirms Fab 5 Colorado Springs headcount reductions in a ~2,000-job restructuring but does not itself state the expansion was paused or address CHIPS Act funding status.",,2023-02-15,,,"CHANDLER, Ariz., February 17, 2023 — Microchip Technology Inc. (Nasdaq: MCHP) ... today announces plans to invest $880M to expand its silicon carbide (SiC) and silicon (Si) production capacity at its Colorado Springs, Colo. manufacturing facility","to expand its silicon carbide (SiC) and silicon (Si) production capacity at its Colorado Springs, Colo. manufacturing facility over the next several years","reducing headcount at its Fab 4 facility in Gresham, Oregon, its Fab 5 facility in Colorado Springs, Colorado and its backend manufacturing facility in the Philippines",,US,100M-or-200-jobs
216,2026-09-06T23:11:37Z,197,Toyota Kentucky Three-Row BEV SUV (Georgetown),Auto Assembly,KY,2024-02,1300000000,0,2026 (second half),pending,NOT STARTED; production slipped to January 2027 at earliest; Toyota says launch unchanged from 2027,-1.0,-1.0,P,"Announcement adds a battery pack assembly line (batteries from Toyota Battery Manufacturing North Carolina) and brings the plant's total investment to nearly $10 billion. Plant has ~9,400 existing team members; announcement states no separate new-direct-jobs figure, so promised_jobs recorded as 0 (retention of existing headcount, not new hiring). Scope met on capital ($1.3B). Production initially planned for second half of 2026 (per Sep 2026 status source); Nikkei reported a delay to '2027 or later,' with production expected to begin January 2027 at the earliest; a July company statement cited 'additional adjustments' of at least eight weeks. Toyota spokesperson (Sep 3, 2026) says the Highlander EV launch is unchanged from 2027.",https://pressroom.toyota.com/toyota-bringing-battery-electric-vehicle-production-to-kentucky/,https://electrek.co/2026/09/03/toyota-denies-delaying-highlander-ev-suv-again/,"promise_source 403s to WebFetch and browser-UA curl; read via https://web.archive.org/web/2024/https://pressroom.toyota.com/toyota-bringing-battery-electric-vehicle-production-to-kentucky/ (Feb 6, 2024, $1.3B confirmed there). Lead summary says original 2025 target, but the status source states production was initially planned for the second half of 2026; used the sourced 2026 figure. No direct new-jobs figure stated in the sources (the ~9,400 is existing headcount).",,2024-02-15,2026-10-01,,"GEORGETOWN, Ky. (Feb. 6, 2024 ) – Toyota announced a $1.3 billion investment at its flagship Kentucky facility for future electrification efforts including assembly of an all-new, three row battery electric SUV for the U.S. market.","Production is also expected to be delayed by several months at Toyota’s manufacturing plant in Georgetown, Kentucky, which was initially planned to begin in the second half of 2026.","Toyota has yet to confirm the details, including a new launch or production start date for the electric Highlander. Production is expected to begin in January 2027 at the earliest.",,US,100M-or-200-jobs
217,2026-09-06T23:14:43Z,198,"Tesla Lithium Refinery (Robstown, TX)",Battery,TX,2023-05,1000000000,250,n/a,2025,PRODUCING; full integrated plant startup in 2025 (ramp/volume level unclear per source),2.1,-3.0,P,"Capital is stated as '>$1B' (recorded as 1000000000, a floor). Construction effort creates 'nearly 1,000 construction jobs' (excluded); 'upwards of 250 full time employees' counted as direct jobs. Site selected Sept 2022 per lead summary; groundbreaking May 8, 2023. Converts spodumene into battery-grade lithium hydroxide; described as the first spodumene-to-lithium-hydroxide refinery in North America, using an acid-free route. Classified Battery as a battery-materials precursor plant (cf. LG Chem cathode #124, Redwood Materials #163); the alternative reading is Chemicals and Plastics.",https://www.tesla.com/blog/tesla-lithium-refinery-groundbreaking,https://electrek.co/2026/01/15/tesla-rare-look-lithium-refinery-confirms-production-start/,"promise_source (tesla.com) returns HTTP 403 to WebFetch and to browser-UA curl; read via web.archive.org snapshot https://web.archive.org/web/20260606143628/https://www.tesla.com/blog/tesla-lithium-refinery-groundbreaking (original 403s). No source states a promised first-output date, so promised_first_output=n/a (no promise recorded). Lead summary claims first production 'early January 2026,' but status_source dates the full integrated plant startup to 2025; recorded 2025 per the source.",,2023-05-15,,2025-07-01,"The Tesla Team, May 8, 2023 ... Today, we are breaking ground on Tesla's in-house lithium refinery, located in the greater Corpus Christi area of Texas.",n/a,From breaking ground in 2023 to running rock through the kiln in 2024 to start a full integrated plant startup now in 2025.,,US,100M-or-200-jobs
218,2026-09-06T23:15:57Z,199,Meyer Burger Solar Module Plant Goodyear,Solar,AZ,2021-12,,250,2022 (end),2024-06,"SHUT DOWN; production began June 2024, plant shut down May 28, 2025, 282 workers laid off, remains closed",2.5,2.0,P,"400 MW initial annual capacity, potential to scale to 1.5 GW (over 500 jobs at full capacity); Meyer Burger's first manufacturing facility outside Europe. US-facility intent first announced September 2021, Goodyear site selection Dec 27 2021. Company abandoned its planned complementary US solar-cell plant in August 2024.",https://www.azcommerce.com/news-events/news/2021/12/meyer-burger-to-establish-solar-module-manufacturing-facility-in-goodyear/,https://www.solarpowerworldonline.com/2025/05/meyer-burger-lays-off-workforce-at-arizona-solar-panel-factory/,promise_source and promised_date_source 403 to WebFetch; read via curl with browser user agent. No capital investment figure stated in any source; promised_capital_usd omitted (row cleared on 250 direct-jobs floor).,https://pv-magazine-usa.com/2021/12/27/meyer-burger-brings-400-mw-high-performance-solar-module-manufacturing-to-arizona/,2021-12-15,2022-07-01,2024-06-15,"GOODYEAR, AZ (December 27, 2021) — Meyer Burger Technology AG announced today that the company is establishing a production site for high-performance solar modules in Goodyear.","Production is expected to be operational by the end of 2022, creating an initial 250 manufacturing jobs, and over 500 manufacturing jobs at 1.5 GW full capacity.",Solar panel production began at Meyer Burger's Arizona facility in June 2024.,,US,100M-or-200-jobs
219,2026-09-06T23:17:43Z,200,JCB Manufacturing Facility San Antonio,Machinery,TX,2023-10,265000000,1500,unconfirmed,pending,UNDER CONSTRUCTION; on track to open fall (October) 2026; not yet in production,-1.0,-1.0,P,"JCB's new San Antonio plant on a ~400-acre South Side site; 720,000 sq ft factory at announcement, later enlarged to ~1M sq ft, to produce three of JCB's products (heavy/construction equipment). Construction began 2024 (concrete poured Oct 2025). KSAT (Apr 2026) reports an expected workforce of ~1,000 over five years, differing from the ~1,500 promised in Oct 2023. Governor's release notes a Texas Enterprise Fund grant of $5,684,350.",https://www.jcb.com/en-US/explore/insight/news/2023/10/jcb-announces-plans-for-a-new-manufacturing-facility-in-san-antonio-texas/ https://gov.texas.gov/news/post/governor-abbott-announces-jcb-manufacturing-facility-expansion-in-san-antonio,https://www.ksat.com/news/local/2026/04/01/jcb-texas-manufacturing-facility-on-south-side-on-track-to-open-this-fall/,"Capital figure discrepancy: Governor's release states 'more than $265 million in capital investment'; JCB's own announcement gives no dollar figure; the lead summary's $500M is not supported by the read sources, so used 265000000. Promise sources state no production/first-output date (only that construction would 'begin early next year'), so promised_first_output left as unconfirmed.",,2023-10-15,,,"October 13, 2023",unconfirmed,"still on target to open this fall, in October",,US,100M-or-200-jobs
220,2026-09-06T23:19:02Z,201,Schreiber Foods Carthage Process-Cheese Plant,Food and Beverage,MO,2024-12,211000000,150,2027,pending,"ON HOLD; project indefinitely paused April 2025, no resumption reported as of Sept 2026",-1.0,-1.0,P,"$211M, 168,000-sq-ft process-cheese facility on Hazel Avenue, ~150 direct jobs; construction mobilization expected Jan 2025, completion targeted 2027. Status source (Joplin Globe, 2025-04-24) reports Schreiber told Carthage City Council it was 'indefinitely pausing' the project citing 'general uncertain economic conditions.' Only a completion date (2027), not a first-output date, was ever stated.",https://www.schreiberfoods.com/whats-happening/schreiber-foods-announces-major-expansion-in-carthage-missouri/,https://www.joplinglobe.com/news/local_news/schreiber-puts-carthage-production-plans-on-hold-citing-uncertain-economic-conditions/article_ae7e21e7-48f7-49a6-a5ca-ee4a66d016c3.html,"status_source is premium/paywalled and 429s to WebFetch; read via curl with browser UA. Source discrepancy: the Joplin Globe status article describes the same project as a '$316 million' plant 'announced in November 2024', whereas the official Schreiber release states '$211 million' announced December 11, 2024 (used here as the initial announcement figure/date). promised_first_output is the stated completion year (2027); no explicit production-start date was published.",,2024-12-15,2027-07-01,,"Announcement Date: December 11, 2024",completion expected in 2027,indefinitely pausing its Carthage production facility project,,US,100M-or-200-jobs
221,2026-09-06T23:19:51Z,202,AbbVie North Chicago API Facilities,Pharmaceuticals,IL,2026-02,380000000,300,2029,pending,"ANNOUNCED; construction slated to begin spring 2026, fully operational expected 2029",-1.0,-1.0,P,"Two new API manufacturing facilities at AbbVie's existing North Chicago, Illinois campus. ~300 direct hires (engineers, scientists, manufacturing operators, lab technicians).",https://news.abbvie.com/2026-02-23-AbbVie-to-Invest-380-Million-in-North-Chicago-to-Further-Expand-Active-Pharmaceutical-Ingredient-Manufacturing-in-the-United-States,https://www.fiercepharma.com/manufacturing/abbvie-us-investment-tear-splashes-380m-2-new-api-plants-illinois-home-campus,status_source 403s to WebFetch; read via curl with browser user agent over HTTP/1.1,,2026-02-15,2029-07-01,,"AbbVie to Invest $380 Million in North Chicago ... (news release dated February 23, 2026)",both new facilities expected to be fully operational in 2029,Construction will begin in spring 2026,,US,100M-or-200-jobs
222,2026-09-06T23:22:40Z,203,Canadian Solar (CS PowerTech) Jeffersonville Solar Cell Facility,Solar,IN,2023-10,800000000,1200,2025,2026-07,"PRODUCING; Phase I HJT cell line opened and beginning commercial production, ramping toward 6 GW full buildout",2.7,1.0,P,"Facility produces heterojunction (HJT) bifacial n-type solar cells; supplies CS PowerTech's Mesquite, TX module plant. Announced at 5 GW / >$800M; status source (Jul 2026) describes ~6 GW full buildout and nearly $1 billion total local investment (later figures, not summed into promised_capital_usd per re-announcement rule). Phase one ramping over coming months; phase two planned before end of 2026.",https://investors.canadiansolar.com/news-releases/news-release-details/canadian-solar-announces-us-solar-cell-manufacturing-facility,https://pv-magazine-usa.com/2026/07/24/canadian-solar-subsidiary-opens-6-gw-solar-cell-factory-in-indiana/,promise_source original 403s to WebFetch/curl; read via http://web.archive.org/web/20260724122220/https://investors.canadiansolar.com/... snapshot. promised_date_source (in.gov IEDC) 404s with no Wayback snapshot available; promised date instead supported by promise_source ('by the end of 2025'). status_source dates the Jul 2026 opening but not a precise ribbon-cutting day; actual_first_output token set to 2026-07 from article date.,,2023-10-15,2025-07-01,2026-07-15,"GUELPH, ON, Oct. 30, 2023 /PRNewswire/ -- Canadian Solar Inc. ... today announced that it is establishing a 5 GW Solar PV cell production facility at the River Ridge Commerce Center in Jeffersonville, Indiana",Production at the Jeffersonville facility is expected to begin by the end of 2025.,"Canadian Solar subsidiary CS PowerTech officially opened phase one of its solar cell manufacturing plant in Jeffersonville, Indiana ... By Ryan Kennedy Jul 24 2026 ... CS PowerTech Inc. has launched the first phase of its flagship PV cell manufacturing facility",,US,100M-or-200-jobs
224,2026-09-06T23:24:45Z,204,Siemens Fort Worth electrical equipment plant,Other,TX,2023-11,150000000,800,2024,2025-03-06,PRODUCING; ramping toward 800 jobs by 2026 (480 filled at opening),1.3,0.7,P,"Low-voltage switchgear/switchboards for data-center customers; 500,000 sq ft at 7200 Harris Legacy Drive. Initial US$150M announcement (Nov 2023) scaled to US$190M by the March 2025 opening. Part of Siemens' broader U.S. manufacturing investment.",https://press.siemens.com/global/en/pressrelease/siemens-invest-more-us500-million-us-manufacturing-critical-infrastructure-2023,https://fortworthreport.org/2025/03/06/siemens-opens-190m-plant-in-south-fort-worth-adding-800-jobs-by-2026/,"promised_jobs (800) is the Fort Worth plant's stated jobs target by 2026 per the status source; the promise source gives only a U.S.-wide ~1,700 total, not a Fort Worth figure. Other used; candidate new sector: Electrical Equipment (low-voltage switchgear/switchboards). status_source read via curl browser UA (HTTP 429 on default fetch).",,2023-11-15,2024-07-01,2025-03-06,Press Release 03 November 2023 ... Siemens to invest more than US$500 million in U.S. manufacturing of critical infrastructure in 2023,"Production at the new facility in Fort Worth is expected to start in calendar year 2024, gearing up for full operations in 2025.",German global technology giant Siemens electronically cut the ribbon on its new $190 million electrical equipment manufacturing plant in Fort Worth on March 6.,,US,100M-or-200-jobs
225,2026-09-06T23:26:04Z,205,KORE Power KOREPlex Buckeye,Battery,AZ,2021-07,1200000000,3000,2023-Q2,never,"CANCELLED; KORE Power abandoned the Arizona KOREPlex (Feb 2025), founder/CEO resigned, never entered production",-2.0,-2.0,P,"12 GWh planned capacity (initial 6 GWh, expandable to 12 GWh). Backed by an $850M DOE loan commitment that ultimately never closed. Original production goal was Q2 2023; opening later slipped to early 2025 before cancellation. Founder/CEO Lindsay Gorrill resigned, Jay Bellows became CEO; company continues manufacturing at Waterbury, Vermont.",https://www.azcommerce.com/news-events/news/2021/7/kore-power-selects-arizona-site-for-one-million-square-foot-koreplex-lithium-ion-battery-manufacturing-facility/,https://www.renewableenergyworld.com/energy-storage/battery/battery-manufacturer-bails-on-highly-anticipated-1-2b-lithium-ion-plant-in-arizona-ceo-and-founder-steps-down/,"promise_source 403s to WebFetch; read via curl browser UA. The July 2021 announcement release states 3,000 jobs and 12 GWh but no dollar figure; the $1.2B promised_capital_usd is from status_source.",,2021-07-15,2023-05-15,,"PHOENIX, AZ (July 29, 2021) — KORE Power, Inc. announced today the first lithium-ion battery manufacturing facility wholly owned by a U.S. company will be built in Maricopa County.",KORE plans to start construction of the facility by the end of the year with the goal of beginning production in Q2 2023.,KORE Power is bailing on its plans for a $1.2 billion lithium-ion battery gigafactory in Arizona; the company ultimately never closed on the Department of Energy loan deal and the plant never entered production.,,US,100M-or-200-jobs
226,2026-09-06T23:26:54Z,206,"Pilgrim's Prepared Foods Facility, Walker County",Food and Beverage,GA,2025-07,400000000,630,unconfirmed,pending,"UNDER CONSTRUCTION; broke ground Nov 13, 2025; hiring expected 2027",-1.0,-1.0,P,"Greenfield fully-cooked chicken prepared-foods plant at Walker County Business Park, LaFayette, GA. Construction expected to begin fall 2025. Hiring aligns with first-phase completion in 2027.",https://georgia.org/press-releases/2025/pilgrims-build-new-prepared-foods-facility-creating-630-new-jobs-walker-county,https://jbsfoodsgroup.com/articles/pilgrim-s-breaks-ground-on-new-prepared-foods-facility-in-walker-county-georgia,"Neither source states an explicit production/first-output date; sources cite hiring beginning in 2027 aligned with first-phase completion, used as proxy context only, so promised_first_output left as unconfirmed.",,2025-07-15,,,"July 24, 2025","hiring is expected to begin in 2027, aligning with the expected completion of the first phase","Construction is set to begin this fall; groundbreaking ceremony held November 13, 2025",,US,100M-or-200-jobs
228,2026-09-06T23:28:41Z,207,U.S. Steel Fairfield Tubular Operations Quench & Tempering Line,Steel,AL,2026-06,475000000,0,2029-Q2,pending,APPROVED/FUNDED; construction not yet begun; full production expected Q2 2029,-1.0,-1.0,P,"Approximately $475M Quench & Tempering line adding capacity for heat-treated OCTG tubular products, part of a broader tubular expansion targeting Permian basin oilfield demand. Separate $75M Fairfield thread-line investment announced 2025 is not included. Nippon Steel acquired U.S. Steel for $14.9B in June 2025.",https://www.ussteel.com/media/newsroom/-/blogs/u-s-steel-invests-approximately-475-million-in-state-of-the-art-quench-tempering-line-at-fairfield-tubular-operations,https://businessalabama.com/u-s-steel-investing-475m-in-fairfield/,"status_source 403s to WebFetch and to a browser-UA curl; read via curl with browser UA + Accept/Referer headers. No direct-jobs figure stated in either source, recorded as 0; capital ($475M) clears the $100M floor.",,2026-06-15,2029-05-15,,"Announcement Date: June 24, 2026",expected to reach full production by Q2 2029,U. S. Steel has announced plans to invest $475 million in its Fairfield Tubular Operations to install a new Quenching & Tempering Line.,,US,100M-or-200-jobs
229,2026-09-06T23:29:44Z,208,Coherent InP Fab Expansion Sherman,Semiconductors,TX,2026-06,650000000,550,unconfirmed,pending,CONSTRUCTION; broke ground June 2026,-1.0,-1.0,P,"$650M total expansion figure stated by status_source (IndexBox); promise_source (Coherent PR) cites up to $50M CHIPS direct funding plus ~$20M from Texas sources but no single total. Expansion will double production space and quadruple 6-inch InP wafer capacity; Coherent intends to increase wafer production fourfold within a year of the expansion becoming operational. Jobs: 550+ direct of 1,000+ total.",https://www.coherent.com/news/press-releases/a-chip-letter-of-intent-for-50m-to-expand-world-leading-manufacturing-facility-for-ai-infrastructure,https://www.indexbox.io/blog/coherent-breaks-ground-on-650m-semiconductor-expansion-in-sherman-texas/,"Capital discrepancy: $650M total only in status_source; promise_source states up to $50M CHIPS + ~$20M Texas, no total. Groundbreaking date discrepancy: promise_source dates it June 16, 2026; status_source says Jun 23, 2026. No promised first-output date stated in either source.",,2026-06-15,,,"June 16, 2026 ... a groundbreaking ceremony to be held later today",unconfirmed,has officially commenced construction,,US,100M-or-200-jobs
230,2026-09-06T23:30:58Z,209,"Otto Aerospace Phantom 3500 Manufacturing Facility & HQ (Cecil Airport, Jacksonville)",Aerospace and Defense,FL,2025-06,430000000,400,2030,pending,"PRE-CONSTRUCTION; interim R&D hangar (Hangar 825) renovation underway, full factory construction slated to begin 2028, aircraft production/deliveries targeted ~2030",-1.0,-1.0,P,"Manufacturing facility and HQ to build the Phantom 3500 business jet. Interim R&D space via a $12.1M renovation of Cecil Airport Hangar 825 (city permit issued Aug 28, 2026). Incentives package (per promise_source): JAA $34.9M, City of Jacksonville $20M REV grant, State of Florida >$430M Corporate Income Tax Credits. Jobs may expand to 1,200 by 2040 per status_source.",https://ottoaerospace.com/news/otto-aviation-announces-new-manufacturing-facility-and-headquarters-in-jacksonville-florida/,https://www.jaxdailyrecord.com/news/2026/aug/31/otto-aerospace-starting-construction-at-cecil-airport-in-2028-jaa-coo-says/,"promised_jobs (400) taken from status_source ('creation of at least 400 jobs...by the end of 2031'); promise_source states only 'hundreds of manufacturing and engineering jobs' with no precise count. promise_source notes flight-test-vehicle production in 2026 and flight tests early 2027, but facility aircraft production/entry into service is 2030.",,2025-06-15,2030-07-01,,06.16.25,aims to achieve certification and entry into service in 2030,"Otto right now is anticipating starting construction around the '28 time frame, 2028",,US,100M-or-200-jobs
231,2026-09-06T23:32:29Z,210,Silfab Solar Fort Mill,Solar,SC,2023-09,150000000,800,2024-Q3,2025,"PRODUCING; temporary idle of cell and module lines Aug 5-11, 2026 for supply constraints and maintenance",1.8,0.9,P,"~785,000-sq-ft leased building at 7149 Logistics Lane, Fort Mill (York County), SC; ~1 GW cell / 1.2 GW module capacity per lead. Site faces York County zoning litigation: May 2024 Board of Zoning Appeals ruled 5-0 solar cell manufacturing not a permitted light-industrial use, upheld by a SC circuit court; March 2026 300-gallon chemical spill triggered a stop-work order. Status source confirms cell and module lines are operating but does not date first output.",https://silfabsolar.com/silfab-solar-growing-us-presence-by-establishing-flagship-operation-in-york-county/,https://www.fortmillsun.com/2026/07/31/silfab-solar-to-halt-production-at-fort-mill-plant-again-for-upgrades-supply-constraints/,"status_source 403s to WebFetch; read via curl with browser user agent (HTTP 200). Sources confirm the plant has reached production but none dates first output, so actual_first_output is unconfirmed. Resolved: first output dated 2025 from actual_date_source. First output = module/solar assembly production; the promised solar-cell line is entangled in York County zoning litigation, but the plant's first actual output (modules) began in 2025. Corroborated: Silfab's own Jan 2 2025 post says the facility had not yet started production, and pv magazine USA (Apr 2025) reports it was on track to begin deliveries in Q2 2025 — consistent with a 2025 start. No source read gives a finer month/quarter. status_source (fortmillsun) 403s to WebFetch.",,2023-09-15,2024-08-15,2025-07-01,"Sept. 19, 2023",Operations are expected to be online in the third quarter of 2024.,"The County has confirmed that Silfab's recent communication referencing a temporary idling of production operations relates to its solar assembly operations, which commenced in 2025 and have been ongoing.",https://www.yorkcountysc.gov/1113/Information-on-Silfab-Solar,US,100M-or-200-jobs
232,2026-09-06T23:36:06Z,211,T1 Energy G2_Austin Solar Cell Facility,Solar,TX,2025-06,850000000,1800,2026 (second half),pending,"PRE-PRODUCTION; building ready for interior MEP, first production-line equipment arriving at US ports; first cell production now targeted Q1 2027 (slipped from end-2026)",-1.0,-1.0,P,"Milam County, Texas commissioners approved a long-term tax abatement subject to employment/investment thresholds. Phase I capex later raised to US$510M (incl. a 20% contingency) per pv-tech Aug 14, 2026. Original goal of first cell production by end of 2026 slipped to Q1 2027. Distinct facility from T1's G1 module plant.",https://ir.t1energy.com/news-releases/news-release-details/t1-energy-advances-850-million-planned-5-gw-solar-cell-plant,https://www.pv-tech.org/t1-energy-reports-us250-million-q2-sales/,promise_source timed out on WebFetch and returned HTTP 403 on curl; read via web.archive.org snapshot http://web.archive.org/web/20250919165820/https://ir.t1energy.com/news-releases/news-release-details/t1-energy-advances-850-million-planned-5-gw-solar-cell-plant of the original.,,2025-06-15,2026-10-01,,"AUSTIN, Texas and NEW YORK, June 16, 2025 (GLOBE NEWSWIRE) -- T1 Energy Inc. (NYSE: TE) (“T1,” “T1 Energy,” or the “Company”) announced the selection of Yates Construction as contractor for preconstruction services and site preparations for its planned $850 million, G2_Austin 5 GW Solar Cell Facility.","The facility is expected to begin producing cells by the end of 2026, and create up to 1,800 full-time jobs.",The company is targeting first cell production at G2_Austin in the first quarter of 2027.,,US,100M-or-200-jobs
233,2026-09-06T23:37:49Z,212,JST Corp. Guntersville Electronic Connector Facility,Other,AL,2026-04,500000000,80,unconfirmed,pending,"PRE-CONSTRUCTION; groundbreaking expected May 2026, no production yet",-1.0,-1.0,P,"540,000-sq-ft automation-based manufacturing and design facility on a new 240-acre site at Conners Island Business Park, Guntersville (Marshall County). Every phase of production automated (injection molding, stamping, plating). JST has operated in Guntersville since 2003 with 25 current employees; 80 jobs added initially.",https://www.madeinalabama.com/2026/04/jst-chooses-lake-guntersville-for-500-million-electronic-connector-manufacturing-facility/,https://www.waff.com/2026/04/20/jst-announces-500-million-expansion-guntersville/,"Neither source states a promised production/completion date, so promised_first_output left as unconfirmed (the lead summary's 'early 2029 completion' is not supported by either cited page). Other used; candidate new sector: Electronics / Electrical Components (electronic connectors and cable assemblies).",,2026-04-15,,,"Dawn Azok April 17, 2026 GUNTERSVILLE, Alabama – A global leader in the design and manufacturing of electronic connectors plans to expand its North Alabama operations in a $500 million project that will create 80 jobs.",unconfirmed,"Groundbreaking is expected as soon as next month, marking the start of one of the largest industrial projects the city has seen.",,US,100M-or-200-jobs
