id,datetime,promise_source,status_source,promised_date_source,summary,collected_via
1,2026-09-04T19:06:51Z,https://www.intc.com/news-events/press-releases/detail/1521/intel-announces-next-us-site-with-landmark-investment-in,https://www.axios.com/local/columbus/2026/05/12/intel-ohio-stock-project-2026,https://www.cnbc.com/2025/02/28/intel-delays-ohio-plant-opening-to-2030-production-was-to-start-2026.html,"Intel announced its ~$20B (later $28B) 'Ohio One' semiconductor fab complex in New Albany/Licking County, OH in January 2022, with production originally slated for late 2025. Most recent status (Axios Columbus, May 2026): construction is underway with the 'go vertical' milestone reached, but first-fab production has slipped to ~2031.",prompt1
2,2026-09-04T19:07:35Z,https://www.corporate.ford.com/articles/electrification/blue-oval-city.html,https://tennesseelookout.com/2026/05/22/sk-on-tennessee-takes-control-of-battery-plant-in-stanton-as-joint-venture-with-ford-dissolves/,,"Ford and SK On announced the BlueOval City battery plant in Stanton, TN in September 2021 (part of an $11.4B multi-plant plan; the Tennessee site ~$5.6B, thousands of promised jobs). Most recent status (Tennessee Lookout, May 2026): the BlueOval SK joint venture was dissolved and SK On took full ownership of the Tennessee battery plant; construction is complete but the plant is not yet producing, with output now slated to begin around 2028.",prompt1
3,2026-09-04T19:08:29Z,https://ir.steeldynamics.com/steel-dynamics-announces-planned-new-flat-roll-steel-mill-site-selection/,https://ir.steeldynamics.com/steel-dynamics-reports-fourth-quarter-and-annual-2025-results/,https://www.prnewswire.com/news-releases/steel-dynamics-announces-planned-new-flat-roll-steel-mill-site-selection-300888920.html,"Steel Dynamics announced a ~$1.9B electric-arc-furnace flat-roll steel mill (3M-ton capacity, ~600 direct jobs) in Sinton, TX in July 2019. Most recent status (SDI Q4/full-year 2025 results): the Sinton Flat Roll Division is in full operation, running at high capacity rates (86%+ in Q1 2025) and contributing to record company steel shipments in 2025.",prompt1
4,2026-09-04T19:09:02Z,https://investor.lilly.com/news-releases/news-release-details/lilly-announces-1-billion-investment-new-manufacturing-facility,https://www.pharmaceutical-technology.com/projects/eli-lilly-parenteral-products-facility-concord/,,"Eli Lilly announced a $1B parenteral (injectable) products and devices manufacturing facility in Concord (Cabarrus County), NC in January 2022, with ~600 promised jobs. Most recent status: the site opened in mid-2024, began commercial production and shipped its first medicines by end of 2024, and as of 2026 is operational with total investment grown to ~$2B and employment exceeding 750.",prompt1
5,2026-09-04T19:09:31Z,https://georgia.org/press-releases/2023/qcells-more-double-production-georgia-create-2500-new-jobs,https://pv-magazine-usa.com/2026/06/09/qcells-begins-production-of-solar-cells-in-cartersville-georgia/,https://us.qcells.com/blog/qcells-begins-solar-cell-manufacturing-at-americas-first-and-only-vertically-integrated-solar-factory-in-cartersville-georgia/,"Qcells (Hanwha) announced a ~$2.5B vertically integrated solar manufacturing factory in Cartersville (Bartow County), GA in January 2023, part of a plan to create ~2,500 new jobs in northwest Georgia. Most recent status (pv magazine USA, June 2026): the Cartersville plant began solar cell production, with module assembly at full capacity and full ingot/wafer/cell production expected by Q3 2026.",prompt1
6,2026-09-04T19:51:08Z,https://pr.tsmc.com/english/news/2033,https://www.trendforce.com/news/2026/03/24/news-tsmc-reportedly-eyes-2h27-3nm-mass-production-at-arizona-fab-2-four-u-s-fabs-said-to-be-fully-booked/,,"TSMC announced in May 2020 its intention to build an advanced semiconductor fab in Phoenix, AZ (~$12B, 5nm, ~1,600 direct jobs, production targeted 2024). As of a March 2026 report, the first Arizona fab is in high-volume production (N4, since late 2024) and the second fab is targeting 3nm mass production as early as 2H 2027.",prompt1
7,2026-09-04T19:52:10Z,https://georgia.org/hyundai-motor-group-metaplant-america,https://www.automotivemanufacturingsolutions.com/smart-factory/hyundai-reshapes-vehicle-production-at-metaplant-america/2677700,,"Hyundai Motor Group announced its Metaplant America EV/hybrid assembly plant in Bryan County, GA on May 20, 2022 (~$5.54B, ~8,100 direct jobs, production targeted 2025). As of a June 2026 report the plant is operational, producing the Hyundai Ioniq 5, Ioniq 9 and Kia Sportage hybrid, ramping toward 500,000 units/year annual capacity.",prompt1
8,2026-09-04T19:52:55Z,https://www.opportunitylouisiana.gov/news/formosa-selects-st-james-parish-for-9-4-billion-louisiana-project,https://earthjustice.org/press/2026/groups-sue-over-formosa-plastics-permit-extensions,,"Formosa Petrochemical (Sunshine Project) was announced in 2018 for a ~$9.4B, 14-plant petrochemical/plastics complex in St. James Parish, LA (~1,200 direct jobs). As of a February 2026 report, the facility remains unbuilt: major construction has been on hold since November 2020 and the project is in ongoing permit litigation, not cancelled.",prompt1
9,2026-09-04T19:53:48Z,https://www.prnewswire.com/news-releases/building-for-the-future-chobani-invests-1-2-billion-in-upstate-new-york-to-build-third-us-dairy-processing-plant-302434586.html,https://www.foodprocessing.com/business-of-food-beverage/capital-spending/news/55397882/chobani-updates-construction-status-on-12-billion-rome-new-york-facility,,"Chobani announced on April 22, 2025 a $1.2B dairy processing plant at the Triangle Site in Rome (Oneida County), NY, promising 1,000+ direct jobs. As of an Aug 13, 2026 update the project is delayed: after an April 2025 groundbreaking, early site work is underway but Phase 1 production is now slated to begin between spring 2027 and summer 2028.",prompt1
10,2026-09-04T19:54:29Z,https://governor.ohio.gov/media/news-and-media/ohio-partners-with-anduril-to-rebuild-the-arsenal-for-essential-national-security-needs,https://breakingdefense.com/2026/03/as-fury-production-starts-anduril-pledging-a-different-production-approach-at-arsenal-1/,,"Anduril Industries announced its 'Arsenal-1' autonomous-weapons manufacturing facility in Pickaway County, OH (near Rickenbacker Airport) on Jan 16, 2025, committing ~$910M capital and ~4,000 direct jobs by 2035, with production targeted July 2026. As of a March 2026 report the plant has begun producing the Fury autonomous combat drone, ahead of the original timeline, with Roadrunner, Barracuda and a classified platform expected by end of 2026.",prompt1
11,2026-09-04T19:55:49Z,https://news.samsung.com/global/samsung-electronics-announces-new-advanced-semiconductor-fab-site-in-taylor-texas,https://www.trendforce.com/news/2026/03/03/news-delay-at-samsungs-taylor-reportedly-slips-mass-production-to-2027-raising-concerns-for-tesla/,https://gov.texas.gov/news/post/governor-abbott-announces-new-17-billion-samsung-manufacturing-facility-in-taylor,"Samsung Electronics announced a ~$17B advanced semiconductor fab in Taylor (Williamson County), TX in November 2021, promising 2,000+ direct jobs with an originally targeted second-half-2024 start. As of the most recent reporting (TrendForce, March 2026) the fab is in trial operations and full-scale mass production has slipped to early 2027.",prompt1
12,2026-09-04T19:56:25Z,https://www.kansascommerce.gov/2022/07/kansas-lands-4b-4000-job-panasonic-energy-electric-vehicle-battery-plant/,https://www.kctv5.com/2026/06/19/kansas-city-area-panasonic-plant-start-making-batteries-data-centers/,,"Panasonic Energy announced a ~$4B EV battery manufacturing plant in De Soto (Johnson County), KS in July 2022, promising up to 4,000 direct jobs on the former Sunflower Army Ammunition Plant site. As of the most recent reporting (KCTV5, June 2026) the plant is operational and producing EV battery cells, with additional lines and a planned data-center battery expansion underway.",prompt1
13,2026-09-04T19:57:02Z,https://governor.sc.gov/news/2023-03/scout-motors-selects-south-carolina-production-site-plans-create-4000-jobs,https://blog.scoutmotors.com/july-2026-scout-motors-production-center-update/,https://www.wltx.com/article/money/business/scout-motors-groundbreaking-richland-county/101-3ef5ffda-dab3-4e11-9fad-0e613c2e97da,"Scout Motors (backed by Volkswagen) announced a ~$2B electric truck and SUV assembly plant in Blythewood (Richland County), SC in March 2023, promising 4,000 direct jobs and an originally targeted 2026 start of production. As of the most recent update (Scout Motors, July 2026) the plant is still in construction and production-readiness, with customer production now expected in 2028.",prompt1
14,2026-09-04T19:57:52Z,https://investor.lilly.com/news-releases/news-release-details/lilly-plans-invest-21-billion-new-manufacturing-sites-indiana,https://www.wfyi.org/wfyi-news/2026-05-06/lilly-unveils-new-genetic-medicine-facility-in-lebanon-leap-district-and-4-5-billion-investment,,"Eli Lilly announced in May 2022 a ~$2.1B investment in new pharmaceutical manufacturing at the LEAP Innovation District in Lebanon (Boone County), IN (later expanded well beyond that) to make active ingredients and new therapeutic modalities. As of the most recent reporting (WFYI, May 6, 2026) its first facility, Lilly Lebanon Advanced Therapies, has opened and is producing medicines including Zepbound and Mounjaro, with further facilities under construction. (This is a distinct Indiana site, separate from Lilly's Concord, NC plant.)",prompt1
15,2026-09-04T19:58:49Z,https://www.wsaz.com/video/2022/01/13/nucor-announces-plans-build-mason-county-west-virginia/,https://www.steelmarketupdate.com/2026/04/28/nucor-west-virginia-mill-is-85-complete-commissioning-to-finish-in-2026/,https://www.energy.senate.gov/2023/10/manchin-celebrates-groundbreaking-of-nucor-steel-s-3-billion-mason-county-sheet-mill,"Nucor announced in January 2022 a greenfield sheet steel mill at Apple Grove in Mason County, WV (initially ~$2.7B, later ~$3.1B and up to ~$4B), promising roughly 800 full-time direct jobs and a 3-million-ton/year capacity. As of the most recent reporting (Steel Market Update, April 2026) the mill is about 85% complete with commissioning running through 2026 and commercial shipments expected to begin in early 2027. (Distinct from Steel Dynamics' Sinton, TX mill.)",prompt1
16,2026-09-04T20:00:05Z,https://investors.micron.com/news/press-release/2022/Micron-Announces-Historic-Investment-of-up-to-100-Billion-to-Build-Megafab-in-Central-New-York-10-04-2022/default.aspx,https://investors.micron.com/news/press-release/2026/Micron-Accelerates-U-S--Investments-Pours-First-Concrete-at-New-York-Fab/default.aspx,https://www.governor.ny.gov/news/promise-progress-governor-hochul-celebrates-groundbreaking-microns-semiconductor-manufacturing,"Micron announced on Oct 4, 2022 an investment of up to $100B (first phase ~$20B) to build a semiconductor memory (DRAM) megafab in Clay (Onondaga County), NY, promising ~9,000 direct Micron jobs. Most recent status (Micron press release, July 9, 2026): broke ground Jan 2026 and poured first concrete for the first of four fabs, reported to be running ahead of schedule.",prompt1
17,2026-09-04T20:00:45Z,https://www.gpb.org/news/2021/12/17/rivian-electric-vehicle-factory-drives-generational-5b-and-7500-jobs-east-georgia,https://www.ajc.com/business/2026/08/rivian-says-construction-progressing-well-at-5b-georgia-factory-site/,https://georgia.org/rivian,"Rivian announced in December 2021 a ~$5B electric-vehicle assembly plant in the Stanton Springs North site near Social Circle (Walton/Morgan counties), GA, promising ~7,500 direct jobs and production originally targeted for 2024. Most recent status (Atlanta Journal-Constitution, Aug 2026): after a 2024 pause, Rivian held a Sept 2025 groundbreaking, began vertical construction in May 2026 and reports construction 'progressing well,' with production now expected in late 2028.",prompt1
18,2026-09-04T20:01:36Z,https://www.commerce.nc.gov/news/press-releases/governor-cooper-announces-north-america%E2%80%99s-largest-end-end-biopharmaceutical,https://fujifilmbiotechnologies.fujifilm.com/about/news/opening-of-commercial-scale-cell-culture-manufacturing-site-in-north-carolina/,,"FUJIFILM Diosynth Biotechnologies announced in March 2021 a ~$2B large-scale cell-culture (biologics/monoclonal antibody) manufacturing facility in Holly Springs (Wake County), NC, promising ~725 direct jobs (later expanded, total site ~$3.2B). Most recent status (Fujifilm Biotechnologies grand-opening release, Sept 24, 2025): Phase 1 site opened commercially with 8 x 20,000L bioreactors and ~680+ employees, with drug-product/finished-goods lines coming online in early 2026.",prompt1
19,2026-09-04T20:02:51Z,https://global.honda/en/newsroom/news/2022/c221011aeng.html,https://lhbattery.com/l-h-battery-company-begins-mass-production-of-ess-battery-cells-in-fayette-county-ohio/,https://governor.ohio.gov/media/news-and-media/governor-dewine-announces-honda-to-invest-in-ohio-for-electric-vehicle-production-including-new-battery-plant-with-lg-energy-solution-10112022,"Honda and LG Energy Solution announced on Oct 11, 2022 a joint-venture lithium-ion EV battery cell plant (L-H Battery Company) in Fayette County near Jeffersonville, OH, committing $3.5B (overall ~$4.4B) and ~2,200 direct jobs, with mass production originally targeted for end of 2025. Most recent status (L-H Battery Company release, July 1, 2026): the completed facility began mass production, employing 1,000+ associates, and has shifted its initial output to energy-storage-system (ESS) cells (plus hybrid-vehicle cells) rather than the originally planned EV batteries.",prompt1
20,2026-09-04T20:03:37Z,https://www.cpchem.com/media-events/news/news-release/chevron-phillips-chemical-and-qatarenergy-construct-integrated,https://www.bicmagazine.com/departments/operations/cpchem-golden-triangle-polymers-facility-startup-phase/,https://www.goldentrianglepolymers.com/project-overview/,"Chevron Phillips Chemical and QatarEnergy announced on Nov 15, 2022 the ~$8.5B Golden Triangle Polymers integrated petrochemical facility (2.08M tpa ethane cracker plus two HDPE polyethylene units) in Orange (Orange County), TX, promising 500+ direct full-time jobs, with operations originally targeted for 2026. Most recent status (BIC Magazine, May 14, 2026): the plant is in its commissioning and startup phase, with full operation expected in 2027.",prompt1
21,2026-09-04T20:04:32Z,https://www.ti.com/about-ti/newsroom/news-releases/2022/2022-05-18-texas-instruments-breaks-ground-on-new-300-mm-semiconductor-wafer-fabrication-plants-in-sherman--texas.html,https://www.ti.com/about-ti/newsroom/news-releases/2025/texas-instruments-begins-production-at-its-newest-300mm-semiconductor-manufacturing-facility-in-sherman-texas.html,https://gov.texas.gov/news/post/governor-abbott-announces-texas-instruments-potential-30-billion-investment-in-sherman,"Texas Instruments announced (Nov 2021, groundbreaking May 2022) a semiconductor 300mm wafer fab campus in Sherman, TX of up to ~$30B and up to 3,000 direct jobs (four fabs SM1-SM4). Most recent status: first fab SM1 began production in December 2025, ramping to volume by customer demand.",prompt1
22,2026-09-04T20:05:35Z,https://investor.lilly.com/news-releases/news-release-details/lilly-announces-3-billion-expansion-its-recently-acquired,https://dailyreporter.com/2025/03/19/eli-lilly-expansion-pleasant-prairie-kenosha-county/,https://wedc.org/gov-evers-eli-lilly-and-company-celebrate-3-billion-expansion-of-manufacturing-facility-in-wisconsin/,"Eli Lilly announced on Dec 5, 2024 a ~$3B expansion of its recently acquired injectables (Mounjaro/Zepbound) pharmaceutical manufacturing facility in Pleasant Prairie, Kenosha County, WI, promising 750 direct jobs. Most recent facility-specific status: Pleasant Prairie granted final site-plan approval on March 17, 2025 with construction underway and the additions targeted for completion around March 2026 (freshest site-specific update found).",prompt1
23,2026-09-04T20:06:04Z,https://governor.nc.gov/news/press-releases/2021/12/06/governor-cooper-announces-toyota-will-build-companys-first-north-american-battery-plant-north,https://pressroom.toyota.com/toyota-charges-into-u-s-battery-manufacturing/,https://pressroom.toyota.com/toyota-selects-north-carolina-greensboro-randolph-site-for-new-u-s-automotive-battery-plant/,"Toyota announced on Dec 6, 2021 its first North American automotive battery plant (Toyota Battery Manufacturing North Carolina, TBMNC) at the Greensboro-Randolph Megasite in Liberty (Randolph County), NC, initially ~$1.29B and 1,750 direct jobs, later expanded to ~$13.9B and 5,100 jobs. Most recent status: Toyota announced the start of battery production at the plant on Nov 12, 2025 (batteries began shipping June 2025).",prompt1
24,2026-09-04T20:06:41Z,https://www.ualrpublicradio.org/local-regional-news/2022-01-11/u-s-steel-to-locate-3-billion-steel-mill-in-northeast-arkansas,https://www.ussteel.com/w/the-next-generation-of-american-steelmaking-is-big-and-well-underway,,"U.S. Steel announced on Jan 11, 2022 a ~$3B greenfield steel mill ('Big River 2' / BR2, 'Project Blueprint') at its Big River Steel Works in Osceola (Mississippi County), AR, promising ~900 direct jobs and ~3 million tons/yr of new capacity. Most recent status: a U.S. Steel update dated Dec 15, 2025 states BR2 is completed and operational, roughly doubling campus capacity to ~6 million tons/yr, with full ramp targeted into 2026.",prompt1
25,2026-09-04T20:07:10Z,https://governor.alabama.gov/newsroom/2022/11/governor-ivey-announces-first-solar-to-open-1-1-billion-alabama-facility-creating-over-700-clean-energy-manufacturing-jobs-in-lawrence-county/,https://www.businesswire.com/news/home/20240926270735/en/First-Solar-Inaugurates-$1.1-Billion-Alabama-Facility-Adds-3.5-GW-of-Vertically-Integrated-American-Solar-Manufacturing-Capacity,,"First Solar announced in November 2022 a ~$1.1B vertically integrated photovoltaic solar module manufacturing factory at the Mallard Fox West Industrial Complex in Lawrence County (Trinity), AL, promising 700+ direct jobs and 3.5 GW annual capacity. Most recent status: First Solar inaugurated the facility on Sept 26, 2024, bringing it into operation (freshest update found).",prompt1
26,2026-09-05T08:37:53Z,https://edpnc.com/news/june-2024-novo-nordisk-announcement/,https://www.pharmaceutical-technology.com/projects/novo-nordisk-aseptic-and-finished-product-manufacturing-facility-clayton-usa/,https://www.novonordisk.com/news-and-media/news-and-ir-materials/news-details.html?id=168528,"Novo Nordisk announced on June 24, 2024 a ~$4.1B second fill/finish (aseptic + finished product) pharmaceutical manufacturing facility on its Clayton campus in Johnston County, NC, adding 1.4M sq ft and 1,000 direct jobs. Most recent status (trade project profile, 2025): early clearing/foundational work underway, with completion staged 2027-2029 and opening targeted ~2029.",prompt1
27,2026-09-05T08:38:37Z,https://www.iedc.in.gov/events/news/details/2024/04/03/gov.-holcomb-announces-generational-multi-billion-dollar-investment-to-make-indiana-leader-in-semiconductor-packaging,https://www.purdue.edu/newsroom/2026/Q3/sk-hynix-breaks-ground-on-4-billion-advanced-packaging-production-facility-in-purdue-research-park/,https://news.skhynix.com/sk-hynix-signs-investment-agreement-of-advanced-chip-packaging-with-indiana/,"SK hynix announced on April 3, 2024 an ~$3.87B advanced chip-packaging fabrication and R&D facility (first U.S. HBM packaging base) at Purdue Research Park in West Lafayette, IN, with ~1,000 direct jobs. Most recent status (Purdue newsroom, Aug 27, 2026): ceremonial groundbreaking held, construction begun; investment now cited as >$4B, cleanroom/mass production targeted 2028-2029.",prompt1
28,2026-09-05T08:39:33Z,https://corporate.exxonmobil.com/news/news-releases/2017/0419_exxonmobil-and-sabic-select-san-patricio-county-proposed-petrochemical-project-us-gulf-coast,https://www.sabic.com/en/news/31632-exxonmobil-sabic-start-operations-at-gulf-coast-manufacturing-facility,,"ExxonMobil and SABIC announced on April 19, 2017 the selection of San Patricio County (Gregory), TX for the Gulf Coast Growth Ventures petrochemical complex — a world-scale ethane steam cracker feeding two polyethylene units and a monoethylene glycol unit, a multi-billion-dollar (~$10B) investment with ~600 direct jobs. Most recent status (SABIC release, Jan 20, 2022): plant started up ahead of schedule in late 2021, in full operation and directly employing 600+; it has run at volume since (a TCEQ 2024 annual operational report is on file).",prompt1
29,2026-09-05T08:40:16Z,https://www.constructiondive.com/news/foxconn-selects-wi-site-for-10b-display-panel-factory/506562/,https://dailyreporter.com/2025/11/26/foxconn-569m-wisconsin-expansion-mount-pleasant-jobs/,,"Foxconn announced in 2017 (Wisconsin site confirmed Oct 5, 2017) a ~$10B, 20-million-sq-ft flat-panel LCD display factory in Mount Pleasant, Racine County, WI, promising up to 13,000 jobs. Most recent status (The Daily Reporter, Nov 26, 2025): the campus is a far smaller operational plant now making data/AI servers, with ~$717M actually invested and 1,242 jobs as of 2024; Foxconn announced an additional $569M expansion and 1,374 more jobs (total ~$1.2B/2,616 jobs through 2029).",prompt1
30,2026-09-05T08:41:36Z,https://newsroom.mazda.com/en/publicity/release/2018/201801/180111a.html,https://businessalabama.com/mazda-toyota-reaches-4000-employee-goal-adds-production/,https://governor.alabama.gov/newsroom/2018/01/toyota-mazda-selects-alabama-for-1-6-billion-auto-plant-with-4000-jobs/,"Mazda and Toyota announced on Jan 10, 2018 a joint-venture auto assembly plant (Mazda Toyota Manufacturing) in Huntsville, AL — an initial ~$1.6B investment, up to 4,000 direct jobs, and 300,000 vehicles/year capacity (Toyota Corolla Cross + Mazda CX-50). Most recent status I could directly confirm (Business Alabama, Mar 29, 2024): plant fully operational since 2021, reached its 4,000-employee commitment in 2023, investment raised to ~$2.3B, both models in production at up to 300k/yr capacity.",prompt1
31,2026-09-05T08:43:41Z,https://www.opportunitylouisiana.gov/news/china-based-wanhua-chemical-group-selects-louisiana-for-major-chemical-manufacturing-complex,https://www.desmog.com/2019/09/06/chinese-wanhua-chemical-plastics-louisiana-cancer-alley/,,"Wanhua Chemical announced on April 10, 2017 a ~$1.12B MDI/isocyanates chemical manufacturing complex in Louisiana (later sited at Convent, St. James Parish, LA), with 170 direct jobs promised. Most recent available status: the company withdrew its St. James land-use permit application on Sep 4, 2019 and the complex was not built at that site.",prompt1
32,2026-09-05T08:45:01Z,https://www.wolfspeed.com/company/news-events/news/wolfspeed-selects-north-carolina-for-worlds-largest-silicon-carbide-materials-facility/,https://constructionreviewonline.com/news/wolfspeeds-5b-silicon-carbide-factory-in-chatham-county-nears-completion/,,"Wolfspeed announced on Sep 9, 2022 the John Palmour Manufacturing Center (the JP), a ~$5B, ~1,800-job silicon carbide materials facility producing 200mm SiC wafers in Siler City, Chatham County, NC. Most recent status (article updated Feb 16, 2026): facility reached production readiness in late 2025 and is growing its first 200mm SiC crystals and delivering preliminary wafers, after a delayed June 2025 start; Wolfspeed emerged from Chapter 11 restructuring in late 2025 and is ramping slowly.",prompt1
33,2026-09-05T08:46:50Z,https://www.kikkoman.com/en/news/2024/20240613_561.html,https://www.dailyunion.com/news/local/your-warm-welcome-matters-to-us-as-it-looks-to-2026-plant-opening-kikkoman-community/article_121264b7-aa00-44fd-bce7-a702b7a32823.html,,"Kikkoman Foods announced on April 23, 2024 (groundbreaking June 12, 2024) a ~$560M, 240,000-sq-ft greenfield soy sauce and seasonings production plant in Jefferson, Jefferson County, WI, with ~80+ new direct jobs and first soy sauce shipments targeted for fall 2026. Most recent status found (local press, July 20, 2025): plant still under construction, opening targeted for fall 2026.",prompt1
34,2026-09-05T08:48:27Z,https://www.okcommerce.gov/oklahoma-selected-for-4-billion-investment-from-emirates-global-aluminium/,https://www.manufacturingdive.com/news/oklahoma-ag-files-to-halt-inola-smelter-project-ega-century-aluminum/822134/,,"Emirates Global Aluminium announced on May 16, 2025 a ~$4B primary aluminum smelter (later a 60/40 JV with Century Aluminum, ~750,000 tonnes/yr) at the Tulsa Port of Inola, Rogers County, OK, promising ~1,000 direct jobs — the first new U.S. primary aluminum smelter since 1980 (sector: other). Most recent status (Manufacturing Dive, June 5, 2026): still in initial development phase, no construction started, undergoing state environmental review; Oklahoma AG filed a June 2, 2026 suit to block it (remanded to state court on Sep 3, 2026).",prompt1
35,2026-09-05T08:50:09Z,https://www.areadevelopment.com/newsItems/3-29-2019/nucor-manufacturing-meade-county-kentucky.shtml,https://www.steelmarketupdate.com/2025/10/28/nucor-navigates-mixed-flat-rolled-markets-with-strategic-muscle/,,"Nucor announced on March 29, 2019 a steel plate mill (initially ~$1.35B, later ~$1.7B) with 400+ direct jobs and 1.2M tons/yr capacity at Buttermilk Falls Industrial Park in Brandenburg, Meade County, KY. Most recent status (Steel Market Update, Oct 28, 2025): the mill rolled first plate in Dec 2022 and has been operating since, ramping faster than anticipated and EBITDA-positive for a second consecutive quarter.",prompt1
36,2026-09-05T08:51:56Z,https://www.jnj.com/media-center/press-releases/johnson-johnson-to-invest-more-than-2-billion-in-new-advanced-technology-manufacturing-facility-in-north-carolina-to-support-robust-portfolio-growth,https://www.reflector.com/news/local/johnson-johnson-building-second-facility-in-wilson-county/article_b0bb0a28-1de0-4f78-b36f-435b559b00d0.html,,"Johnson & Johnson announced on Oct 1, 2024 a >$2B advanced-technology biologics pharmaceutical manufacturing facility (~420 direct jobs) in Wilson, Wilson County, NC. Most recent status (local press, Jan 9, 2026): construction underway and hiring of advanced-manufacturing staff ramping up; targeted operational ~2028.",prompt1
37,2026-09-05T08:54:24Z,https://www.opportunitylouisiana.gov/news/gov-edwards-and-shintech-announce-1-49-billion-expansion-in-louisiana,https://www.plasticsnews.com/news/shintech-expands-pvc-production-900-million-pounds-louisiana-meet-rising-demand/,,"Shintech (Shin-Etsu subsidiary) announced on July 24, 2018 a ~$1.49B expansion at its Plaquemine, Iberville Parish, LA complex, building new chlor-alkali, vinyl chloride monomer and PVC production units (120 new direct jobs). Most recent status (trade press, late 2024): the new 380,000 t/yr PVC plant came online in Oct 2024 and Shintech added over 900 million lb/yr of PVC capacity by Dec 2024, after delays from the original early-2021 target.",prompt1
38,2026-09-05T08:56:01Z,https://www.detroitnews.com/story/business/autos/ford/2023/02/13/ford-details-3-5-billion-ev-battery-plant-to-be-built-in-marshall/69898581007/,https://wwmt.com/news/local/ford-battery-production-energy-storage-system-marshall-blueoval-site-open-2026-expand-michigan-wwmt,,"Ford announced on Feb 13, 2023 a ~$3.5B lithium-iron-phosphate (LFP) battery cell plant, BlueOval Battery Park Michigan, on the Marshall Megasite in Calhoun County, MI, initially ~2,500 jobs (a distinct site from Ford's BlueOval City in Stanton, TN). Most recent status (local press, 2025-2026): after a 2023 pause and downsizing to ~$3B/~1,700 jobs, construction reached the final-steel-beam milestone and the plant is on track to begin LFP production by summer 2026, with output shifted toward energy-storage cells plus a midsize EV truck.",prompt1
39,2026-09-05T08:57:08Z,https://www.globenewswire.com/news-release/2022/09/01/2508617/0/en/Micron-to-Invest-15-Billion-in-New-Idaho-Fab-Bringing-Leading-Edge-Memory-Manufacturing-to-the-US.html,https://www.kivitv.com/southeast-boise/everything-you-need-to-know-about-microns-massive-boise-manufacturing-expansion,,"Micron announced on Sep 1, 2022 a ~$15B leading-edge DRAM memory fab (its 'ID2' fab, ~2,000 direct jobs) in Boise, Ada County, Idaho — a distinct site from Micron's Clay/Onondaga County, NY megafab. Most recent status (local press, spring 2026): the fab reached the cleanroom 'blowdown' milestone, first-fab construction is expected to complete in 2026, and first chips are expected to roll out in 2027.",prompt1
40,2026-09-05T08:58:32Z,https://www.tn.gov/ecd/news/2017/11/20/governor-haslam--commissioner-rolfe-announce-tyson-foods--inc--to-create-1-500-new-jobs-in-humboldt.html,https://www.fooddive.com/news/tyson-opens-first-new-poultry-plant-in-25-years/598195/,,"Tyson Foods announced on Nov 20, 2017 a new poultry processing complex (processing plant, hatchery and feed mill), initially ~$300M and more than 1,500 direct jobs, in Humboldt, Gibson County, TN, with operations promised for late 2019. Most recent facility-specific status found (trade press, April 2021): the complex — investment grown to ~$425M — opened in April 2021 after delay from the original late-2019 target; no site-specific update newer than 2021 was found (Tyson's 2025-2026 layoffs and closures named other plants, not Humboldt).",prompt1
41,2026-09-05T09:01:33Z,https://www.sccommerce.com/news/samsung-open-380-million-manufacturing-plant-newberry-county,https://www.foxbusiness.com/economy/samsung-weighs-relocating-dryer-production-us-response-trump-tariffs,,"Samsung announced on June 28, 2017 a $380M home appliance (washing machine) manufacturing plant with 950+ direct jobs in Newberry County, SC (former Caterpillar site). Most recent status (Fox Business, Jan 21, 2025): plant operating with ~$500M invested and 1,500+ jobs, and Samsung was weighing shifting dryer production there from Mexico in response to tariffs. Sector: other (home appliances).",prompt1
42,2026-09-05T09:04:16Z,https://governor.alabama.gov/newsroom/2025/02/governor-ivey-announces-that-arcelormittal-plans-1-2-billion-alabama-mill-to-produce-electrical-steel/,https://corporate.arcelormittal.com/media/news-articles/arcelormittal-to-move-forward-with-construction-of-a-new-world-class-electrical-steel-manufacturing-facility,https://automotive.arcelormittal.com/news_and_stories/news/2025ESCalvert,"ArcelorMittal announced on Feb 6, 2025 a $1.2B wholly-owned non-grain-oriented electrical steel (NOES) manufacturing facility (up to 150,000 t/yr) with 200+ permanent direct jobs at Calvert (Mobile County), AL. Most recent status: facility under construction (long-lead equipment ordered, permits received, earthwork/piling underway), on track to begin production in the first half of 2027. Sector: steel.",prompt1
43,2026-09-05T09:05:13Z,https://www.rtx.com/en/prattwhitney/newsroom/news/2020/10/22/pw-announces-plans-for-at-least-650m-investment-through-2027-in-turbine-airfoil-production-facility,https://www.flightglobal.com/prattwhitney/2025/05/pratt-whitney-at-100-manufacturing-advancing-in-asheville/,,"Pratt & Whitney (RTX) announced on Oct 22, 2020 a >$650M, ~1,000,000-sq-ft turbine airfoil production facility (advanced casting foundry) with ~800 new direct jobs in Asheville (Buncombe County), NC. Most recent status (FlightGlobal, May 2025): plant opened in 2022 and is ramping, with output set to double in 2025 and a Jan 2025 $285M foundry expansion (+325 jobs) bringing total commitment to nearly $1B. Sector: aerospace and defense.",prompt1
44,2026-09-05T09:06:20Z,https://governor.sc.gov/news/2026-04/ferrara-candy-company-selects-orangeburg-county-first-south-carolina-operation,https://www.wrdw.com/2026/05/20/ferrara-candy-company-breaks-ground-orangeburg/,https://www.ferrara.com/us/en/ferrara-candy-company-selects-orangeburg-county-new-manufacturing-site,"Ferrara Candy Company announced on April 22, 2026 a $675M, 750,000-sq-ft greenfield candy (NERDS/SweeTARTS/Jelly Belly) manufacturing site in Orangeburg County, SC — its first SC operation — projected to create ~1,000 jobs over 10 years, with first production lines expected in early 2029. Most recent status: Ferrara broke ground in Orangeburg in May 2026. Sector: food and beverage.",prompt1
45,2026-09-05T09:09:12Z,https://www.businesswire.com/news/home/20231130568669/en/Amkor-Announces-US-Advanced-Packaging-and-Test-Facility,https://www.azcommerce.com/news-events/news/2025/10/amkor-technology-breaks-ground-on-new-semiconductor-advanced-packaging-and-test-campus-in-peoria-expands-investment-to-7-billion/,https://www.azcommerce.com/news-events/news/2023/11/amkor-announces-us-advanced-packaging-and-test-facility-in-peoria/,"Amkor Technology announced on Nov 30, 2023 an outsourced semiconductor advanced packaging and test facility in Peoria, AZ, originally ~$2B with ~2,000 direct jobs. Most recent status: Amkor broke ground in Oct 2025 and expanded the planned campus investment to ~$7B / as many as 3,000 jobs across two phases, with first facility completion expected mid-2027 and production beginning early 2028. Sector: semiconductors.",prompt1
46,2026-09-05T09:11:51Z,https://www.commerce.nc.gov/news/press-releases/2024/08/15/governor-cooper-announces-1000-new-jobs-edgecombe-county-natron-energy-selects-kingsboro-megasite,https://www.constructiondive.com/news/sodium-ion-battery-natron-energy-shutters-halts-NC-factory-plans/759603/,https://www.businesswire.com/news/home/20240815622233/en/Natron-Energy-Announces-Plans-for-$1.4-Billion-Giga-Scale-Sodium-Ion-Battery-Manufacturing-Facility-in-North-Carolina,"Natron Energy announced on Aug 15, 2024 a ~$1.4B giga-scale sodium-ion battery manufacturing facility (~1,000 direct jobs, 1.2M sq ft) at the Kingsboro Megasite in Edgecombe County (Rocky Mount), North Carolina. Most recent status: Natron ceased all operations on Sep 3, 2025 amid funding shortfalls; the North Carolina factory was never constructed and is cancelled (per Construction Dive, Sep 2025).",prompt1
47,2026-09-05T09:12:28Z,https://www.madeinalabama.com/2017/09/mercedes-to-launch-electric-vehicle-production-in-1b-alabama-project/,https://businessalabama.com/mercedes-benz-today-officially-opened-a-new-battery-plant-in-bibb-county-a-first-of-its-kind-facility-in-the-state-that-will-provide-batteries-for-electric-vehicles/,,"Mercedes-Benz announced in September 2017 a ~$1B Alabama expansion to launch EV production, anchored by a new ~1M-sq-ft battery plant (up to ~600 direct jobs) at the Scott Davis Industrial Park in Bibb County (near Woodstock), Alabama. Most recent credible status found: the battery plant officially opened and began producing EV batteries for the EQS/EQE SUVs in March/April 2022 (per Business Alabama); no fresher status located.",prompt1
48,2026-09-05T09:13:28Z,https://www.ucb.com/newsroom/press-releases/article/ucb-selects-georgia-for-new-us-biologics-manufacturing-facility-5b-economic-impact-and-330-permanent-jobs,https://www.pharmaceutical-technology.com/projects/ucb-biologics-manufacturing-facility-georgia-us/,,"UCB announced on March 24, 2026 a ~$2B U.S. biologics (biopharmaceutical) manufacturing campus (~330 permanent direct jobs, ~460,000 sq ft on 79 acres) at the Rowen development in Gwinnett County, Georgia. Most recent status: early/planning phase as of mid-2026, with design and construction expected to span roughly six to seven years (per pharmaceutical-technology.com); no production yet.",prompt1
49,2026-09-05T09:14:24Z,https://media.stellantisnorthamerica.com/newsrelease.do?id=20661,https://www.cbtnews.com/stellantis-pauses-detroit-production-to-transition-to-2026-jeep-grand-cherokee-amid-sales-decline/,https://www.michigan.gov/whitmer/news/press-releases/2019/02/26/whitmer-applauds-fca-for-transformative-investment-of-4-5-billion-bringing-6500-new-jobs-to-michigan,"Fiat Chrysler (FCA, now Stellantis) announced on Feb 26, 2019 a ~$1.6B conversion of its Mack Avenue Engine Complex into a new Jeep assembly plant (Detroit Assembly Complex - Mack) with ~3,850 new direct jobs in Detroit, Michigan — the first new auto assembly plant built in Detroit in ~30 years, to build the Jeep Grand Cherokee and a three-row SUV. Most recent status (per CBT News, Apr 22, 2025): the plant is operating and building the Jeep Grand Cherokee, with temporary production pauses to transition to the refreshed 2026 model year.",prompt1
50,2026-09-05T09:16:06Z,https://techcrunch.com/2023/04/26/bosch-to-acquire-tsi-semiconductors-for-1-5b-to-boost-us-chip-production,https://www.semiconductor-today.com/news_items/2026/jul/bosch-160726.shtml,https://www.nist.gov/news-events/news/2026/07/department-commerce-announces-direct-funding-agreement-bosch-225-million,"Bosch announced on April 26, 2023 plans to acquire TSI Semiconductors' Roseville, California site and invest ~$1.5B (later raised to ~$2B) to convert it into a silicon carbide (SiC) semiconductor production facility, creating ~700 manufacturing/engineering/R&D direct jobs. Most recent status (per Semiconductor Today, July 2026): sample chip production has begun, the $225M CHIPS Act direct funding agreement was finalized in July 2026, and first commercial 200mm SiC chips are expected later in 2026.",prompt1
51,2026-09-05T09:17:44Z,https://www.prnewswire.com/news-releases/hyundai-steel-announces-5-8-billion-electric-arc-furnace-based-integrated-steel-mill-in-the-us-driving-sustainable-us-steel-production-and-creating-over-1-300-jobs-302409854.html,https://louisianaradionetwork.com/2026/09/04/48069/,https://www.opportunitylouisiana.gov/hyundai-steel,"Hyundai Steel announced on March 24, 2025 a $5.8B electric arc furnace (EAF)-based integrated steel mill (~1,300 direct jobs, 2.7M metric tons/yr) in Ascension Parish (RiverPlex MegaPark, near Donaldsonville), Louisiana. Most recent status: construction officially broke ground on Sept 4, 2026; commercial production targeted for 2029.",prompt1
52,2026-09-05T09:19:11Z,https://news.abbvie.com/2026-04-22-AbbVie-Selects-North-Carolina-for-New-1-4-Billion-Manufacturing-Campus,https://www.manufacturingdive.com/news/drugmaker-abbvie-durham-north-carolina-manufacturing-campus/818303/,https://www.commerce.nc.gov/news/press-releases/2026/04/22/governor-stein-announces-abbvie-build-new-14-billion-manufacturing-campus-durham,"AbbVie announced on April 22, 2026 a $1.4B, 185-acre pharmaceutical manufacturing campus (small-volume parenteral drug product) in Durham, NC (near Research Triangle Park), planning to hire ~734 direct workers. Most recent status (as of the April 2026 announcement, the freshest reporting available): construction to begin in 2026 with completion targeted by end of 2028; not yet broken ground.",prompt1
53,2026-09-05T09:21:29Z,https://ced.ky.gov/Newsroom/NewsPage/04262017_Braidy_Industries,https://www.wdrb.com/in-depth/kentucky-recoups-15-million-investment-in-failed-braidy-industries-aluminum-mill/article_9a7bf9a6-4029-11ed-853f-4bdd3d23ffd4.html,https://www.lanereport.com/76442/2017/04/braidy-industries-to-create-550-jobs-with-1-3b-aluminum-rolling-mill-in-eastern-kentucky/,"Braidy Industries announced on April 26, 2017 a $1.3B aluminum rolling mill (sheet/plate for auto and aerospace, ~550 direct jobs) in Greenup County (near South Shore/Ashland), Kentucky. Most recent status (freshest reporting available is 2022-2023, as the project is defunct): the mill was never built; the company (renamed Unity Aluminum) abandoned the KY site as too small, the ~205-acre property was returned to the Northeast Kentucky Regional Industrial Authority, and Kentucky recouped its $15M investment.",prompt1
54,2026-09-05T09:23:06Z,https://www.governor.state.nm.us/2024/08/07/ebon-solar-picks-new-mexico-for-major-solar-factory-company-to-invest-a-projected-942-million-create-over-900-jobs/,https://www.abqjournal.com/business/ebon-solar-appears-to-abandon-plans-for-942m-albuquerque-facility/3034250,https://www.manufacturingdive.com/news/ebon-solar-942-milion-plant-albuquerque-new-mexico-mesa-del-sol/723883/,"Ebon Solar announced on Aug 7, 2024 a projected $942M, 834,000-sq-ft solar cell manufacturing factory (~911 direct jobs) at Mesa del Sol in Albuquerque, New Mexico. Most recent status (Albuquerque Journal, early May 2026): the project was abandoned and never entered construction, with New Mexico and city officials confirming it will not move forward amid CFIUS-related concerns.",prompt1
55,2026-09-05T09:24:12Z,https://investor.gm.com/news-releases/news-release-details/general-motors-and-lg-chem-team-advance-toward-all-electric/,https://gmauthority.com/blog/2026/05/ultium-cells-ohio-plant-worker-return-delayed/,https://www.cnbc.com/2019/12/05/gm-lg-to-form-2point3-billion-joint-venture-for-battery-cell-production.html,"GM and LG Chem announced on Dec 5, 2019 a 50/50 joint venture (Ultium Cells LLC) to build a ~$2.3B lithium-ion EV battery cell plant (~1,100 direct jobs, 2.8M sq ft) in Lordstown, Ohio. Most recent status (mid-2026): the plant began production in 2022 (100M cells by Dec 2024) but paused cell production in January 2026 with a mass layoff of ~1,334 hourly workers; a phased return of laid-off workers was underway (July/Aug 2026) as GM/LG adjust to slower-than-expected EV demand.",prompt1
56,2026-09-05T15:01:53Z,https://gov.texas.gov/news/post/governor-abbott-welcomes-tesla-to-texas,https://www.teslarati.com/tesla-cybertruck-model-y-production-noticeably-up-giga-texas/,https://www.chron.com/news/houston-texas/article/Tesla-Texas-gigafactory-Austin-Abbott-Musk-15428792.php,"Tesla announced Gigafactory Texas, a ~$1.1B+ EV auto assembly plant employing at least 5,000 in southeast Travis County near Austin, TX, in July 2020. As of the most recent reporting (May 2026) the plant is at volume, producing Model Y, Cybertruck and Cybercab.",prompt1
57,2026-09-05T15:02:47Z,https://www.governor.ny.gov/news/governor-cuomo-announces-1-billion-public-private-partnership-cree-creating-worlds-largest,https://www.romesentinel.com/news/wolfspeed-marcy-bankruptcy-expansion-ai-defense/article_a741084c-2991-411c-8324-c093a748f55a.html,https://sunypoly.edu/news/gov-cuomo-announces-1b-public-private-partnership-cree-creating-worlds-largest-silicon-carbide.html,"Cree (now Wolfspeed) announced in September 2019 an ~$1B 200mm silicon carbide wafer fab (~600 jobs over eight years) at the Marcy Nanocenter in Marcy, Oneida County, NY. The Mohawk Valley Fab opened April 2022; per the most recent reporting (March 2026) it is Wolfspeed's central production hub, operating after the company emerged from Chapter 11 in September 2025. Distinct site from Wolfspeed's Siler City, NC materials plant.",prompt1
58,2026-09-05T15:03:14Z,https://www.businesswire.com/news/home/20181203005133/en/SK-Innovation-Announces-New-Battery-Manufacturing-Plant,https://www.sfchronicle.com/news/politics/article/sk-lays-off-nearly-1-000-workers-at-georgia-plant-21959587.php,,"SK Innovation (now SK On / SK Battery America) announced in December 2018 a $1.67B EV battery cell plant with 2,000+ jobs in Commerce, Jackson County, GA. The plant has been producing cells (e.g. for the Ford F-150 Lightning); per the most recent reporting (March 2026) it is still operating with ~1,600 workers after ~958 layoffs and is converting some lines to LFP. Distinct site from the SK On/Hyundai JV plant in Bartow County, GA.",prompt1
59,2026-09-05T15:05:34Z,https://www.commerce.nc.gov/news/press-releases/biopharmaceutical-manufacturer-merck-selects-durham-and-wilson-counties-new,https://www.fiercepharma.com/manufacturing/merck-lay-nearly-150-staffers-research-triangle-area-vaccine-plant,https://www.fiercepharma.com/manufacturing/merck-opens-1b-vaccine-manufacturing-facility-north-carolina,"Merck announced in July 2019 (NC Commerce) a new ~225,000-sq-ft vaccine manufacturing facility at its Maurice R. Hilleman Center in Durham, Durham County, NC, initially up to $650M and 391 jobs to make active ingredient for the Gardasil 9 HPV vaccine; the plant ultimately cost ~$1B and opened March 2025. Per the most recent reporting, Merck is winding down Gardasil production there amid falling HPV-vaccine demand, with ~154 layoffs beginning May 2026.",prompt1
60,2026-09-05T15:08:22Z,https://leprino.com/leprino-foods-announces-lubbock-texas-as-site-for-new-state-of-the-art-dairy-manufacturing-facility/,https://www.tradeandindustrydev.com/region/texas/game-changing-investment-leprino-foods-opens-34227,https://gov.texas.gov/news/post/governor-abbott-announces-new-leprino-foods-facility-in-lubbock,"Leprino Foods announced in late September/October 2021 a new dairy manufacturing plant (mozzarella cheese and nutrition products) in East Lubbock, Lubbock County, TX, initially ~$870M capital (later ~$1B) and 600 jobs. It broke ground summer 2022 and opened its first phase in early 2025; per the most recent reporting (2026) it is operating and ramping toward full 600-job capacity.",prompt1
61,2026-09-05T15:09:50Z,https://www.prnewswire.com/news-releases/nikola-corporation-breaks-ground-on-coolidge-multi-product-factory-4-0-manufacturing-facility-301098901.html,https://www.prnewswire.com/news-releases/lucid-to-acquire-select-facilities-and-assets-previously-belonging-to-nikola-corporation-will-extend-offers-to-300-former-nikola-employees-302426387.html,,"Nikola Corporation broke ground July 23, 2020 on its ~$600M Coolidge, Arizona truck-assembly factory (Factory 4.0), projecting more than 1,800 jobs and ~35,000 units/year at full production. Most recent status: Nikola filed for Chapter 11 bankruptcy in Feb 2025, and Lucid Group acquired the Coolidge factory out of the bankruptcy auction (~$30M), with court approval announced April 2025.",prompt1
62,2026-09-05T15:12:24Z,https://gov.texas.gov/news/post/governor-abbott-announces-texas-instruments-new-300mm-facility-in-richardson,https://www.ti.com/about-ti/newsroom/company-blog/tis-new-300-millimeter-wafer-fab-in-richardson-texas-begins-initial-production.html,https://www.ti.com/about-ti/manufacturing/richardson.html,"Texas Instruments announced RFAB2, a second 300mm analog semiconductor wafer fab in Richardson, Texas, on April 18, 2019 (>$3.1B capital, 488+ jobs). Most recent status: RFAB2 began initial production on Sep 29, 2022 and, per TI's Richardson manufacturing page, both RFAB1 and RFAB2 are in production today (~630,000 sq ft combined cleanroom).",prompt1
63,2026-09-05T15:14:01Z,https://georgia.org/newsroom/press-releases/solar-cell-manufacturer-to-create-more-than-500-jobs-in-whitfield-county,https://pv-magazine-usa.com/2026/03/06/qcells-resumes-solar-panel-production-at-georgia-factories-following-customs-related-furlough/,https://www.hanwha.com/newsroom/news/press-releases/grand-opening-of-hanwha-q-cells-in-georgia-spotlights-western-hemispheres-largest-solar-panel-manufacturing-facility-responsible-for-650-jobs-and-a-daily-output-of-12000-solar-modules.do,"Hanwha Q CELLS announced on May 30, 2018 a ~$150M solar module manufacturing plant in Dalton (Whitfield County), Georgia, projecting 500+ jobs and ~1.6 GW annual capacity. It held its grand opening Sep 20, 2019 and became the Western Hemisphere's largest solar panel plant. Most recent status: the Dalton factory is operating (expanded to ~5.1 GW) and resumed solar panel production in March 2026 after a temporary customs-clearance furlough.",prompt1
64,2026-09-05T15:16:03Z,https://www.recyclingtoday.com/news/bluescope-announces-fiscal-2019-financials-north-start-expansion/,https://www.steelmarketupdate.com/2024/08/21/bluescope-advances-hr-and-coating-capacity-expansions-in-us/,https://www.bluescope.com/news/North-Star-facility-expansion-boosts-US-production-,"BlueScope's board approved (announced Aug 2019) a ~US$700M expansion of its North Star mini-mill in Delta, Ohio, adding a third electric arc furnace, a second slab caster and ~850,000 tonnes/yr of hot-rolled coil capacity, with commissioning targeted for FY2022. Most recent status: the expansion was completed (ribbon-cutting May 2022) and the mill operated at full capacity (~3 million tonnes/yr) through fiscal 2024, with a further ~US$88M debottlenecking project underway.",prompt1
65,2026-09-05T15:17:05Z,https://lailluminator.com/2025/04/08/blue-ammonia/,https://www.cfindustries.com/newsroom/2026/blue-point-groundbreaking,https://www.cfindustries.com/bluepoint,"CF Industries, with JV partners JERA and Mitsui, announced a final investment decision on April 8, 2025 for the ~$3.7B Blue Point One low-carbon ('blue') ammonia complex in Ascension Parish (Modeste), Louisiana — ~1.4 million tonnes/yr, the world's largest single ammonia plant by nameplate, with ~100 permanent jobs (~3,900 construction). Most recent status: the JV broke ground and began civil construction in August 2026, with first ammonia production targeted for 2029 (not yet producing).",prompt1
66,2026-09-05T15:21:13Z,https://investor.gm.com/news-releases/news-release-details/detroit-hamtramck-be-gms-first-assembly-plant-100-percent,https://electrek.co/2026/04/21/gm-suspends-next-gen-electric-truck-refresh-indefinitely/,,"General Motors announced on Jan 27, 2020 a $2.2B conversion of its Detroit-Hamtramck plant (renamed Factory ZERO) in Detroit, Michigan into its first fully all-electric vehicle assembly plant, projecting more than 2,200 jobs. Most recent status (Electrek, Apr 21, 2026): the plant has produced EVs (Hummer EV, Silverado EV, Sierra EV, Escalade IQ) since late 2021 but was idled again in March 2026 amid weak EV-truck demand, with a planned 2028 truck refresh indefinitely suspended.",prompt1
67,2026-09-05T15:22:00Z,https://www.opportunitylouisiana.gov/news/first-solar-to-invest-up-to-1-1-billion-to-build-solar-panel-manufacturing-facility-in-acadiana-create-over-700-new-direct-jobs,https://www.opportunitylouisiana.gov/news/first-solar-inaugurates-new-1-1-billion-ai-enabled-louisiana-manufacturing-facility,,"First Solar announced in August 2023 a new solar module manufacturing plant near the Acadiana Regional Airport in Iberia Parish, Louisiana, committing up to $1.1 billion and 700+ new direct jobs for a 3.5 GW facility (distinct from First Solar's Lawrence County, Alabama plant). Most recent status (LED inauguration release, Nov 21, 2025): the plant began production in July 2025, several months ahead of schedule, employed 700+ (targeting 826 by year-end 2025), and is ramping toward 3.5 GW annual capacity.",prompt1
68,2026-09-05T15:23:16Z,https://www.areadevelopment.com/newsitems/8-18-2020/commercial-metals-company-mesa-arizona.shtml,https://www.steelmarketupdate.com/2025/03/21/cmc-looks-beyond-arizona-micro-mill-woes-to-long-term-viability-of-construction-mart/,,"Commercial Metals Company (CMC) announced in August 2020 a ~$300 million steel micro mill (Steel Arizona 2) in Mesa, Arizona, projecting ~185 direct jobs; it was billed as the world's first micro mill to produce both rebar and merchant bar quality products, targeted to open in early 2023. Most recent status (Steel Market Update, Mar 21, 2025): the mill held its grand opening in Oct 2023 and is producing but remained in a ramp-up phase through early 2025 with transformer/startup issues, with CMC's CEO expecting it to be continuously profitable in 2026.",prompt1
69,2026-09-05T15:25:46Z,https://www.astrazeneca.com/media-centre/press-releases/2025/astrazeneca-plans-to-increase-investment-and-scope-of-its-virginia-manufacturing-facility-to-dollar45-billion-creating-3600-new-jobs.html,https://www.29news.com/2026/08/27/astrazeneca-growth-spurs-regional-workforce-push-central-virginia/,,"AstraZeneca announced (as part of its July 2025 $50B U.S. plan, with the Virginia project detailed/increased to $4.5B on Oct 9, 2025) a new drug-substance manufacturing campus at Rivanna Futures in Albemarle County, Virginia, projecting ~600 permanent direct jobs. Most recent status (Aug 2026 reporting): the project remains in early stages — site preparation, grading, and utility work in 2026 with a regional workforce push underway — with manufacturing operations still several years out.",prompt1
70,2026-09-05T15:26:10Z,https://www.coca-colacompany.com/media-center/coca-cola-builds-fairlife-facility-new-york.html,https://www.governor.ny.gov/news/governor-hochul-coca-cola-company-and-fairlife-celebrate-ramp-650-million-state-art-dairy,,"The Coca-Cola Company/fairlife announced in May 2023 a new ~$650 million dairy processing plant (about 745,000 sq ft) in Webster, Monroe County, New York, projecting several hundred direct jobs. Most recent status (New York Governor's Office / Rochester Business Journal, Aug 2026): the plant held a soft-opening ribbon-cutting on Aug 21, 2026 and is ramping production toward full operation later in 2026, having already hired roughly 380 employees.",prompt1
71,2026-09-05T15:30:05Z,https://www.michigan.gov/whitmer/news/press-releases/2022/09/01/whitmer-and-sk-siltron-bring-semiconductor-supply-chain-to-michigan-with-new-bay-city-facility,https://www.wnem.com/2026/07/16/sk-siltron-closing-monitor-township-site/,,"SK Siltron CSS announced plans in August 2021 for a ~$300M silicon-carbide (SiC) wafer manufacturing plant (up to ~150 jobs) in Bay City / Monitor Township, Michigan (ribbon-cut Sept 2022). Most recent status: in mid-July 2026 SK Siltron said it would wind down its SK Siltron CSS subsidiary and close the Monitor Township site, affecting ~140 employees, citing sustained weakness in the EV/SiC market.",prompt1
72,2026-09-05T15:30:50Z,https://nkytribune.com/2021/09/ford-motor-company-sk-innovation-announce-largest-economic-project-in-history-of-state/,https://www.wkyufm.org/news/2026-02-09/a-kentucky-town-bet-big-on-fords-ev-strategy-then-the-battery-plant-closed,,"Ford Motor Company and SK Innovation announced on Sept 27, 2021 the ~$5.8 billion BlueOval SK Battery Park in Glendale (Hardin County), Kentucky — twin EV lithium-ion battery cell plants projected to create ~5,000 jobs, with production targeted for 2025. Most recent status: the plants launched production in Aug 2025, but after Ford and SK On agreed in Dec 2025 to end the joint venture, the Glendale battery operation closed on Feb 14, 2026 (~1,600 workers laid off); Ford is taking sole ownership and plans to convert it to grid/energy-storage battery production by late 2027.",prompt1
73,2026-09-05T15:33:09Z,https://governor.nc.gov/news/press-releases/2022/03/29/governor-cooper-announces-vinfast-automotive-selects-north-carolina-electric-vehicle-assembly-plant,https://www.manufacturingdive.com/news/north-carolina-sues-ev-maker-vinfast-unbuilt-factory-chatham-county/821097/,,"VinFast Automotive was announced on March 29, 2022 by Gov. Roy Cooper as selecting Chatham County (Triangle Innovation Point, near Moncure), North Carolina, for the state's first auto assembly plant — an EV car/battery factory pledging an initial ~$2 billion investment (later described as ~$4 billion) and ~7,500 jobs, with production targeted for mid-2024. Most recent status: the project stalled and the site sat idle since late 2024; on May 21, 2026 North Carolina sued VinFast for missing construction and job deadlines, seeking to reclaim the ~1,765-acre megasite, while VinFast has sought to restart with a scaled-back plan (~1,400 jobs, production pushed to 2028).",prompt1
74,2026-09-05T15:33:38Z,https://www.constructiondive.com/news/worlds-largest-solar-powered-steel-mill-breaks-ground-in-colorado/619381/,https://www.canarymedia.com/articles/green-steel/new-owner-colorado-solar-mill,,"EVRAZ North America announced (project initiated in 2019) a new ~$500 million long-rail steel mill at its Rocky Mountain Steel plant in Pueblo, Colorado — billed as the largest solar-powered steel mill in the U.S. (powered by the adjacent 300 MW Bighorn Solar array) and projected to employ ~300 once operational; it broke ground in early 2022. Most recent status (as of a July 16, 2025 report): the mill is operational and producing steel, and its owner EVRAZ North America was being acquired by private-equity firm Atlas Holdings in a deal valued up to ~$500 million, expected to close later in 2025.",prompt1
75,2026-09-05T15:34:49Z,https://www.constructiondive.com/news/solar-developer-invest-over-600m-toward-ohio-manufacturing-plant/645412/,https://livability.com/oh/newark/education-careers-opportunity/illuminate-usa-in-pataskala-oh-powers-the-future-of-american-solar-manufacturing/,,"Illuminate USA (a solar manufacturer backed by Invenergy) was announced in March 2023 to build a solar module manufacturing plant in a 1.1-million-sq-ft facility in Pataskala (Licking County), Ohio — an investment of over ~$600 million projecting ~850 jobs initially (up to ~1,000 at full production), with ~5 GW of annual solar panel capacity. Most recent status: the plant began production in Feb 2024 and by 2025 was fully operational with 1,500+ employees, having become Pataskala's largest employer and ramping toward its full multi-line capacity.",prompt1
76,2026-09-05T15:37:37Z,https://www.manufacturingdive.com/news/general-motors-samsung-sdi-3b-battery-plant-indiana/652814/,https://electrek.co/2026/08/11/gm-sells-indiana-battery-plant-stake-samsung-sdi/,,"GM and Samsung SDI announced on June 13, 2023 a >$3 billion (locally approved at ~$3.5B) EV battery cell plant in New Carlisle, Indiana (~1,600 direct jobs, 30+ GWh). Most recent status (Aug 11, 2026): GM sold its ~49.99% stake to Samsung SDI, which now wholly owns the still-under-construction plant and is pivoting it toward energy-storage-system (ESS) battery production alongside prismatic cells.",prompt1
77,2026-09-05T15:40:17Z,https://www.intc.com/news-events/press-releases/detail/1464/intel-invests-3-5-billion-to-expand-new-mexico,https://www.abqjournal.com/business/intel-to-cut-227-jobs-at-rio-rancho-plant-ending-weeks-of-speculation/580461,https://newsroom.intel.com/corporate/intel-opens-fab-9-in-new-mexico,"Intel announced on May 3, 2021 a $3.5 billion expansion of its Rio Rancho, New Mexico campus (Fab 9) for high-volume Foveros 3D advanced semiconductor packaging, projecting ~700 permanent jobs plus ~1,000 construction jobs. Most recent status: Fab 9 opened and entered volume production on Jan 24, 2024; amid Intel's 2025 company-wide cuts the site remained operational, though Intel filed a WARN notice to cut 227 of its ~3,100 New Mexico jobs by September 2025.",prompt1
78,2026-09-05T15:43:20Z,https://newschannel9.com/news/local/volkswagen-announces-groundbreaking-date-for-plant-expansion,https://www.wardsauto.com/news/vw-ending-id4-ev-production-us-tennessee-chattanooga-atlas/817123/,,"Volkswagen announced in January 2019 an ~$800 million expansion of its Chattanooga, Tennessee assembly plant to build electric vehicles on the MEB platform (its first North American EV site), projecting ~1,000 new jobs (groundbreaking Nov 13, 2019). Most recent status: ID.4 production began in 2022 but VW is ending U.S. ID.4 assembly at Chattanooga by mid-April 2026 amid weak EV demand, retooling the line for the redesigned 2027 Atlas.",prompt1
79,2026-09-05T15:47:03Z,https://businessjournaldaily.com/jsw-steel-invest-500m-acero-junction/,https://www.gem.wiki/JSW_Steel_USA_Ohio_plant,,"JSW Steel USA announced on June 22, 2018 a plan to invest up to $500 million (two phases) to acquire, restart and modernize the idled Acero Junction electric-arc-furnace flat-steel mill in Mingo Junction, Ohio, projecting several hundred (~500) direct jobs at the site. Most recent status: the EAF is operating — the plant cast its first slab in Dec 2018, resumed melting in March 2021 after a 2020 idle, and per Global Energy Monitor produced ~890,000 tonnes in 2024.",prompt1
80,2026-09-05T15:49:11Z,https://edpnc.com/news/thermo-fisher-to-add-500-jobs-invest-500m-in-greenville/,https://www.pharmamanufacturing.com/all-articles/article/55295236/thermo-fishers-greenville-north-carolina-site-takes-on-flagship-status-in-north-america,,"Thermo Fisher Scientific announced on Dec 10, 2020 an ~$500 million expansion of its Greenville, North Carolina pharmaceutical campus for sterile drug-product development and commercial manufacturing of medicines, therapies and vaccines (including a new 130,000-sq-ft building with two live-virus filling lines), projecting ~500 new jobs. Most recent status (Pharma Manufacturing, June 6, 2025): the site is operational as Thermo Fisher's North American flagship sterile fill-finish facility with ~2,000 employees, with new fill-finish and continuous-manufacturing lines qualified/coming online and its first commercial continuous-manufacturing product slated for 2025.",prompt1
81,2026-09-05T15:50:53Z,https://newscenter.purina.com/2020-10-26-Nestle-Purina-PetCare-Plans-to-Build-New-Factory-in-Ohio-to-Meet-Growing-Pet-Food-Demand,https://www.wcpo.com/news/local-news/clermont-county/williamsburg/new-nestle-purina-plant-opens-up-in-williamsburg-township-alongside-hundreds-of-jobs-in-clermont-county,,"Nestlé Purina PetCare announced on Oct 26, 2020 a $550M dry pet food factory (~300+ jobs) in Williamsburg Township, Clermont County, Ohio. Per a WCPO report dated Aug 31, 2026, the plant held its grand opening and is now producing, with 430+ associates and plans for 500+.",prompt1
82,2026-09-05T15:53:54Z,https://www.madeinalabama.com/2019/01/blue-origin-launches-construction-of-200m-alabama-rocket-engine-plant/,https://www.waff.com/2026/05/07/blue-origin-expands-huntsville-operations-adds-100-jobs-thruster-production/,,"Blue Origin announced in June 2017 (with a ~$200M investment and 300+ jobs detailed at the Jan 2019 construction launch) its Engines Factory rocket-engine plant at Cummings Research Park in Huntsville, Alabama. Per a WAFF report dated May 7, 2026, the 350,000-sq-ft Engines Factory opened in early 2020 and produces BE-4 engines (powering New Glenn and ULA's Vulcan) and BE-3U; Blue Origin now employs 1,600+ across three Huntsville sites.",prompt1
83,2026-09-05T15:55:26Z,https://georgia.org/press-releases/2026/siemens-plans-1400-new-jobs-jackson-county,https://www.ajc.com/business/2026/08/electrical-component-maker-siemens-announces-new-georgia-facility/,https://news.siemens.com/en-us/siemens-us-manufacturing-investment-electrical-infrastructure/,"Siemens announced on Aug 7, 2026 a new ~$185M, 550,000-sq-ft manufacturing facility (~1,400 jobs) at 580 Raco Parkway in Pendergrass, Jackson County, Georgia, to make low-voltage electrical infrastructure products for data centers. As of the Aug 2026 reporting it is pre-construction — buildout is slated to begin November 2026 with hiring in 2027, subject to final approvals.",prompt1
84,2026-09-05T15:57:50Z,https://investors.nucor.com/news/news-details/2018/Nucor-Announces-Plans-to-Expand-Sheet-Mill-in-Kentucky-09-07-2018/default.aspx,https://www.steelmarketupdate.com/2022/07/27/nucor-steel-gallatin-produces-first-coil-after-mill-upgrade-by-danieli/,,"Nucor announced on Sept 7, 2018 a ~$650M modernization/expansion of its Nucor Steel Gallatin flat-rolled sheet mill in Ghent (Gallatin County), Kentucky, roughly doubling capacity toward ~3M tons/yr. The mill produced its first coil after the upgrade on June 24, 2022; the most recent detailed status found (2023) reports the expansion fully online at capacity with 700+ employees.",prompt1
85,2026-09-05T15:59:49Z,https://www.tn.gov/ecd/news/2021/1/29/governor-lee--commissioner-rolfe-announce-eastman-to-build-methanolysis-facility-to-support-an-optimized-circular-economy.html,https://www.chemicalprocessing.com/asset-management/sustainability/news/55294231/eastman-scales-advanced-plastics-recycling-amid-texas-plant-setback,,"Eastman announced on Jan 29, 2021 a ~$250M world-scale plastic-to-plastic molecular recycling (methanolysis) facility at its Kingsport, Tennessee site, converting waste polyester into DMT/MEG feedstock (~110,000 t/yr). It reached initial production in March 2024; a Chemical Processing report dated June 3, 2025 describes the Kingsport facility as currently operating and scaling up.",prompt1
86,2026-09-05T16:02:33Z,https://www.commerce.gov/news/press-releases/2022/06/globalwafers-selects-sherman-texas-new-semiconductor-silicon-wafer-site,https://www.kten.com/news/texas-headlines/globalwafers-cuts-the-ribbon-on-billion-dollar-sherman-chip-plant/article_c9c49833-7545-4d37-93cd-c7b0f09abaa3.html,,"GlobalWafers, through subsidiary GlobiTech, announced in June 2022 a ~$5B 300mm silicon-wafer manufacturing plant (up to ~1,500 jobs) in Sherman, Texas. As of the most recent update (grand opening, May 15, 2025), Phase One construction is complete and undergoing equipment installation; the plant held its ribbon-cutting/grand opening.",prompt1
87,2026-09-05T16:03:36Z,https://www.automotivelogistics.media/electric-vehicle-firm-rivian-buys-former-mitsubishi-plant-in-illinois/17360.article,https://www.25newsnow.com/2026/05/19/rivian-ramps-up-r2-production-normal-hiring-accelerates/,,"Rivian announced in January 2017 the purchase and retooling of the former Mitsubishi auto-assembly plant in Normal, Illinois to build EVs, initially projecting 500 jobs (1,000+ at full volume) and growing capital investment. As of the most recent reporting (May 2026), the plant is in full production of R1 trucks/SUVs and commercial vans and is ramping the new R2 line, employing several thousand.",prompt1
88,2026-09-05T16:04:55Z,https://virginiabusiness.com/siemens-gamesa-to-build-offshore-wind-turbine-blade-factory-in-portsmouth/,https://www.offshorewind.biz/2023/11/13/siemens-gamesa-halts-plans-for-usd-200-million-offshore-wind-turbine-blade-factory-in-us/,,"Siemens Gamesa announced in October 2021 a ~$200M offshore wind-turbine blade manufacturing factory (~310 direct jobs) at the Portsmouth Marine Terminal in Portsmouth, Virginia, to supply Dominion's CVOW project. As of the most recent status (November 2023), the project was cancelled/discontinued and never built, with the company citing unmet development milestones.",prompt1
89,2026-09-05T16:07:23Z,https://www.wake.gov/news/global-biotech-leader-amgen-chooses-holly-springs-new-manufacturing-facility,https://www.amgen.com/stories/2025/01/north-carolina-ribbon-cutting-marks-important-milestone-in-expansion-to-meet-growing-demand-for-amgen-medicines,,"Amgen announced in August 2021 the selection of Holly Springs, North Carolina for a new ~$550M drug-substance biomanufacturing facility, projecting ~355 direct jobs. As of the most recent status, Amgen held the facility's ribbon-cutting/opening on January 24, 2025 (with a further ~$1B expansion announced in Dec 2024 that would raise total jobs toward ~700).",prompt1
90,2026-09-05T16:08:43Z,https://boomsupersonic.com/press-release/boom-supersonic-first-supersonic-airliner-manufacturing-facility,https://myfox8.com/news/north-carolina/greensboro/boom-supersonic-completes-construction-of-overture-superfactory-at-pti-in-greensboro/,,"Boom Supersonic announced on Jan 26, 2022 the selection of Piedmont Triad International Airport in Greensboro, North Carolina for its Overture Superfactory, a supersonic-airliner assembly plant, promising more than 1,750 direct jobs by 2030 (2,400+ by 2032). As of the most recent facility status (construction completed June 17, 2024), the ~180,000-sq-ft factory building is finished and being fitted with assembly tooling; no Overture aircraft have yet been produced there.",prompt1
91,2026-09-05T16:11:22Z,https://www.stellantis.com/en/news/press-releases/2022/may/stellantis-and-samsung-announce-battery-plant-in-kokomo,https://www.insideindianabusiness.com/articles/ev-battery-manufacturers-moving-ahead-on-projects-despite-trumps-views-actions,,"StarPlus Energy (Stellantis + Samsung SDI JV) announced in May 2022 its first U.S. lithium-ion EV battery plant in Kokomo, Indiana, an over-$2.5B investment (up to ~$3.1B) with ~1,400 direct jobs. Most recent status (Inside Indiana Business, Feb 2025): the first plant opened its initial production line in Dec 2024, with remaining lines ramping through 2025.",prompt1
92,2026-09-05T16:12:49Z,https://eu.detroitnews.com/story/business/autos/ford/2020/09/17/ford-build-electric-vehicle-manufacturing-facility-rouge-complex/5820849002/,https://fordauthority.com/2025/10/ford-f-150-lightning-production-to-remain-paused-indefinitely/,,"Ford announced in September 2020 a new ~$700M, 500,000-sq-ft Rouge Electric Vehicle Center at its Rouge complex in Dearborn, Michigan to build the all-electric F-150 Lightning, adding ~300 direct jobs, with production targeted for mid-2022. Most recent status (Ford Authority, Oct 24, 2025): F-150 Lightning production at the plant, which began in 2022, is paused indefinitely as Ford reprioritizes gas/hybrid trucks.",prompt1
93,2026-09-05T16:14:15Z,https://www.businesswire.com/news/home/20210323006103/en/Intel-Announces-Major-Expansion-in-Arizona,https://www.aztechcouncil.org/intel-panther-lake-arizona/,,"Intel announced in March 2021 a ~$20B expansion at its Ocotillo campus in Chandler, Arizona to build two new leading-edge chip factories, Fab 52 and Fab 62, creating more than 3,000 direct jobs. Most recent status (Arizona Technology Council / Phoenix Business Journal, Oct 9, 2025): Fab 52 is Intel's first U.S. 18A-process fab and is ramping toward high-volume Panther Lake production later in 2025; Fab 62 follows roughly a year behind.",prompt1
94,2026-09-05T16:16:01Z,https://www.foodbusinessnews.net/articles/19180-lamb-weston-to-invest-415-million-in-facility-upgrades,https://www.potatopro.com/news/2024/lamb-weston-celebrates-grand-opening-expanded-french-fry-manufacturing-line-american,,"Lamb Weston announced in July 2021 a ~$415M expansion of its American Falls, Idaho plant, adding a new french fry processing line (raising capacity ~40%) plus cold storage, with ~130-280 direct jobs. Most recent status (PotatoPro, Aug 2024): the expanded french fry line held its grand opening on Aug 12, 2024 and is operational.",prompt1
95,2026-09-05T16:17:46Z,https://www.prnewswire.com/news-releases/nucor-to-build-rebar-micro-mill-in-florida-300612204.html,https://www.steelorbis.com/steel-news/latest-news/nucor-starts-operations-at-rebar-micro-mill-in-florida-1179624.htm,,"Nucor announced on March 12, 2018 a ~$240M rebar micro mill in Frostproof (Polk County), Florida, with ~250 direct jobs and ~350,000 tons/yr capacity. Most recent status: the mill reached first output and began operating in December 2020 (SteelOrbis, Dec 30, 2020) and has remained in normal operation since (a current 2026 Nucor Frostproof jobs posting confirms ongoing operations).",prompt1
96,2026-09-05T16:19:47Z,https://governor.sc.gov/news/2023-11/nissin-foods-expands-us-footprint-establishing-operations-greenville-county,https://www.talentify.io/job/greenville-plant-manufacturing-opportunities-piedmont-south-carolina-us-nissin-571333,,"Nissin Foods USA announced in November 2023 a $228M instant-noodle manufacturing plant (Top Ramen, Cup Noodles) at 1170 Bracken Road in Piedmont, Greenville County, South Carolina, with 300+ direct jobs and operations planned to begin August 2025. Most recent status found (2025): the plant was actively hiring/staffing toward its planned Aug 2025 startup; no press report confirming first production was located as of the search.",prompt1
97,2026-09-05T16:25:38Z,https://investors.gf.com/news-releases/news-release-details/globalfoundries-plans-build-new-fab-upstate-new-york-private,http://www.townofmaltany.gov/Archive.aspx?ADID=2786,https://www.timesunion.com/business/article/globalfoundries-signs-chips-contract-second-malta-19931710.php,"GlobalFoundries announced on July 19, 2021 a new second semiconductor fab (Fab 8.2) at its Fab 8 campus in Malta (Saratoga County), New York — a multibillion-dollar greenfield build (alongside a $1B expansion of the existing Fab 8), projecting ~1,000 new direct jobs. Most recent status found (Malta Planning Board action, May 28, 2025): construction of Fab 8.2 remains deferred, with site-plan approval extended from July 2025 to July 2027; the separate Fab 8 upgrade backed by a Nov 2024 CHIPS award has begun, but the second fab has not started.",prompt1
98,2026-09-05T16:27:22Z,https://ir.steeldynamics.com/steel-dynamics-announces-planned-state-of-the-art-aluminum-flat-rolled-mill-site-selection/,https://www.aluminummarketupdate.crugroup.com/global-trade/aluminum-dynamics-ships-first-coil-from-mississippi-mill/,,"Steel Dynamics announced on Nov 2, 2022 the selection of Columbus (Lowndes County), Mississippi for a new ~$2.5B (later ~$2.7B) greenfield recycled-aluminum flat-rolled mill, built under its Aluminum Dynamics unit, projecting ~700 direct jobs with startup planned in 2025. Most recent status found (2025-2026 trade reporting): the mill produced its first aluminum ingot in Jan 2025 and shipped its first coils in Q2 2025; it is now commissioning/ramping, with two of three cold mills producing prime product and a third scheduled to commission in Q3 2026.",prompt1
99,2026-09-05T16:29:44Z,https://www.madeinalabama.com/2019/08/how-airbus-is-going-wheels-up-in-alabama-with-a220-production/,https://alabamanewscenter.com/2025/07/25/airbus-delivers-100th-a220-from-mobile-facility-marking-milestone-for-alabamas-aerospace-industry/,,"Airbus announced in October 2018 (breaking ground January 2019) a new A220 aircraft final assembly line at its Mobile, Alabama Aeroplex at Brookley campus — a ~$264 million investment projected to add 400+ direct jobs. Most recent status found (July 2025): the line is in active production, having delivered its 100th Mobile-assembled A220.",prompt1
100,2026-09-05T16:30:00Z,https://www.prnewswire.com/news-releases/enel-selects-oklahoma-as-site-for-planned-solar-pv-cell--panel-manufacturing-facility-301830698.html,https://tulsaworld.com/news/local/business/article_83c28794-954e-11ef-a2d1-8f4cc665c72c.html,,"Enel North America, through its subsidiary 3Sun USA, announced in May 2023 a planned >$1 billion, 3 GW solar PV cell-and-module manufacturing factory at the Tulsa Port of Inola, Oklahoma, projecting roughly 1,000 direct jobs with first modules targeted for 2025. Most recent credible status found (Tulsa World, Oct 2024, reaffirmed in early-2025 reporting): the project remains on hold/paused while Enel seeks a majority financial partner; no more recent update was located as of the search.",prompt1
101,2026-09-05T16:31:12Z,https://newscenter.purina.com/2020-09-30-Nestle-Purina-PetCare-Plans-to-Open-New-Factory-in-North-Carolina-to-Meet-Growing-Pet-Food-Demand,https://newscenter.purina.com/2024-03-26-Nestle-Purina-PetCare-Celebrates-Official-Grand-Opening-Of-New-Pet-Food-Factory-in-North-Carolina,,"Nestle Purina PetCare announced on Sept 30, 2020 a ~$450M dry pet food factory (~300+ direct jobs) in a repurposed 1.3M-sq-ft former brewery in Eden (Rockingham County), North Carolina; the plant held its official grand opening and reached production on March 26, 2024.",prompt1
102,2026-09-05T16:32:26Z,https://www.hydrocarbonengineering.com/petrochemicals/02052019/exxonmobil-announces-us2-billion-chemical-expansion-project/,https://corporate.exxonmobil.com/news/news-releases/2023/0919_exxonmobil-expands-chemical-production-at-baytown,,"ExxonMobil announced on May 2, 2019 a ~$2B major chemical expansion at its Baytown, Texas complex, adding a 400,000 t/yr performance-polymers (Vistamaxx/Exact) unit and a 350,000 t/yr linear alpha olefins (Elevexx) unit; both units started up and reached production on Sept 19, 2023 (most recent status; now in full operation).",prompt1
103,2026-09-05T16:33:31Z,https://inwisconsin.com/blog/green-bay-packaging-inc-announces-500-million-expansion/,https://gbp.com/newsroom/green-bay-packaging-new-recycled-paper-mill-begins-production/,,"Green Bay Packaging announced in June 2018 an investment of more than $500M (~200 direct jobs) to build a new recycled testliner paper mill in Green Bay, Wisconsin, the first new paper mill in the state in over 30 years; the mill produced its first reel of paper on March 11, 2021 and was inaugurated June 2021 (most recent status; now in operation).",prompt1
104,2026-09-05T16:34:48Z,https://investor.gm.com/news-releases/news-release-details/gm-and-lg-energy-solution-investing-23-billion-2nd-ultium-cells,https://news.gm.com/home.detail.html/Pages/news/us/en/2025/jul/0714-Ultium-Cells-upgrade-Tennessee-plant-low-cost-EV-battery-cell-production.html,,"GM and LG Energy Solution announced on April 16, 2021 a ~$2.3B EV battery cell plant (Ultium Cells second U.S. plant; ~1,300 direct jobs) in Spring Hill, Tennessee - a distinct site from the first Ultium plant in Warren/Lordstown, Ohio. The plant began battery-cell production in 2024 and, per GM's July 14, 2025 update (most recent status), is operating and being upgraded to add LFP cell lines.",prompt1
105,2026-09-05T16:37:36Z,https://pv-magazine-usa.com/2021/06/09/first-solar-to-add-3-3-gw-of-capacity-in-a-new-680-million-ohio-factory/,https://www.ad-hoc-news.de/boerse/news/ueberblick/first-solar-stock-reacts-to-strong-2024-profit-jump-as-new-ohio-factory/69883382,,"First Solar announced on June 9, 2021 a ~$680M third U.S. solar module manufacturing facility (3.3 GWdc, ~500 direct jobs) in Lake Township (Northwest Ohio), a distinct site from its later Alabama and Louisiana plants. The factory began operations in the first half of 2023 and, per the most recent status, ramped toward full nameplate capacity through 2024 into early 2025 (now producing).",prompt1
106,2026-09-05T16:48:23Z,https://investors.novelis.com/news-events/press-releases/detail/43/novelis-breaks-ground-on-2-5-billion-aluminum-recycling-rolling-plant,https://aluminiumtoday.com/news/cold-mill-at-bay-minette-to-be-commissioned-next-quarter,,"Novelis broke ground in May 2022 on a greenfield low-carbon aluminum recycling and rolling mill in Bay Minette, Alabama, announced at ~$2.5B (cost later rising to ~$4.1-5B) with ~1,000 jobs and 600,000 t/yr capacity. Most recent status (2026): the plant is in commissioning, with first output/commissioning expected in 2H 2026 — not yet at volume.",prompt1
107,2026-09-05T16:48:47Z,https://nptelegraph.com/news/local/watch-now-city-leaders-cheer-sustainable-beef-llc-s-plan-to-open-875-job-meatpacking/article_764875c2-8852-11eb-8d88-ab7af8f73e28.html,https://www.knopnews2.com/2026/02/07/north-plattes-sustainable-beef-reaches-major-milestone/,,"Sustainable Beef LLC announced in March 2021 a new greenfield beef processing plant in North Platte, Nebraska (~$400M, ~875 direct jobs, ~550,000 sq ft), later gaining Walmart as a minority investor. Most recent status (Feb 2026): the plant, which opened May 2025, reached its target of processing 1,500 head of cattle per day and employs roughly 1,000 people — in full operation.",prompt1
108,2026-09-05T16:49:02Z,https://www.azcommerce.com/news-events/news/2023/3/lg-energy-solution-to-invest-55-billion-to-build-battery-manufacturing-complex-in-queen-creek/,https://www.abc15.com/news/business/lg-energy-solutions-queen-creek-battery-plant-nears-completion-hiring-ramps-up,https://news.lgensol.com/company-news/press-releases/1613/,"LG Energy Solution announced in March 2023 a ~$5.5B stand-alone battery manufacturing complex in Queen Creek, Arizona (a cylindrical EV-battery plant plus an LFP ESS-battery plant, 53 GWh total, several thousand jobs). Most recent status (2025-2026): the cylindrical EV-battery facility is nearing completion with hiring ramping toward a 2026 production start, while the ESS-battery portion was temporarily paused.",prompt1
109,2026-09-05T16:49:11Z,https://investors.micron.com/news-releases/news-release-details/micron-announces-investment-its-semiconductor-manufacturing,https://www.tomshardware.com/tech-industry/micron-begins-producing-americas-most-advanced-dram-at-its-virginia-fab,,"Micron announced on Aug 29, 2018 a ~$3B investment (through 2030, ~1,100 jobs) to expand memory production at its semiconductor fab in Manassas, Virginia. Most recent status (May 2026): Micron began producing 1-alpha DRAM at the Manassas fab as part of a >$2B expansion to quadruple DDR4 output — described as the most advanced memory ever made in the U.S., with full qualified production expected by end of 2026.",prompt1
110,2026-09-05T16:49:20Z,https://investors.canadiansolar.com/news-releases/news-release-details/canadian-solar-announces-us-module-manufacturing-facility,https://www.sec.gov/Archives/edgar/data/0001375877/000110465926101856/tm2623883d1_ex99-1.htm,,"Canadian Solar announced on June 15, 2023 its first U.S. facility, a 5 GW solar module manufacturing plant in Mesquite, Texas (over $250M investment, ~1,500 jobs). Most recent status (2026): the plant has been operating since December 2023 with ~1,500 employees and is being expanded to 10 GW nameplate capacity, with completion expected in the second half of 2026.",prompt1
111,2026-09-05T16:51:15Z,https://us.gsk.com/en-us/media/press-releases/gsk-invests-up-to-800-million-in-pennsylvania-site-largest-manufacturing-investment-in-us/,https://biobuzz.io/news/gsk-ups-investment-to-2-billion-with-new-manufacturing-facility-in-pennsylvania/,,"GSK announced on Oct 24, 2024 an up-to-$800M expansion of its Marietta (Lancaster County), Pennsylvania pharmaceutical site, adding sterile-liquid vaccine/medicine drug-product capacity and a new vaccines drug-substance facility plus 200+ direct jobs (doubling the site). Most recent status found (BioBuzz, Sep 25, 2025): the project is in its construction/expansion phase, with the drug-substance plant targeted for end-2027 and drug-product for end-2028.",prompt1
112,2026-09-05T16:52:54Z,https://www.constructiondive.com/news/gotion-ev-lithium-battery-plant-manteno-illinois/693470/,https://www.shawlocal.com/daily-journal/2025/11/18/gotion-gives-updates-on-manteno-plant/,,"Gotion announced in September 2023 a ~$2B EV/energy-storage lithium-ion battery plant (up to ~2,600 jobs) in a converted 1.5M-sq-ft former Kmart distribution center in Manteno (Kankakee County), Illinois. Most recent status found (Shaw Local, Nov 18, 2025): the plant is producing on five lines (EV batteries, energy-storage systems, mobile chargers) with ~300 employees, targeting 450 by end-2025 and 1,400 in 2026.",prompt1
113,2026-09-05T16:54:23Z,https://vedp.org/press-release/2026-02/avio-hurt,https://thedefensepost.com/2026/02/25/avio-virginia-rocket-facility/,,"Avio USA (U.S. subsidiary of Italy's Avio S.p.A.) announced on Feb 27, 2026 the selection of Hurt (Pittsylvania County), Virginia for a ~$500M, 860,000-sq-ft solid rocket motor manufacturing facility (defense/tactical propulsion, missile systems, commercial space) with 1,000+ direct jobs, at the Southern Virginia Multimodal Park. Most recent status found (Feb 2026): site selected and Virginia MEI incentive package approved; construction expected to begin in H1 2026, with no groundbreaking reported yet as of the freshest available source.",prompt1
114,2026-09-05T16:55:33Z,https://www.methanex.com/news/methanex-announces-final-investment-decision-advantaged-geismar-3-project,https://www.sec.gov/Archives/edgar/data/886977/000162828026015362/a2025aif.htm,,"Methanex reached a final investment decision on July 19, 2019 for the ~$1.3-1.4B Geismar 3 (G3) 1.8-million-tonne/year methanol plant, built adjacent to its existing Geismar 1 & 2 units in Geismar (Ascension Parish), Louisiana. Most recent status found (Methanex FY2025 Form 40-F, filed Mar 5, 2026): G3 produced first methanol in late July 2024 and was producing during 2025 (Geismar complex output ~3,330 kt), including a restart on May 1, 2025 after an unplanned outage in late February 2025.",prompt1
115,2026-09-05T16:56:40Z,https://www.michiganbusiness.org/press-releases/2024/02/corning/,https://www.solarpowerworldonline.com/2025/10/us-is-making-solar-wafers-again-at-cornings-michigan-plant/,,"Corning announced in early 2024 (Michigan Strategic Fund grants approved Feb 2024; publicly detailed Oct 2024) a new solar ingot and wafer manufacturing facility in Richland Township (Saginaw County), Michigan, co-located on its Hemlock polysilicon campus, initially ~$900M with ~1,100 direct jobs (later increased toward ~$1.5B and ~1,500 jobs). Most recent status found (Solar Power World, Oct 29, 2025): the plant is online and producing solar wafers, described as the largest U.S. solar ingot/wafer facility and ramping toward over 1 million wafers per day.",prompt1
116,2026-09-06T18:24:23Z,https://www.l3harris.com/newsroom/press-release/2026/04/l3harris-announces-billion-dollar-expansion-orange-county-virginia,https://www.manufacturingdive.com/news/l3harris-technologies-orange-virginia-expansion-advanced-propulsion-facilit/817591/,,"L3Harris announced (April 15, 2026) a $1.265B expansion, the Virginia Advanced Propulsion Facilities, to more than double solid rocket motor production at its Orange County, VA site, creating 350+ direct jobs over five years (aerospace and defense). Distinct from the smaller $41.2M five-facility project announced April 2024. Most recent status (Manufacturing Dive, April 16, 2026): early design/construction-planning stage, working with designers and construction firms; no new facilities yet vertical.",prompt1
117,2026-09-06T18:24:50Z,https://investors.usare.com/news-releases/news-release-details/usa-rare-earth-selects-cherokee-county-south-carolina-new-rare,https://www.manufacturingdive.com/news/usa-rare-earth-invest-1b-blacksburg-south-carolina-magnet-factory-chips-act/821862/,https://www.sccommerce.com/news/usa-rare-earth-inc-selects-cherokee-county-first-south-carolina-operation,"USA Rare Earth announced (June 2, 2026) a $1.2B facility at Bailey Industrial Park in Blacksburg (Cherokee County), SC, to make sintered NdFeB permanent magnets and refined rare earth metals, creating ~490 direct jobs (sector: other manufacturing). Most recent status (Manufacturing Dive, June 3, 2026): engineering and equipment procurement underway, site work to begin 'in coming months,' commissioning targeted for 2028 (April 2028 per company).",prompt1
118,2026-09-06T18:26:23Z,https://www.prnewswire.com/news-releases/schwans-company-and-state-of-south-dakota-announce-future-investments-in-sioux-falls-to-support-new-food-production-facility-302159947.html,https://southdakotasearchlight.com/2025/12/19/company-that-hired-states-former-head-of-economic-development-benefits-from-69-million-in-aid/,,"Schwan's Company (CJ Foods/CJ CheilJedang subsidiary) announced (May 30, 2024) a ~$550M, 700,000-sq-ft Asian-food production plant at Foundation Park in Sioux Falls, SD, for the Bibigo brand, creating ~600 direct jobs (food and beverage); site first flagged in 2021 but the detailed investment/jobs commitment came in 2024. Most recent status (South Dakota Searchlight, Dec 19, 2025, read via browser UA): plant under construction, described as the largest single private investment in state history, with opening targeted for mid-2027.",prompt1
119,2026-09-06T18:27:32Z,https://gov-pritzker-newsroom.prezly.com/governor-pritzker-announces-2-billion-investment-from-cronus-chemicals-llc-at-2025-farm-progress-show,https://www.farmweeknow.com/policy/state/construction-to-begin-on-tuscola-ammonia-plant/article_b92c047e-81c0-4dbc-9737-5e718cdce5e8.html,,"Cronus Chemicals LLC announced (Aug 26, 2025, via Gov. Pritzker at the Farm Progress Show) a $2B ammonia/nitrogen-fertilizer plant near Tuscola, IL (950,000 short tons/yr, with carbon capture), ~130 direct jobs — qualifies on the $2B capital floor (chemicals and plastics). Long-planned since ~2012-2014, it moved forward in 2025 after a renewed EDGE tax agreement and 2024 EPA permits. Most recent status (FarmWeek, Aug 27, 2025): construction had not yet begun, financiers still to sign off, with imminent groundbreaking expected and ~40 months from groundbreaking to full production; no newer construction-start report found as of Sept 2026.",prompt1
120,2026-09-06T18:28:17Z,https://www.globenewswire.com/news-release/2026/08/25/3350748/0/en/iem-announces-200-million-manufacturing-facility-in-san-antonio-creating-jobs-and-expanding-u-s-production-capacity-to-support-business-growth.html,https://www.axios.com/local/san-antonio/2026/08/25/san-antonio-iem-power-equipment-factory,,"Industrial Electric Mfg. (IEM) announced (Aug 25, 2026) a $200M, ~1M-sq-ft power-distribution/switchgear manufacturing plant at Brooks City Base in San Antonio, TX, expected to create up to 3,000 jobs by 2030 (machinery/electrical equipment); state offered a $3.36M Texas Enterprise Fund grant tied to 448 jobs. Most recent status (Axios San Antonio, Aug 25, 2026): just announced; facility to be developed in phases with construction and hiring timelines to be released in coming months (no groundbreaking yet).",prompt1
121,2026-09-06T18:29:44Z,https://www.manufacturingdive.com/news/jet-zero-north-carolina-aircraft-factory/750756/,https://governor.nc.gov/news/press-releases/2026/06/15/governor-stein-celebrates-jetzero-groundbreaking-launch-greensboro-airplane-makers-14500-job-project,,"JetZero announced (June 2025) a $4.7B blended-wing-body aircraft manufacturing and final assembly campus at Piedmont Triad International Airport in Greensboro, NC, promising 14,500 jobs. Most recent status: broke ground June 15, 2026, with first-phase construction (NC Composite Center) beginning and initial deliveries targeted for the early 2030s.",prompt1
122,2026-09-06T18:30:58Z,https://www.madeinalabama.com/2021/11/j-m-smucker-to-build-1-1-billion-alabama-manufacturing-plant-with-750-jobs/,https://investors.jmsmucker.com/news/news-details/2024/The-J.M.-Smucker-Co.-Celebrates-Opening-of-the-Newest-Uncrustables-Manufacturing-Facility-in-McCalla-Alabama/default.aspx,,"The J.M. Smucker Co. announced (Nov 2021) a ~$1.1B Smucker's Uncrustables manufacturing facility at the JeffMet Industrial Complex in McCalla, Alabama, promising up to 750 jobs and production around 2025. Most recent credible status (grand opening, Nov 7, 2024): the 900,000-sq-ft plant opened and is producing, with ~370 employed at opening and hiring ramping toward 700; no more recent update located as of Sept 2026.",prompt1
123,2026-09-06T18:32:16Z,https://investor.lilly.com/news-releases/news-release-details/lilly-build-6-billion-facility-manufacture-active-pharmaceutical,https://governor.alabama.gov/newsroom/2025/12/governor-ivey-announces-pharmaceutical-giant-lilly-plans-6-billion-advanced-manufacturing-plant-in-huntsville/,,"Eli Lilly announced (Dec 15, 2025) a >$6B active-pharmaceutical-ingredient manufacturing campus on a ~260-acre Greenbrier South site in Huntsville/Limestone County, Alabama, to make small-molecule and peptide medicines (incl. oral GLP-1s), promising 450 direct jobs. Most recent status as of Sept 2026: site selected and pre-construction; construction expected to begin in 2026 with completion targeted for 2032 — no groundbreaking reported yet.",prompt1
124,2026-09-06T18:34:23Z,https://tnecd.com/news/governor-lee-commissioner-mcwhorter-announce-lg-chem-to-invest-more-than-3-billion-to-establish-manufacturing-operations-in-clarksville/,https://www.kedglobal.com/batteries/newsView/ked202312200013,https://www.wsmv.com/2022/11/21/lg-chem-build-32-billion-cathode-plant-clarksville/,"LG Chem announced (Nov 2022) a ~$3.2B EV battery cathode (NCMA) manufacturing plant on the 420-acre Allensworth site in Clarksville (Montgomery County), Tennessee, promising ~860 jobs and initial production originally targeted for H2 2025. Most recent credible reporting located (through Sept 2026): the plant broke ground Dec 19, 2023 and is under construction, with mass production pushed to 2026 (slipped from the original H2-2025 target) to coincide with a GM cathode supply deal beginning 2026; I could not confirm a dated source establishing that first output had actually begun.",prompt1
125,2026-09-06T18:35:34Z,https://businessfacilities.com/texas-instruments-will-invest-11b-new-utah-fab/,https://www.ti.com/about-ti/company/ti-at-a-glance/manufacturing/lehi.html,https://www.ti.com/about-ti/newsroom/news-releases/2023/2023-02-15-texas-instruments-selects-lehi--utah--for-its-next-300-millimeter-semiconductor-wafer-fab.html,"Texas Instruments announced (Feb 15, 2023) an ~$11B second 300mm analog/embedded semiconductor wafer fab (LFAB2) in Lehi, Utah, adjoining its existing LFAB1, promising ~800 direct jobs and initial production as early as 2026. Most recent status (TI's Lehi page, reflecting construction imagery through Feb 2026 and a June 2025 update): LFAB2 is still under construction and slated to begin production in 2026; no source located confirms first output has yet begun as of Sept 2026.",prompt1
126,2026-09-06T18:37:07Z,https://www.prnewswire.com/news-releases/absolics-breaks-ground-on-planned-600-million-manufacturing-site-in-georgia-for-breakthrough-semiconductor-material-301665192.html,https://www.tomshardware.com/tech-industry/manufacturing/glass-substrate-roadmap-examined,,"Absolics (an SKC/SK Group affiliate) broke ground Nov 2022 on a $600M glass-substrate semiconductor advanced-packaging plant in Covington, GA, promising 400+ jobs (backed by $75M CHIPS funding). As of 2026 the fab has completed equipment install and is in customer qualification (samples to AMD), with mass production targeted for end of 2026.",prompt1
127,2026-09-06T18:37:55Z,https://www.wdbj7.com/2025/09/04/825-jobs-expected-with-new-hitachi-facility-south-boston/,https://www.hitachienergy.com/us/en/news-and-events/press-releases/2026/06/hitachi-energy-breaks-ground-on-the-nation-s-largest-facility-for-the-production-of-large-power-transformers-in-south-boston-virginia,,"Hitachi Energy announced Sept 4, 2025 a $457M expansion in South Boston (Halifax County), VA to build what it calls the largest U.S. facility for large power transformers, promising 825 new jobs with completion targeted by 2028. As of the June 29, 2026 groundbreaking the project is in early construction; production has not yet begun.",prompt1
128,2026-09-06T18:39:57Z,https://esd.ny.gov/esd-media-center/press-releases/governor-hochul-announces-great-lakes-cheese-groundbreaking-518-million-plant-cattaraugus-county,https://www.wivb.com/news/local-news/western-new-york/cattaraugus-county/great-lakes-cheese-limited-production-resumes/,,"Great Lakes Cheese broke ground (April 28, 2022) on a $518M cheese manufacturing and packaging plant in Franklinville/Farmersville, Cattaraugus County, NY, promising 215 new jobs (plus 228 retained), to replace its Cuba, NY facility. Construction finished in 2024; as of Sept 2025 the plant had resumed limited production (per WIVB). Status read via Wayback snapshot web.archive.org/web/20251013020105/ as the live WIVB page returns HTTP 403.",prompt1
129,2026-09-06T18:42:05Z,https://thedefensepost.com/2024/05/30/us-army-ammunition-facility/,https://www.twz.com/land/new-500m-artillery-shell-plant-failed-to-produce-any-155mm-parts,,"The U.S. Army's Universal Artillery Projectile Lines (UAPL) facility in Mesquite, TX -- a ~$576M ($500M+) artillery-projectile metal-parts plant designed, built and operated by General Dynamics Ordnance and Tactical Systems (GD-OTS) -- was inaugurated May 29, 2024, intended to help reach a 155mm output goal of 100,000 rounds/month. As of a July 14, 2026 report, the plant had not yet produced projectile parts meeting contract specification (GD-OTS committed a further $200M of its own funds in June 2026).",prompt1
130,2026-09-06T18:43:50Z,https://bovietsolar.com/boviet-solar-selects-north-carolina-for-first-north-american-production-facility,https://solarquarter.com/2026/01/12/boviet-solar-expands-u-s-manufacturing-with-greenville-facilities-boosting-domestic-solar-production-and-jobs/,,"Boviet Solar announced (April 26, 2024) its first North American production facility in Greenville, Pitt County, NC -- a two-phase, ~$294M solar module and PV cell manufacturing plant promising ~908 jobs. As of a Jan 2026 update, the Phase I module factory has been operational since April 2025 (ramped to 3 GW), while the Phase II PV cell factory is under construction with completion targeted for the second half of 2026.",prompt1
131,2026-09-06T18:45:46Z,https://gov.texas.gov/news/post/governor-abbott-announces-usg-corporation-expansion-in-orange,https://www.manufacturingdive.com/news/usg-invest-1b-orange-texas-factory-drywall-gypsum/820348/,,"USG Corporation announced (May 14, 2026, via Gov. Abbott / Texas JETI program) a $1.175B (initial $650M) gypsum-based building-materials manufacturing facility (drywall/Sheetrock) on a former International Paper mill site in Orange, TX, creating ~200 jobs. As of the most recent reporting (May 2026) the project is newly announced; construction not yet confirmed, targeted operational by early 2028.",prompt1
132,2026-09-06T18:47:29Z,https://lyten.com/2024/10/15/lyten-announces-plans-to-build-the-worlds-first-lithium-sulfur-battery-gigafactory-in-nevada/,https://mynews4.com/news/local/no-more-gigafactory-lyten-plan-to-build-lithium-sulfur-facility-in-reno-stead-falls-through,,"Lyten announced (Oct 15, 2024) plans for the world's first lithium-sulfur battery gigafactory, a >$1B, 1.25M-sq-ft plant on a 125-acre site at Reno AirLogistics Park (Stead), Nevada, employing ~200 initially (1,000+ at full scale), targeting Phase 1 in 2027. Most recent status (late Jan 2026): the Reno-Tahoe Airport Authority says lease talks with Lyten ended and the Stead site 'is not happening'; Lyten disputes that it cancelled, saying its Nevada commitment stands but the timeline has slipped after acquiring overseas (Northvolt) assets — no new site or timeline given.",prompt1
133,2026-09-06T18:49:32Z,https://esd.ny.gov/esd-media-center/press-releases/governor-hochul-announces-regeneron-invest-more-2-billion-saratoga,https://www.dailygazette.com/spotlightnews/news/business/regeneron-builds-quad-graphics-saratoga-springs/article_636f8de2-fe9a-404c-8a70-0fa90ab5f897.html,,"Regeneron announced (Nov 13, 2025, via Gov. Hochul/Empire State Development) a >$2B biologics/sterile-injectables drug manufacturing facility on a ~1M-sq-ft former Quad Graphics site at 56 Duplainville Rd, Saratoga Springs (Saratoga County), NY, creating ~1,000 permanent jobs. Most recent status (Daily Gazette, July 27, 2026): in early redevelopment, not yet under active construction; environmental clearance/master plan approved May 2026 and Phase 1 approved June 2026, with a projected 3-5 year buildout; also selected for the FDA PreCheck pilot to speed manufacturing approvals.",prompt1
134,2026-09-06T18:50:08Z,https://www.skywatertechnology.com/skywater-plans-to-build-advanced-1-8b-semiconductor-manufacturing-facility-in-partnership-with-the-state-of-indiana-and-purdue-university/,https://www.ibj.com/articles/chip-maker-skywater-cancels-plans-for-indiana-plant-at-least-for-now,,"SkyWater Technology announced (July 22, 2022, with the State of Indiana and Purdue) a $1.8B semiconductor R&D and fabrication facility in the Discovery Park District at Purdue in West Lafayette, Indiana, expected to create ~750 direct jobs. Most recent status (the freshest reporting available is from April 2024): SkyWater cancelled the project and released its land option after not securing CHIPS Act funding; Purdue confirmed the fab will not be built and the project is on indefinite hold. No revival reported as of Sept 2026.",prompt1
135,2026-09-06T18:51:55Z,https://www.prnewswire.com/news-releases/lucid-motors-marks-start-of-construction-at-arizona-electric-vehicle-factory-site-300967005.html,https://cleantechnica.com/2026/02/11/lucid-is-finishing-a-greenfield-ev-plant-for-the-next-phase-of-global-manufacturing/,,"Lucid Motors broke ground (Dec 2, 2019) on AMP-1, its greenfield electric-vehicle assembly plant in Casa Grande, Arizona, pledging a >$700M multi-phase investment (>$300M first phase) and thousands of jobs. Most recent status (CleanTechnica, Feb 11, 2026): AMP-1 is in production, building both the Lucid Air sedan and the Gravity SUV (Gravity entering peak production), and has been expanded to more than 3.85M sq ft as Lucid's primary U.S. manufacturing site.",prompt1
136,2026-09-06T18:55:03Z,https://www.roehm.com/en/detail/rohm-to-build-mma-plant-on-us-gulf-coast,https://www.roehm.com/en/detail/lima-technology-at-full-scale-operation-official-opening-of-rohm-s-bay-city-mma-plant,https://www.roehm.com/en/detail/rohm-and-oq-chemicals-break-ground-on-new-world-scale-methyl-methacrylate-production-plant-at-bay-city-texas,"Roehm (methacrylates producer) announced on June 30, 2021 a world-scale methyl methacrylate (MMA) plant in Bay City, Texas, integrated into OQ Chemicals' existing site: 250,000 t/yr (551 million lb/yr) capacity, ~70 direct jobs, and the first commercial-scale deployment of its C2-based LiMA technology. Capital clears the $100M floor as a world-scale plant (trade press, e.g. Chemical Processing, headlines it a ~$1.6B plant). Groundbreaking was Oct 27, 2022 with mechanical completion promised for 2023/early 2024. Most recent status: the plant officially opened and has reached sustained full-scale industrial operation as of June 5, 2026. Sector: chemicals and plastics.",prompt1
137,2026-09-06T18:56:12Z,https://governor.sc.gov/news/2025-02/isuzu-selects-greenville-county-establish-its-new-united-states-production-base,https://www.fleetowner.com/equipment/article/55320900/isuzu-breaks-ground-on-280-million-south-carolina-manufacturing-facility,,"Isuzu North America announced on Feb 12, 2025 (via SC Gov. McMaster / SC Commerce) a $280M medium-duty truck assembly plant on ~200 acres in Piedmont, Greenville County, SC -- its first U.S. production base, more than 700 direct jobs, ~50,000 trucks/yr (N-Series gas, N-Series electric, F-Series diesel). Clears both floors ($280M capital and 700 jobs). Most recent status: groundbreaking held Oct 1, 2025; the plant is under construction (a 14-18 month modification of an existing 1M-sq-ft building) with production targeted for 2027 -- not yet producing as of the latest reporting. Sector: auto assembly.",prompt1
138,2026-09-06T18:58:24Z,https://www.arkansasedc.com/news-events/newsroom/detail/2022/11/01/highbar-llc-announces-arkansas-site-selected-for-first-rebar-mill,https://www.arkansasbusiness.com/article/solar-powered-hybar-steel-begins-rebar-production-plans-second-mill/,https://www.arkansasedc.com/news-events/newsroom/detail/2023/08/02/hybar-begins-construction-on-steel-rebar-mill-in-northeast-arkansas-to-create-200-high-paying-jobs,"Hybar LLC (rebar startup led by Dave Stickler) selected a greenfield site in Osceola, Mississippi County, Arkansas on Nov 1, 2022 for its first electric-arc-furnace steel rebar micro-mill; the project grew to a ~$700M investment (described as the largest capital project in Arkansas history) with ~200 direct jobs and ~630,000-700,000 short-tons/yr nameplate capacity, and broke ground Aug 2, 2023. Clears both floors. Most recent status: the mill rolled its first rebar on May 28, 2025 and reached commercial production later in 2025; as of 2026 it is operating and ramping toward full capacity (positive cash-flow reported by Oct 2025). (A separate second $1.1B Hybar mill broke ground June 2026 -- not this project.) Status source read via browser user agent (arkansasbusiness.com 403s on default fetch). Sector: steel.",prompt1
139,2026-09-06T19:00:47Z,https://newkentuckyhome.ky.gov/Newsroom/NewsPage/20220413_EnvisionAESC,https://bgdailynews.com/2025/06/09/news_aesc061025/,,"Envision AESC (Japanese EV-battery maker, part of Envision Group) announced on April 13, 2022 a $2B, 30 GWh EV battery-cell/module gigafactory in the Kentucky Transpark, Bowling Green (Warren County), KY, pledging ~2,000 direct jobs; it broke ground Aug 30, 2022 and reached structural completion/topping-out in Sep 2023, initially eyeing an early-2025 opening with full operation targeted for 2027. Clears both floors ($2B capital and 2,000 jobs). Most recent credible status (Bowling Green Daily News, June 9, 2025): construction/infrastructure work continuing and AESC reaffirming the $2B/2,000-job commitment -- the plant is not yet producing; its sister AESC plant in Florence, SC had construction paused (a separate site). No fresher status than June 2025 located as of Sept 2026. Sector: battery.",prompt1
140,2026-09-06T19:02:56Z,https://www.merck.com/news/merck-breaks-ground-on-3-billion-center-of-excellence-for-pharmaceutical-manufacturing-in-elkton-virginia/,https://www.pharmaceuticalcommerce.com/view/merck-begins-construction-pharmaceutical-center-of-excellence-virginia,,"Merck & Co. announced and broke ground on Oct 20, 2025 (with VA Gov. Youngkin / Virginia Economic Development Partnership) a $3B 'Center of Excellence' pharmaceutical manufacturing facility -- a ~400,000-sq-ft major expansion of its long-standing Elkton (Rockingham County), Virginia site -- to produce active pharmaceutical ingredients and drug products for small-molecule medicines, pledging ~500 permanent jobs (up from a prior ~$2B/300-job plan). This is a distinct site from Merck's Durham, NC vaccine plant. Clears both floors ($3B capital and 500 jobs). Most recent status: construction began in Oct 2025 and is ongoing through 2026-2027, with initial operations/validation targeted for 2028 and commercial production toward 2029 -- not yet producing; the freshest credible update is the Oct 20, 2025 groundbreaking. Sector: pharmaceuticals.",prompt1
141,2026-09-06T19:04:34Z,https://tucson.com/news/local/business/tucson-economy-jobs-green-battery/article_479ea306-6ecb-11ee-80b2-2b9b598fc646.html,https://currentcells.com/article/american-battery-factory-45gwh-offtake-arizona-lfp-2026/,,"American Battery Factory broke ground Oct 26, 2023 on a $1.2B, 2M-sq-ft lithium iron-phosphate (LFP) battery-cell gigafactory (~1,000 direct jobs) at Pima County's Aerospace Research Campus south of Tucson, AZ. Most recent status (CurrentCells, Mar 25, 2026): still pre-full-construction — ABF secured 4.5+ GWh binding offtake, expects construction financing by mid-2026 and production start late 2027.",prompt1
142,2026-09-06T19:08:15Z,https://www.prnewswire.com/news-releases/chobani-begins-its-next-chapter-of-growth-with-approximately-1-2-billion-investment-in-allentown-pennsylvania-302865637.html,https://www.fooddive.com/news/Chobani-plant-investment-keurig-dr-pepper-growth/829283/,,"Chobani announced Sep 1, 2026 an ~$1.2B investment over five years to build a 1.5M-sq-ft dairy manufacturing and warehouse campus in Allentown, PA (Upper Macungie Township), creating 900+ jobs, by acquiring Keurig Dr Pepper's Allentown facility for $125M and converting it to produce high-protein/low-sugar milk products. Most recent status (Food Dive, Sep 1, 2026): just announced/early stage — acquisition underway, five-year buildout not yet started.",prompt1
143,2026-09-06T19:09:56Z,https://www.newsweek.com/boeing-breaks-ground-new-advanced-combat-air-facility-1919025,https://aviationa2z.com/index.php/2026/07/10/inside-boeings-1-8-billion-secret-st-louis-factory/,,"Boeing broke ground in Q4 2023 on a $1.8B, 1.1M-sq-ft advanced combat aircraft assembly campus (the 'Brownleigh Site') at its north St. Louis County complex, MO (~500 new jobs per St. Louis Partnership), later tied to the U.S. Air Force NGAD/F-47 program. Most recent status (Aviation A2Z, Jul 10, 2026): under construction, exterior largely complete (roof/panels/hangar doors installed), not yet operational; F-47 first flight planned 2028.",prompt1
144,2026-09-06T19:11:28Z,https://www.jnj.com/media-center/press-releases/johnson-johnson-expands-u-s-footprint-with-more-than-1-billion-investment-in-next-generation-cell-therapy-manufacturing-facility-in-pennsylvania,https://www.inquirer.com/health/jj-johnson-pennsylvania-investment-cell-therapy-20260218.html,,"Johnson & Johnson (Janssen Biotech) announced Feb 18, 2026 a >$1B next-generation cell therapy manufacturing facility at 1201 Sumneytown Pike, Lower Gwynedd Township (Spring House), Montgomery County, PA, to make CAR-T/cell therapies for cancer; ~500 biomanufacturing jobs at full operation. Most recent status (Philadelphia Inquirer, Feb 18, 2026 — no later update found): just announced/planned, construction not yet started, full operation expected 2031.",prompt1
145,2026-09-06T19:13:17Z,https://oci-global.com/news-stories/press-releases/oci-to-start-construction-of-new-world-scale-hydrogen-based-blue-ammonia-facility-in-texas-with-production-expected-in-q1-2025/,https://cen.acs.org/business/agriculture/ammonia-agriculture-woodside-yara-oci-global-cf-industries/104/web/2026/08,,"OCI Global announced (early 2022; EP contract Mar 2022, ground broken Dec 2022) a world-scale 1.1 mtpa greenfield hydrogen-based blue-ammonia facility in Beaumont, TX (Linde-integrated CCS), with first production promised in Q1 2025; Woodside Energy agreed Aug 2024 to acquire it for $2.35B. Most recent status (C&EN, Aug 24, 2026): first ammonia achieved (late 2025) but plant running at ~69% of capacity and without carbon capture (Linde hydrogen and ExxonMobil CO2 storage not yet complete), 'blue' ammonia start slipped to 2H 2026, and Woodside has launched a strategic review that may include a sale.",prompt1
146,2026-09-06T19:14:32Z,https://news.bms.com/news/corporate-financial/2026/Bristol-Myers-Squibb-Advances-U-S--Manufacturing-Investment-with-New-2-3-Billion-Campus-in-Houston-Texas/default.aspx,https://www.fiercepharma.com/manufacturing/bristol-myers-squibb-lays-out-plan-23b-manufacturing-facility-houston,,"Bristol Myers Squibb announced (Aug 10, 2026) a $2.3B, ~600,000-sq-ft pharmaceutical manufacturing campus (small molecules, biologics, antibody-drug conjugates) at Generation Park in Houston, TX, expected to create ~500 direct jobs. As of the most recent reporting (Aug 2026) the project is newly announced/planning stage; construction/indirect jobs projected 2027-2030.",prompt1
147,2026-09-06T19:15:29Z,https://www.vedp.org/press-release/2025-02/clasen-quality-chocolate-frederick-county,https://virginiabusiness.com/new-230m-chocolate-factory-coming-to-frederick-county/,,"Clasen Quality Chocolate announced (Feb 2025, via Gov. Youngkin/VEDP) a $230M production facility to make chocolate and confectionery coatings at Valley Innovation Park in Frederick County, VA, expected to create 250 direct jobs. Most recent status found (2025 reporting): company purchased 107 acres (~$38M); to be built in stages with completion expected late 2030; no 2026 construction update located.",prompt1
148,2026-09-06T19:16:21Z,https://www.jobyaviation.com/news/joby-selects-dayton-ohio-first-scaled-manufacturing-facility/,https://www.jobsohio.com/newsroom/ohio-success/joby-aviation-doubles-down-on-ohio-scaling-manufacturing-from-announcement-to-production,,"Joby Aviation announced (Sep 2023) its first scaled manufacturing facility at Dayton International Airport, OH, to build eVTOL air taxis, pledging up to $500M and up to 2,000 jobs on a 140-acre site. Most recent status (JobsOhio update, Apr 2026): Joby began propeller-blade manufacturing at the Dayton site by Oct 2025 and acquired a second Dayton-area facility in Jan 2026; targeting four aircraft/month by 2027.",prompt1
149,2026-09-06T19:18:20Z,https://georgia.org/press-release/hyundai-motor-group-and-sk-build-ev-battery-facility-bartow-county,https://www.ajc.com/business/2026/07/sk-and-hyundai-open-new-5b-ev-battery-plant-northwest-of-atlanta/,,"Hyundai Motor Group and SK On announced (Dec 2022, via Gov. Kemp/Georgia) a ~$4-5B EV battery-cell manufacturing joint-venture facility in Bartow County, GA (35 GWh), projected to create ~3,500 jobs. Most recent status (AJC/electrive, July 2026): the plant began initial battery-cell production in June 2026 and employs ~3,500.",prompt1
150,2026-09-06T19:19:09Z,https://www.tn.gov/ecd/news/2024/5/21/governor-lee--commissioner-mcwhorter-announce-ppg-to-construct-paint-and-coatings-facility-in-loudon-county.html,https://www.manufacturingdive.com/news/ppg-225-million-oem-paint-and-coating-facility-loudon-tennessee-ohio-mexico/717267/,,"PPG announced (May 21, 2024, via Gov. Lee/Tennessee ECD) a new ~$225M, 250,000-sq-ft paint and coatings manufacturing plant (automotive OEM paints/coatings) in Loudon County, TN, projected to create ~130 jobs. Most recent status found (Manufacturing Dive, 2024): construction began Aug 2024 with completion targeted for 2026; no confirmation of completion/first output located as of this collection.",prompt1
151,2026-09-06T19:20:59Z,https://news.mt.gov/Governors-Office/Gov-Gianforte-Announces-Janicki-Industries-Selects-Great-Falls-for-800-Million-Manufacturing-Facility,https://news.mt.gov/Governors-Office/Gov-Gianforte-Janicki-Industries-Break-Ground-on-800-Million-Manufacturing-Campus-in-Great-Falls,,"Janicki Industries announced (June 2, 2026, via Gov. Gianforte) an $800M aerospace/defense composites manufacturing campus (~1.6M sq ft, ~1,000 jobs rising to 2,000+) on 180 acres in the AgriTech Park in Great Falls, Montana. Most recent status: broke ground July 10-11, 2026; first phase expected to open by end of 2027 (under construction as of Sep 2026).",prompt1
152,2026-09-06T19:23:00Z,https://www.manufacturingdive.com/news/waaree-energies-first-us-site-houston-texas-solar-panels-ira/703096/,https://pv-magazine-usa.com/2025/06/11/waaree-solar-americas-announces-supply-agreement-for-599-mw-of-modules/,https://www.solarpowerworldonline.com/2023/12/waaree-to-open-3-gw-solar-panel-manufacturing-factory-in-texas-in-2024/,"Waaree Solar Americas (subsidiary of India's Waaree Energies) announced (Dec 2023) its first U.S. solar module manufacturing plant in Brookshire, Texas, pledging ~$1B and 1,500+ jobs, initially 3 GW capacity targeted for end of 2024. Most recent status: commercial module production began Jan 2025 and the plant is ramping/shipping (599 MW supply deal announced June 2025; capacity doubling to 3.2 GW).",prompt1
153,2026-09-06T19:23:30Z,https://www.michigan.gov/whitmer/news/press-releases/2022/10/05/whitmer-announces-new-jobs-and-investment-as-our-next-energy-builds-battery-manufacturing-campus,https://www.marklines.com/en/news/332923,https://one.ai/news/onecircle,"Our Next Energy (ONE) announced (Oct 5, 2022, via Gov. Whitmer) 'ONE Circle,' a ~$1.6B, 20 GWh LFP battery cell manufacturing campus in Van Buren Township, Michigan, pledging ~2,000+ jobs. Most recent status (2025): ONE has downsized, is vacating roughly two-thirds (~450,000 sq ft) of the plant and pivoting away from automotive EVs toward infrastructure/defense, while continuing to run its LFP cell pilot line.",prompt1
154,2026-09-06T19:24:55Z,https://www.gene.com/media/press-releases/15059/2025-05-12/roche-and-genentech-announce-new-north-c,https://www.biospace.com/press-releases/genentech-marks-topping-out-milestone-for-new-holly-springs-north-carolina-manufacturing-facility,https://www.gene.com/media/press-releases/15096/2026-01-20/genentech-more-than-doubles-investment-i,"Genentech (a member of the Roche Group) announced (May 12, 2025) its first East Coast drug manufacturing facility, a ~700,000-sq-ft biologics plant for metabolic/obesity medicines in Holly Springs, North Carolina, initially >$700M and 400-500+ direct jobs; a distinct site from Fujifilm and Amgen's Holly Springs plants. Most recent status: investment more than doubled to ~$2B (Jan 2026); broke ground Aug 2025 and held a topping-out ceremony Aug 18, 2026, with completion expected in 2029 (under construction).",prompt1
155,2026-09-06T19:26:25Z,https://www.refrigeratedfrozenfood.com/articles/100262-hilmar-cheese-building-new-processing-plant-in-dodge-city-kansas,https://www.kansascommerce.gov/2025/03/governor-kelly-celebrates-grand-opening-of-hilmar-cheese-companys-new-production-facility-in-dodge-city/,,"Hilmar Cheese Company announced (May 5, 2021, with Gov. Laura Kelly) a new greenfield cheese and whey-protein processing plant in Dodge City, Kansas, pledging more than $600M (reported ~$460M+) in capital and ~250 direct jobs. Most recent status: the facility held its grand opening in March 2025 and is operational/producing (broke ground Sept 2022).",prompt1
156,2026-09-06T19:28:06Z,https://www.foxbusiness.com/markets/toyota-invest-3-6b-plant-expansion-shift-tacoma-production-from-mexico-texas,https://constructionreviewonline.com/toyota-san-antonio-expansion-reaches-3-6-billion-with-tacoma-line/,https://gov.texas.gov/news/post/governor-abbott-announces-toyota-expansion-in-san-antonio,"Toyota Motor North America announced on July 6, 2026 a $3.6B expansion of its San Antonio, TX plant, adding a second vehicle assembly line for the Tacoma (production shifting from Baja California, Mexico) and 2,000 new direct jobs. Most recent status (as of the July 2026 announcement): pre-construction; site work to begin in 2026 with full operation targeted for 2030 — no more recent update found as of Sep 2026.",prompt1
157,2026-09-06T19:29:33Z,https://investor.lilly.com/news-releases/news-release-details/lilly-plans-build-new-65-billion-facility-manufacture-active,https://abc13.com/post/construction-begins-eli-lillys-65b-manufacturing-campus-generation-park/19585198/,https://gov.texas.gov/news/post/governor-abbott-announces-new-eli-lilly-manufacturing-investment-in-harris-county,"Eli Lilly announced on Sep 23, 2025 a >$6.5B active pharmaceutical ingredient (API) manufacturing campus at Generation Park in Harris County (Houston), TX, on ~236 acres, to make small-molecule medicines (incl. orforglipron), creating 600+ direct jobs. Most recent status (ABC13, Jul 27, 2026): construction underway/beginning Aug 2026; shell buildings targeted end-2027, full completion ~2030. A distinct new Lilly site, separate from its Concord NC, Lebanon IN, Pleasant Prairie WI, and Greenbrier facilities.",prompt1
158,2026-09-06T19:30:37Z,https://governor.sc.gov/news/2024-12/boeing-commits-expand-charleston-county-operations,https://www.postandcourier.com/business/boeing-sc-north-charleston-787-dreamliner/article_046b0f82-c9f5-4f22-92df-95d4d9d71610.html,https://boeing.mediaroom.com/2025-11-07-Boeing-South-Carolina-Breaks-Ground-on-787-Site-Expansion,"Boeing announced in December 2024 a >$1B expansion of its Boeing South Carolina 787 Dreamliner site in North Charleston, SC, adding a second ~1.2M-sq-ft final assembly building and support infrastructure to raise 787 output, promising 1,000 new direct jobs. Groundbreaking was Nov 7, 2025. Most recent status (Post & Courier, Apr 8, 2026): construction in structural-steel phase, ~360,000 cubic yards of earth moved, completion targeted 2028. A distinct commercial-aircraft facility, separate from the covered Boeing St. Louis defense/Brownleigh campus.",prompt1
159,2026-09-06T19:32:14Z,https://www.airproducts.com/company/news-center/2021/10/1014-air-products-blue-hydrogen-clean-energy-complex-in-louisiana,https://www.energyconnects.com/news/renewables/2026/june/air-products-axes-massive-clean-energy-complex-in-louisiana/,https://www.opportunitylouisiana.gov/news/air-products-announces-4-5-billion-blue-hydrogen-clean-energy-complex,"Air Products announced in October 2021 a $4.5B (later scaled up toward ~$8-9B) blue hydrogen and ammonia 'Louisiana Clean Energy Complex' with carbon capture near Burnside/Darrow in Ascension Parish, LA, originally targeting operation in 2026. Most recent status (Energy Connects / company 8-K, Jun 30, 2026): Air Products CANCELLED the project, taking a pre-tax charge of up to $2.9B, citing returns below its criteria and challenging commercial conditions.",prompt1
160,2026-09-06T19:33:28Z,https://formenergy.com/west-virginia-governor-jim-justice-announces-form-energy-will-site-first-american-battery-manufacturing-plant-in-weirton-creating-hundreds-of-jobs/,https://www.weirtondailytimes.com/news/local-news/2026/03/form-is-energizing-a-growing-number-of-projects/,https://www.areadevelopment.com/newsItems/12-23-2022/form-energy-weirton-west-virginia.shtml,"Form Energy announced in December 2022 (with WV Gov. Jim Justice) 'Form Factory 1,' a greenfield iron-air (long-duration) battery manufacturing plant on 55 acres in Weirton, WV, for up to $760M and a minimum 750 direct jobs, with production originally planned for 2024. Most recent status (Weirton Daily Times, Mar 28, 2026): facility opened for production Sep 2024 and is in active commercial production, ~400 employed, fulfilling domestic and international orders (incl. Ireland) with expansion planned through 2028.",prompt1
161,2026-09-06T19:34:55Z,https://www.packagingdive.com/news/international-paper-to-build-225m-box-plant-in-mississippi/815335/,https://www.prnewswire.com/news-releases/international-paper-breaks-ground-on-new-sustainable-packaging-facility-in-rankin-county-mississippi-302781895.html,https://www.wlbt.com/2026/03/25/international-paper-build-225-million-facility-brandon/,"International Paper announced (March 20, 2026) a $225M, 468,000-sq-ft greenfield corrugated packaging (box) plant on an 80-acre site in Brandon, Rankin County, Mississippi, expected to create ~150 jobs. Most recent status: broke ground May 20, 2026; construction to begin June 2026 with operations targeted for Q4 2027 (not yet producing as of the latest reporting).",prompt1
162,2026-09-06T19:35:38Z,https://www.opportunitylouisiana.gov/news/japanese-chemical-company-ube-announces-500-million-investment-to-build-louisiana-facility-to-serve-growing-ev-battery-market,https://evertiq.com/news/2025-03-10-ube-breaks-ground-on-500m-battery-material-plant-in-louisiana,https://www.ube.com/ube/en/news/2025/0217.html,"UBE Corporation (via UBE C1 Chemicals America) announced Feb 29, 2024 a $500M greenfield plant at Cornerstone Energy Park in Waggaman, Jefferson Parish, Louisiana to make dimethyl carbonate (DMC) and ethyl methyl carbonate (EMC) EV-battery electrolyte chemicals (100,000 t/yr DMC, 40,000 t/yr EMC; ~47-56 direct jobs). Most recent status: held a groundbreaking ceremony Feb 2025, construction underway with completion targeted mid-2026 and operations in late 2026 (not yet producing as of the latest reporting).",prompt1
163,2026-09-06T19:37:25Z,https://governor.sc.gov/news/2022-12/redwood-materials-establishing-operations-berkeley-county-largest-economic-development,https://www.redwoodmaterials.com/news/redwood-begins-critical-materials-recovery-in-south-carolina/,https://www.redwoodmaterials.com/news/announcing-redwood-south-carolina/,"Redwood Materials announced Dec 14, 2022 a $3.5B, 600+-acre battery materials campus at Camp Hall Commerce Park in Ridgeville (Berkeley County), South Carolina, pledging 1,500 jobs and eventual anode/cathode output for ~100 GWh/yr. Most recent status: in November 2025 Redwood brought its first South Carolina operations online, beginning critical-materials recovery (initial ~20,000 t/yr) ahead of full refined anode/cathode manufacturing.",prompt1
164,2026-09-06T19:37:32Z,https://governor.sc.gov/news/2020-11/mark-anthony-brewing-building-400-million-facility-richland-county,https://www.postandcourier.com/columbia/business/columbia-white-claw-brewery-celebrates-opening-of-490m-facility/article_d8ebaff6-d224-11ec-879e-fb713c76c061.html,,"Mark Anthony Brewing announced Nov 11, 2020 a ~$400M (ultimately ~$490M), 1.3M-sq-ft greenfield brewery/production facility in Pineview Industrial Park, Columbia (Richland County), South Carolina to make White Claw Hard Seltzer, Mike's Hard Lemonade and related brands, pledging ~300 jobs. Most recent status: first salable cases rolled off the line in November 2021 and the plant held its official grand opening May 12, 2022 (producing).",prompt1
165,2026-09-06T19:38:44Z,https://www.merck.com/news/merck-breaks-ground-on-new-1-billion-biologics-center-of-excellence-in-wilmington-delaware/,https://www.enr.com/articles/60678-merck-breaks-ground-on-1b-delaware-biologics-center,,"Merck announced and broke ground April 29, 2025 on Merck Wilmington Biotech, a $1B, 470,000-sq-ft biologics center of excellence at the Chestnut Run Innovation and Science Park (CRISP) in Wilmington, Delaware, to make next-generation biologics/ADCs (and future U.S. KEYTRUDA production), pledging 500+ full-time jobs. Most recent status: still in construction as of the latest reporting (groundbreaking April 2025); lab targeted operational by 2028 and commercial production by ~2030 (not yet producing).",prompt1
166,2026-09-06T19:41:02Z,https://entek.com/news/posts/entek-announces-location-of-first-lithium-battery-separator-plant-in-indiana-to-power-growing-domestic-electric-vehicle-market/,https://www.manufacturingdive.com/news/entek-1-billion-doe-loan-terre-haute-indiana-battery-separator-facility/720869/,https://www.manufacturingdive.com/news/entek-battery-lithium-separator-facility-terre-haute-indiana/645694/,"ENTEK announced on March 22, 2023 a $1.5B lithium-ion battery separator manufacturing campus (four buildings, ~1.4M sq ft, up to ~640 direct jobs) in Terre Haute (Vigo County), Indiana. As of the most recent reporting (late-2024 DOE $1.3B direct loan close), the plant is still under construction, with Phase I start of production targeted for Q4 2026 — not yet producing.",prompt1
167,2026-09-06T19:42:54Z,https://www.press.bmwgroup.com/global/article/detail/T0404837EN/bmw-group-announces-1-7-billion-usd-investment-to-build-electric-vehicles-in-the-u-s-and-signs-agreement-with-envision-aesc-for-the-supply-of-battery-cells-to-plant-spartanburg?language=en,https://spectrumlocalnews.com/sc/south-carolina/news/2026/07/02/south-carolina-bmw-investiment,https://www.repairerdrivennews.com/2025/06/09/bmw-to-build-three-evs-at-spartanburg-plant-beginning-in-2026/,"BMW announced on Oct 19, 2022 a $1.7B U.S. investment including $1B to prepare Plant Spartanburg (Spartanburg County, South Carolina) for electric-vehicle assembly (auto assembly). Per the most recent reporting (BMW's July 1-2, 2026 completion event), the investment is finished and the new X5 is in production; the iX5 — the first fully electric BMW to be built in the U.S. — is scheduled to begin assembly at Spartanburg before the end of 2026 (not yet in EV series production).",prompt1
168,2026-09-06T19:46:15Z,https://columbusregion.com/press-releases/biotech-leader-amgen-expands-to-new-albany-ohio-investing-365-million-and-creating-400-new-jobs/,https://www.amgen.com/newsroom/press-releases/2025/04/amgen-announces-900-million-manufacturing-expansion-creation-of-350-new-jobs-in-ohio,https://www.amgen.com/newsroom/press-releases/2021/11/amgen-begins-construction-on-new-biomanufacturing-plant-in-central-ohio,"Amgen announced in 2021 a ~$365M biomanufacturing facility (~270,000 sq ft) creating ~400 direct jobs in New Albany (Franklin County), Ohio. Per the most recent reporting (Amgen's April 2025 update, still current in April 2026 coverage), the original plant became operational in early 2024 and Amgen is now building a second facility on the same campus — a $900M expansion adding ~350 jobs — targeted for completion in 2027.",prompt1
169,2026-09-06T19:47:59Z,https://www.businesswire.com/news/home/20240709376603/en/LS-GreenLink-USA-Inc.-Announces-Historic-$681-Million-Subsea-Cable-Manufacturing-Facility-in-Chesapeake-Virginia,https://www.offshorewind.biz/2026/07/02/worlds-largest-vertical-continuous-vulcanization-tower-under-construction-in-us/,https://www.vedp.org/press-release/2024-07/ls-greenlink-chesapeake,"LS GreenLink USA (subsidiary of South Korea's LS Cable & System) announced on July 9, 2024 a $681M high-voltage direct current (HVDC) subsea power cable manufacturing facility (~750,000 sq ft on ~100 acres, 330-430 direct jobs) in Chesapeake, Virginia. Per the most recent reporting (July 2026), the plant is under construction — vertical construction underway and the 201-m VCV insulation tower being erected — targeting completion in H2 2027 and commercial production in Q1 2028 (not yet producing).",prompt1
170,2026-09-06T19:51:51Z,https://www.businesswire.com/news/home/20240513358871/en/Polar-Semiconductor-Announces-Plans-to-Expand-Semiconductor-Manufacturing-Facility-in-Minnesota,https://www.manufacturingdive.com/news/polar-semiconductor-120-million-chips-funds-expand-bloomington-minnesota/715887/,https://polarsemi.com/news/polar-semiconductor-receives-chips-award/,"Polar Semiconductor announced on May 13, 2024 a ~$525M major expansion of its 310,000-sq-ft semiconductor wafer fab in Bloomington, Minnesota (~160 new manufacturing/construction jobs), to double 200mm wafer output (~20,000 to ~40,000 wafers/month) for sensor and power chips, backed by CHIPS Act funding. Per the most recent reporting I could find (Sept 24, 2024: CHIPS direct funding finalized at $123M, ownership transition to a majority U.S.-owned merchant foundry and $175M equity close completed), the expansion is underway on a roughly two-year timeline (into 2026); no more-recent public construction/production milestone was available.",prompt1
171,2026-09-06T19:52:57Z,https://www.forgenano.com/forge-nano-to-launch-u-s-battery-manufacturing-business-north-carolina-gigafactory-planned-for-2026/,https://www.globenewswire.com/news-release/2026/08/19/3347836/0/en/forge-nano-breaks-ground-on-america-s-battery-gigafactory-to-strengthen-u-s-defense-supply-chains.html,,"Forge Nano broke ground Aug 19, 2026 on 'America's Battery Gigafactory,' expanding its Morrisville, North Carolina site from ~100,000 to ~315,000 sq ft lithium-ion battery cell manufacturing (~3 GWh/yr) with 250+ direct jobs, backed by up to $100M DOE funding and a $20M Samsung SDI investment; production expected to begin in 2028 (most recent status: broke ground Aug 2026, under construction, not yet producing).",prompt1
172,2026-09-06T19:55:00Z,https://www.businesswire.com/news/home/20210819005715/en/SunOpta-Announces-Further-Details-on-New-Mega-Plant-Based-Beverage-Facility-in-Midlothian-TX,https://fortworthreport.org/2023/02/10/sunopta-opens-plant-based-beverage-facility-in-midlothian/,https://www.dallasnews.com/business/jobs/2021/08/19/plant-based-milk-maker-sunoptas-new-mega-facility-will-be-built-in-midlothian-creating-185-jobs/,"SunOpta announced Aug 19, 2021 a new ~$125M, 285,000-sq-ft (expandable to 400,000) plant-based beverage 'mega' manufacturing facility (oat/plant milks, creamers, teas) in Midlothian, Ellis County, Texas, with up to 185 direct jobs. Most recent status: the facility opened and began production in February 2023 and is operational (no newer credible update found).",prompt1
173,2026-09-06T19:55:58Z,https://gov.texas.gov/news/post/governor-abbott-closes-landmark-deal-with-jsw-steel-usa-inc.-to-develop-local-steel-industry-in-baytown-texas,https://www.manufacturingdive.com/news/jsw-steel-investing-110-million-upgrade-houston-baytown-texas-plant/720797/,https://www.chron.com/business/energy/article/500-million-expansion-of-Baytown-steel-mill-12781887.php,"JSW Steel USA announced March 2018 (via Texas Gov. Greg Abbott) a phased ~$500M expansion of its Baytown, Texas steel mill, including a new electric arc furnace and slab caster, projected to add up to 500 direct jobs. Most recent status: the $500M EAF/caster expansion was halted in Aug 2019 amid market conditions; the Baytown plate mill has since pursued a separate ~$110M modernization (announced 2024, targeted for completion by 2026) producing steel plate for offshore wind.",prompt1
174,2026-09-06T19:56:55Z,https://www.trinasolar.com/us/resources/newsroom/Trina-Solar-US-PV-Manufacturing-Facility-Jobs-Wilmer-Texas/,https://pv-magazine-usa.com/2026/05/14/how-t1-energy-is-ramping-up-multi-gigawatt-u-s-solar-manufacturing/,https://www.solarpowerworldonline.com/2023/09/trina-solar-to-build-5-gw-solar-panel-factory-in-texas/,"Trinasolar U.S. announced Sept 2023 a >$200M, ~1.35M-sq-ft, 5 GW solar PV module manufacturing plant in Wilmer (Dallas County), Texas, projecting 1,500 direct jobs and start of production in 2024. Most recent status: the plant opened in Dec 2024 and was sold days later to FREYR (now T1 Energy) for ~$340M; as of May 2026 it operates as T1's 'G1_Dallas,' fully operational and at volume — it produced 2.79 GW of modules in 2025 and ran above its 5 GW nameplate capacity.",prompt1
175,2026-09-06T19:58:23Z,https://www.wardsauto.com/news/archive-auto-stellanitis-commits-reopening-belvidere-assembly-uaw-build-new-truck-2027/738135/,https://www.wifr.com/2026/08/14/work-underway-reopen-belvidere-assembly-plant-stellantis-outlines-production-timeline/,https://www.mystateline.com/news/local-news/belvidere-assembly-plant-to-reopen-in-2027-producing-new-jeep-models/,"Stellantis committed in Nov 2023 (as part of its UAW contract settlement) to reopen its idled Belvidere Assembly Plant in Belvidere, Illinois to build a new midsize truck/Jeep models, pledging roughly $1.2B+ and returning ~1,500 (later cited up to 3,000) direct jobs, originally targeting a 2027 production restart. Most recent status: the plant (shuttered since Feb 2023) has not reopened; as of Aug 2026 retooling work is underway with investment cited around $800M and the production timeline pushed back toward 2027-2028 (first vehicle possibly mid-2028) — not yet producing.",prompt1
176,2026-09-06T20:00:27Z,https://www.abc57.com/news/slate-ev-factory-coming-to-warsaw-expected-to-bring-over-2-000-jobs,https://www.inkfreenews.com/2026/06/30/slate-auto-begins-electric-truck-preorders-warsaw-factory-nears-production/,,"Slate Auto announced in late April/May 2025 a ~$383.5M electric pickup truck assembly plant at the former R.R. Donnelley plant just outside Warsaw (Kosciusko County), Indiana, promising 2,000+ direct jobs. As of mid-2026 the site is being retooled (robots installed) with first production targeted for Q4 2026 — not yet building vehicles.",prompt1
177,2026-09-06T20:01:33Z,https://businessfacilities.com/es-foundry-hii-choose-south-carolina-for-solar-panels-shipbuilding/,https://www.prnewswire.com/news-releases/es-foundry-completes-2-gw-greenwood-factory-expansion-bringing-total-us-solar-cell-capacity-to-3-gw-as-first-cell-comes-off-new-line-302819101.html,,"ES Foundry established a crystalline-silicon (bifacial PERC) solar cell manufacturing facility in Greenwood (Greenwood County), South Carolina, converting a former Fujifilm plant, with a South Carolina Commerce commitment of ~500 direct jobs; the site was selected in 2024 and grand-opened Jan 31, 2025. Most-recent status (July 7, 2026): the plant is producing, having completed a 2 GW expansion for ~3 GW total US solar cell capacity.",prompt1
178,2026-09-06T20:03:31Z,https://investors.smithfieldfoods.com/news-events/press-releases/detail/1432/smithfield-foods-to-build-new-state-of-the-art-processing-facility-in-sioux-falls-south-dakota,https://siouxfalls.business/sioux-falls-city-council-approves-tax-increment-financing-plan-conditional-use-permit-for-smithfield-foods/,,"Smithfield Foods announced Feb 16, 2026 a new packaged-meats and fresh-pork processing facility (up to $1.3B, >1.1M sq ft) at Foundation Park in northwest Sioux Falls, South Dakota, to replace its century-old existing plant, retaining ~3,200 jobs. Most-recent status: the Sioux Falls City Council approved the project's TIF plan and conditional-use permit in March 2026; the project is in permitting/land-purchase and pre-construction, with groundbreaking targeted for H1 2027 and production by end of 2028 (not yet producing).",prompt1
179,2026-09-06T20:05:31Z,https://www.post-gazette.com/business/powersource/2025/11/04/us-steel-nippon-hot-strip-mill-pittsburgh/stories/202511040069,http://paenvironmentdaily.blogspot.com/2026/08/dep-invites-comments-on-stormwater_01289389781.html,,"U.S. Steel (under new owner Nippon Steel) announced in November 2025 a new state-of-the-art hot strip mill at its Edgar Thomson Plant in Braddock/North Braddock (Allegheny County), Pennsylvania, as the centerpiece of an up-to-$2.5B Mon Valley Works investment (~2 years of construction). Most-recent status (Aug 2026): the project is in environmental permitting — PA DEP opened public comment on the new mill's individual stormwater permit — with construction not yet started.",prompt1
180,2026-09-06T20:07:39Z,"https://news.lockheedmartin.com/2026-05-21-New-Lockheed-Martin-Facility-to-Support-Americas-Arsenal-of-Freedom,-Accelerated-Production-of-THAAD-Interceptors",https://www.troymessenger.com/news/lockheed-martin-continues-to-invest-in-munitions-acceleration-facility-improvements-f8a94d47,,"Lockheed Martin broke ground May 21, 2026 on a major expansion (reported at roughly $1B) of its Troy, Alabama munitions plant — a new ~87,000-sq-ft production building (Building 47) that nearly doubles the site's production space to make THAAD interceptors and support Next Generation Interceptor (NGI) work, adding new jobs. Most-recent status (Troy Messenger, Aug 14, 2026): the Troy expansion is under way, with Lockheed accelerating THAAD and PAC-3 MSE production under new multibillion-dollar U.S. defense contracts; not yet at full production.",prompt1
181,2026-09-06T20:08:58Z,https://grandforks.org/grand-forks-identified-as-site-for-a-450-million-potato-processing-plant/,https://www.freshplaza.com/north-america/article/9856012/us-1-billion-agristo-potato-plant-enters-construction-phase/,https://www.grandforksherald.com/news/local/agristo-extends-construction-by-one-year-with-new-estimated-opening-around-fall-2029,"Agristo (Belgium-based frozen-potato processor) announced in Aug 2025 its first North American plant, a $450M greenfield potato-processing facility in Grand Forks, ND (~350 direct jobs). Most recent status (as of mid-2026): capital scaled up to ~$1B, broke ground July 7, 2026, and construction extended by a year with production now expected fall 2029.",prompt1
182,2026-09-06T20:09:56Z,https://www.clevelandcliffs.com/news/news-releases/detail/702/cleveland-cliffs-announces-1-billion-middletown-works,https://www.axios.com/local/north-of-cincy/2026/08/27/cleveland-cliffs-middletown-works-billion-investment,,"Cleveland-Cliffs announced in 2024 a >$1B transformation of its Middletown Works steel mill in Middletown, OH, supported by a $500M U.S. DOE award, originally to replace a blast furnace with hydrogen-ready direct-reduced-iron and electric melting furnaces. Most recent status (Aug 2026): the project was rescoped after Cliffs dropped the hydrogen/green-steel plan; DOE established a framework for a ~$1B blast-furnace 'optimization' (Energy Recovery and Advanced Efficient Ironmaking) project instead.",prompt1
183,2026-09-06T20:11:10Z,https://www.azcommerce.com/news-events/news/2025/12/kanto-ppc-groundbreaking/,https://pinalpost.com/casa-grande-oks-kppc-chemical-plant-supplying-intel-tsmc/,https://www.gpec.org/news/press-releases/kppc-advanced-chemicals-breaks-ground-in-casa-grande/,"KPPC Advanced Chemicals (a U.S. subsidiary of Japan's Kanto Group / KANTO-PPC) broke ground in December 2025 on its 'U.S. Arizona Plant,' a Phase-1 >$120M (projected to ~$500M by 2035) ultrapure-chemicals manufacturing campus in Casa Grande, AZ, supplying semiconductor fabs; ~80 initial jobs growing to ~200 at full build-out. Most recent status (Feb 2026): after the Casa Grande Planning & Zoning Commission rejected the conditional-use permit on Jan 8, 2026, the City Council approved it on Feb 2, 2026; production targeted for late 2027.",prompt1
184,2026-09-06T20:12:50Z,https://www.energytech.com/emobility/article/21233951/nissan-makes-500m-investment-to-transform-mississippi-plant-to-ev-model-assembly,https://www.wlbt.com/2026/05/01/nissan-drops-plan-build-electric-vehicles-canton-manufacturing-facility/,https://www.wlbt.com/2022/02/17/nissan-making-big-announcement-canton-plant/,"Nissan announced on Feb 17, 2022 a $500M investment to retool its Canton, Mississippi vehicle assembly plant to build two new all-electric models (originally targeted to start production in 2025), supporting the retraining/upskilling of ~2,000 jobs. Most recent status (May 1, 2026): Nissan cancelled the planned EV programs at Canton, keeping the plant on gas-powered Altima, Frontier and new Xterra production instead; no EVs will be built there.",prompt1
185,2026-09-06T20:13:42Z,https://pressroom.geappliances.com/news/ge-appliances-doubles-down-on-u-s-manufacturing-with-490-million-laundry-plant-investment-at-its-global-headquarters-in-louisville-kentucky,https://www.industryweek.com/leadership/companies-executives/news/55402734/ge-appliances-to-invest-1-billion-to-expand-laundry-manufacturing-at-kentuckys-appliance-park,https://newkentuckyhome.ky.gov/Newsroom/NewsPage/20250626_GEAppliances,"GE Appliances announced on June 26, 2025 a $490M investment to reshore front-load washer and GE Profile Combo washer/dryer production from China to Building 2 at Appliance Park in Louisville, KY, creating ~800 direct jobs (production targeted for 2027). Most recent status (Sept 2026): GE Appliances announced a further ~$1B laundry-manufacturing expansion at the same Appliance Park site (with IUE-CWA), building on the $490M project and billing Appliance Park as the largest U.S. home-appliance manufacturing site; laundry production still targeted to begin 2027.",prompt1
186,2026-09-06T20:15:39Z,https://www.jobsohio.com/newsroom/news-press/electra-to-usher-in-the-next-era-of-aviation-with-advanced-production-facility-in-springfield-ohio,https://news.mit.edu/2026/electra-aircraft-departs-mit-classroom-and-arrives-at-ohio-factory-0825,,"Electra announced on July 21, 2026 (at the Farnborough Airshow, with Ohio Gov. DeWine/JobsOhio) an $850M first production facility for its EL9 Ultra Short hybrid-electric aircraft on 96 acres at AirPark Ohio in Springfield (Clark County), Ohio, projected to create 1,975 jobs. As of the most recent reporting (MIT News, Aug 25, 2026) the project is in the planning/design phase with construction slated to begin in 2027 (aerospace and defense).",prompt1
187,2026-09-06T20:16:43Z,https://gov.georgia.gov/press-releases/2023-07-18/gov-kemp-yakult-chooses-bartow-county-second-us-production-facility,https://www.yakult.co.jp/english/news/article.php?num=202,,"Yakult U.S.A. announced in July 2023 (via Gov. Kemp/Georgia) its second U.S. production facility, a beverage plant at Highland 75 Industrial Park in White, Bartow County, Georgia, an ~$305M investment (later stated ~$397M) creating ~90 jobs. Per the most recent credible update found (Yakult corporate news, July 30, 2024), the plant was under construction with first production targeted for September 2026; no source confirming first output was found (food and beverage).",prompt1
188,2026-09-06T20:18:44Z,https://www.cityofdenton.com/m/newsflash/home/detail/1229,https://www.novartis.com/news/media-releases/novartis-breaks-ground-denton-texas-radioligand-therapy-site-construction-now-underway-across-all-new-us-facilities,https://www.novartis.com/us-en/news/media-releases/novartis-build-new-radioligand-therapy-site-denton-texas-delivering-more-next-generation-treatments-patients,"Novartis announced on Feb 25, 2026 a $280M radioligand therapy (RLT) drug manufacturing site (~46,000 sq ft) on Shady Oaks Drive in Denton, Texas, projected to create ~150-175 jobs. Per the most recent reporting (Novartis groundbreaking release), construction is now underway with the site expected to be fully operational in 2028 (pharmaceuticals).",prompt1
189,2026-09-06T20:20:13Z,https://www.purecycle.com/blog/pg-breakthrough-leads-to-120m-investment-in-ohio-plant,https://www.recyclingtoday.com/news/purecycle-output-revenue-plastic-recycling-ohio-polypropylene-2026/,,"PureCycle Technologies announced in 2017 (breaking ground that year) its first commercial plant in Ironton (Lawrence County), Ohio, to make ultra-pure recycled polypropylene using Procter & Gamble-licensed technology; the initial ~$120M investment later grew to ~$363M (~51 jobs), ~105M lb/yr capacity. Per the most recent reporting (Recycling Today, 2026), the plant is operating commercially and ramping output, setting a record of ~5,000 tons processed in Q1 2026 (chemicals and plastics).",prompt1
190,2026-09-06T20:22:09Z,https://www.prnewswire.com/news-releases/commercial-metals-company-selects-berkeley-county-west-virginia-as-site-of-its-fourth-micro-mill-301698574.html,https://www.cmc.com/en-us/landing-pages/west-virginia,,"Commercial Metals Company (CMC) announced in December 2022 that Berkeley County (Martinsburg), West Virginia would be the site of its fourth micro mill (MM4), a ~$450M electric-arc-furnace steel mill making straight-length and spooled rebar (~500,000 tons/yr) and creating ~230 jobs. Per the most recent status (CMC project page, updated Feb 2026), the mill is not yet operational, with commissioning now targeted for late 2026 (slipped from an original late-2025 startup) (steel). Distinct from CMC's Arizona 2 micro mill.",prompt1
191,2026-09-06T20:23:49Z,https://www.fromtheroad.ford.com/us/en/articles/2025/ford-affordable-electric-vehicle-platform-midsize-electric-truck,https://www.foxbusiness.com/markets/inside-fords-2-billion-overhaul-3-million-square-foot-louisville-plant,,"Ford announced on Aug 11, 2025 a ~$2B retooling of its Louisville Assembly Plant (Louisville, Kentucky) to build a new sub-$30,000 midsize electric pickup (the 'Fathom') using its Universal EV Production System, securing ~2,200 hourly jobs. As of mid-2026 the plant conversion is reported on track, with production-ready prototype builds targeted for Q1 2027 and full production later in 2027 (not yet producing).",prompt1
192,2026-09-06T20:24:50Z,https://www.ussteel.com/media/newsroom/-/blogs/u-s-steel-announces-first-of-its-kind-in-the-united-states-dri-facility-at-big-river-steel-works,https://www.canarymedia.com/articles/green-steel/us-steel-build-2b-plant-arkansas,,"U.S. Steel announced on April 28-30, 2026 a $1.9B direct-reduced-iron (DRI) plant at its Big River Steel Works campus in Osceola, Arkansas — a new, distinct ironmaking facility (separate in kind from the flat-roll Big River 2 mill) that will feed hot DRI into the site's electric arc furnaces, supporting ~200 full-time jobs. Most recent status (as of the April 2026 announcement, the freshest reporting available): construction anticipated to begin Q3 2026 over ~30 months, with startup targeted for the first half of 2029 (not yet under construction).",prompt1
193,2026-09-06T20:26:13Z,https://missouripartnership.com/americas-heartland-packing-poised-for-open/,https://www.meatpoultry.com/articles/32471-americas-heartland-packing-holds-open-house,,"American Foods Group announced in November 2021 an $800M greenfield beef-processing plant, 'America's Heartland Packing,' in Wright City (Warren County), Missouri, projected to create over 1,300 jobs and process ~2,400 cattle/day. Most recent status: the plant broke ground in 2022, started production April 10, 2025, held an open house Sept 13, 2025, and as of late 2025 is producing and ramping up (roughly ~800 head/day with ~700 employees, below full capacity).",prompt1
194,2026-09-06T20:27:06Z,https://www.opportunitylouisiana.gov/news/lake-charles-methanol-announces-plan-for-new-3-2-billion-manufacturing-plant-in-southwest-louisiana,https://www.icis.com/explore/resources/news/2025/11/13/11155109/lake-charles-methanol-ii-awards-feed-fid-expected-in-q2-2026/,,"Lake Charles Methanol II announced on Feb 14, 2024 a $3.24B greenfield plant at the Port of Lake Charles (Westlake/Calcasieu Parish), Louisiana, to produce ~3.6 million tonnes/year of low-carbon 'blue' methanol with carbon capture (~123 direct permanent jobs; capital clears the size floor). Most recent status (Nov 2025 reporting, the freshest available): the project is still pre-construction in the FEED phase (Zachry Group awarded FEED), with a Final Investment Decision now expected Q2 2026 — delayed from the mid-2024 FID originally indicated — and commercial operations targeted for late 2027.",prompt1
195,2026-09-06T20:28:18Z,https://governor.sc.gov/news/2026-04/suniva-inc-selects-laurens-county-first-south-carolina-manufacturing-facility,https://www.areadevelopment.com/newsitems/4-22-2026/suniva-laurens-county-south-carolina.shtml,,"Suniva, Inc. announced on April 14, 2026 a $350M solar cell manufacturing facility in Laurens County, South Carolina (a 620,000-sq-ft buildout at 1200 Commerce Blvd., Laurens) with 4.5 GW annual capacity, expected to create 564 jobs — its first South Carolina site, separate from its existing Georgia (Norcross) cell line. Most recent status (as of the April 2026 announcement, the freshest reporting available): the project is in the planning/pre-construction phase, with operations targeted for Q2 2027 (not yet producing).",prompt1
196,2026-09-06T20:30:09Z,https://www.microchip.com/en-us/about/news-releases/corporate/microchip-plans-to-invest-880-million-to-expand-its-silicon,https://ir.microchip.com/sec-filings/all-sec-filings/content/0000827054-25-000037/mchp-20250303.htm,,"Microchip Technology announced (Feb 17, 2023) an $880M expansion of its Colorado Springs, CO campus (Fab 5) to grow silicon carbide (SiC) and silicon (Si) capacity, projecting ~400 new jobs. Most recent status (as of Sep 2026): the expansion was paused through fiscal 2027 amid a demand downturn, and per Microchip's March 3, 2025 8-K the company began headcount reductions at the Colorado Springs Fab 5 as part of a ~2,000-job company-wide restructuring; related CHIPS Act funding earmarked for the site was also put on hold.",prompt1
197,2026-09-06T20:33:22Z,https://pressroom.toyota.com/toyota-bringing-battery-electric-vehicle-production-to-kentucky/,https://electrek.co/2026/09/03/toyota-denies-delaying-highlander-ev-suv-again/,,"Toyota announced (Feb 6, 2024) a $1.3B investment to prepare its Toyota Motor Manufacturing Kentucky assembly plant in Georgetown, KY to build an all-new three-row battery-electric SUV (the electric Highlander), including a new battery-pack line; the plant employs ~9,400. Most recent status (as of Sep 2026): production has not yet started and has slipped repeatedly from the original 2025 target — most recently to January 2027 at the earliest per Sep 3, 2026 reporting, though Toyota says the 2027 launch is unchanged. (Note: Toyota's own announcement page returns HTTP 403 to automated fetches; the Feb 6, 2024 $1.3B figure is corroborated across trade press.)",prompt1
198,2026-09-06T20:35:31Z,https://www.tesla.com/blog/tesla-lithium-refinery-groundbreaking,https://electrek.co/2026/01/15/tesla-rare-look-lithium-refinery-confirms-production-start/,,"Tesla broke ground in May 2023 (site selected Sept 2022) on a >$1B lithium refinery near Robstown, outside Corpus Christi, TX, to convert spodumene into battery-grade lithium hydroxide (~50 GWh/yr at volume), projecting ~250 permanent jobs. Most recent status (as of Sep 2026): the refinery reached first production in early January 2026 and has since been reported fully operational/ramped in 2026, shipping battery-grade lithium to Giga Texas. (Note: Tesla's own blog page returns HTTP 403 to automated fetches; the >$1B and jobs figures are corroborated across trade press and Texas state releases.)",prompt1
199,2026-09-06T20:38:39Z,https://www.azcommerce.com/news-events/news/2021/12/meyer-burger-to-establish-solar-module-manufacturing-facility-in-goodyear/,https://www.solarpowerworldonline.com/2025/05/meyer-burger-lays-off-workforce-at-arizona-solar-panel-factory/,https://pv-magazine-usa.com/2021/12/27/meyer-burger-brings-400-mw-high-performance-solar-module-manufacturing-to-arizona/,"Meyer Burger (Swiss solar maker) announced Dec 27, 2021 (via the Arizona Commerce Authority) a 400 MW high-performance (HJT) solar module manufacturing plant in a ~276,000-sq-ft building in Goodyear, AZ — its first module plant outside Europe — projecting ~250 manufacturing jobs (up to ~500 at a potential 1.5 GW scale) and targeting full operation by end-2022. Most recent status (as of Sep 2026): production began only in June 2024 and the plant was shut down on May 28, 2025 amid the company's financial collapse, laying off 282 workers; it remains closed (Meyer Burger having earlier scrapped its planned complementary Colorado solar-cell plant).",prompt1
200,2026-09-06T20:39:17Z,https://www.jcb.com/en-US/explore/insight/news/2023/10/jcb-announces-plans-for-a-new-manufacturing-facility-in-san-antonio-texas/,https://www.ksat.com/news/local/2026/04/01/jcb-texas-manufacturing-facility-on-south-side-on-track-to-open-this-fall/,https://gov.texas.gov/news/post/governor-abbott-announces-jcb-manufacturing-facility-expansion-in-san-antonio,"JCB (British heavy-equipment maker) announced Oct 2023 (with Texas Gov. Abbott) a $500M manufacturing plant on a ~400-acre South Side site in San Antonio, TX to build telescopic handlers (telehandlers) and aerial work platforms — described as its largest-ever investment — promising ~1,500 jobs over five years; the footprint was later enlarged to ~1M sq ft. Most recent status (as of Sep 2026): the plant is under construction and, per April 1, 2026 reporting, on track to open in fall (October) 2026, with JCB hiring ~500 workers to be ready at opening; it is not yet in production.",prompt1
201,2026-09-06T20:43:43Z,https://www.schreiberfoods.com/whats-happening/schreiber-foods-announces-major-expansion-in-carthage-missouri/,https://www.joplinglobe.com/news/local_news/schreiber-puts-carthage-production-plans-on-hold-citing-uncertain-economic-conditions/article_ae7e21e7-48f7-49a6-a5ca-ee4a66d016c3.html,,"Schreiber Foods announced in December 2024 a $211M investment to build a new 168,000-sq-ft process-cheese production facility (~150 direct jobs) at its Carthage, Missouri site. Most recent status: in April 2025 the company placed the project on indefinite hold citing uncertain economic conditions; no resumption reported as of Sept 2026.",prompt1
202,2026-09-06T20:44:42Z,https://news.abbvie.com/2026-02-23-AbbVie-to-Invest-380-Million-in-North-Chicago-to-Further-Expand-Active-Pharmaceutical-Ingredient-Manufacturing-in-the-United-States,https://www.fiercepharma.com/manufacturing/abbvie-us-investment-tear-splashes-380m-2-new-api-plants-illinois-home-campus,,"AbbVie announced on Feb 23, 2026 a $380M investment to build two new active pharmaceutical ingredient (API) manufacturing facilities at its existing North Chicago, Illinois campus, hiring ~300 direct workers. Most recent status (as of Sept 2026): recently announced, construction slated to begin spring 2026 with the plants expected fully operational in 2029; no later construction milestone reported yet.",prompt1
203,2026-09-06T20:45:03Z,https://investors.canadiansolar.com/news-releases/news-release-details/canadian-solar-announces-us-solar-cell-manufacturing-facility,https://pv-magazine-usa.com/2026/07/24/canadian-solar-subsidiary-opens-6-gw-solar-cell-factory-in-indiana/,https://www.in.gov/iedc/events/news/details/2023/10/30/gov-holcomb-announces-canadian-solar-building-new-800m-solar-cell-manufacturing-facility-in-southeast-indiana,"Canadian Solar (via subsidiary CS PowerTech) announced on Oct 30, 2023 a >$800M solar PV cell manufacturing facility at River Ridge Commerce Center in Jeffersonville, Indiana, projected at ~1,200 direct jobs (distinct from the company's Mesquite, TX module plant). Most recent status (July 2026, ramping through Sept 2026): the plant's Phase I HJT solar-cell line held its ribbon-cutting and began commercial production, ramping toward 6 GWp capacity.",prompt1
204,2026-09-06T20:45:51Z,https://press.siemens.com/global/en/pressrelease/siemens-invest-more-us500-million-us-manufacturing-critical-infrastructure-2023,https://fortworthreport.org/2025/03/06/siemens-opens-190m-plant-in-south-fort-worth-adding-800-jobs-by-2026/,,"Siemens announced on Nov 3, 2023 a new electrical-equipment (low-voltage switchgear/switchboard) manufacturing plant in Fort Worth, Texas, initially ~$150M creating ~700 jobs, to serve data-center/AI infrastructure demand (a distinct site from Siemens' Pendergrass, GA and Portsmouth, VA facilities). Most recent status: the ~500,000-sq-ft plant, with investment scaled to $190M, opened March 6, 2025 and is in production, having filled ~480 jobs and ramping toward 800 by 2026.",prompt1
205,2026-09-06T20:46:23Z,https://www.azcommerce.com/news-events/news/2021/7/kore-power-selects-arizona-site-for-one-million-square-foot-koreplex-lithium-ion-battery-manufacturing-facility/,https://www.renewableenergyworld.com/energy-storage/battery/battery-manufacturer-bails-on-highly-anticipated-1-2b-lithium-ion-plant-in-arizona-ceo-and-founder-steps-down/,,"KORE Power announced on July 29, 2021 the 'KOREPlex,' a lithium-ion battery-cell gigafactory (up to 12 GWh; reported ~$1-1.2B) in Buckeye/Maricopa County, Arizona, projected at ~3,000 direct jobs, with an $850M DOE loan commitment. Most recent status (Feb 2025): KORE Power abandoned the Arizona plant and its founder/CEO resigned; the project was cancelled and never went into production.",prompt1
206,2026-09-06T20:48:06Z,https://georgia.org/press-releases/2025/pilgrims-build-new-prepared-foods-facility-creating-630-new-jobs-walker-county,https://jbsfoodsgroup.com/articles/pilgrim-s-breaks-ground-on-new-prepared-foods-facility-in-walker-county-georgia,,"Pilgrim's (JBS) announced on Jul 24, 2025 a $400M greenfield prepared-foods (fully-cooked chicken) manufacturing facility at Walker County Business Park in LaFayette, Walker County, Georgia, creating 630 direct jobs. Most recent status: broke ground Nov 13, 2025; construction underway, hiring expected to begin 2027.",prompt1
207,2026-09-06T20:48:42Z,https://www.ussteel.com/media/newsroom/-/blogs/u-s-steel-invests-approximately-475-million-in-state-of-the-art-quench-tempering-line-at-fairfield-tubular-operations,https://businessalabama.com/u-s-steel-investing-475m-in-fairfield/,,"U.S. Steel announced on Jun 24, 2026 an approximately $475M major expansion of its Fairfield Tubular Operations in Fairfield (Birmingham area), Alabama, adding a state-of-the-art quench & tempering line for heat-treated OCTG seamless pipe/tube. Most recent status (as of the June 2026 board approval, the newest reporting available): fully funded/approved, construction not yet begun, full production expected Q2 2029.",prompt1
208,2026-09-06T20:49:29Z,https://www.coherent.com/news/press-releases/a-chip-letter-of-intent-for-50m-to-expand-world-leading-manufacturing-facility-for-ai-infrastructure,https://www.indexbox.io/blog/coherent-breaks-ground-on-650m-semiconductor-expansion-in-sherman-texas/,,"Coherent announced on Jun 16, 2026 a $650M expansion of its 6-inch indium phosphide (InP) semiconductor manufacturing fab in Sherman, Texas (backed by a CHIPS letter of intent for up to $50M), doubling production space and quadrupling wafer capacity, creating 1,000+ total jobs including 550+ direct. Most recent status (newest reporting available): broke ground Jun 16, 2026.",prompt1
209,2026-09-06T20:50:32Z,https://ottoaerospace.com/news/otto-aviation-announces-new-manufacturing-facility-and-headquarters-in-jacksonville-florida/,https://www.jaxdailyrecord.com/news/2026/aug/31/otto-aerospace-starting-construction-at-cecil-airport-in-2028-jaa-coo-says/,,"Otto Aviation (Otto Aerospace) announced in June 2025 a >$430M advanced aircraft manufacturing facility and headquarters at Cecil Airport in Jacksonville, Florida to build its Phantom 3500 business jet, creating 389+ direct jobs. Most recent status (Jax Daily Record, Aug 31, 2026): environmental permitting and interim R&D space underway; full factory construction now slated to begin in 2028 with production/deliveries targeted for 2030.",prompt1
210,2026-09-06T20:51:45Z,https://silfabsolar.com/silfab-solar-growing-us-presence-by-establishing-flagship-operation-in-york-county/,https://www.fortmillsun.com/2026/07/31/silfab-solar-to-halt-production-at-fort-mill-plant-again-for-upgrades-supply-constraints/,,"Silfab Solar announced on Sep 19, 2023 a $150M solar cell and PV module manufacturing plant (~785,000 sq ft; ~1 GW cell / 1.2 GW module capacity) in Fort Mill (York County), South Carolina, creating 800 direct jobs. Most recent status (Fort Mill Sun, Jul 31, 2026): the plant reached production, but temporarily idled its cell and module lines Aug 5-11, 2026 citing material/component supply constraints; the site is also subject to ongoing York County zoning litigation.",prompt1
211,2026-09-06T20:54:56Z,https://ir.t1energy.com/news-releases/news-release-details/t1-energy-advances-850-million-planned-5-gw-solar-cell-plant,https://www.pv-tech.org/t1-energy-reports-us250-million-q2-sales/,,"T1 Energy announced (June 2025) its ~$850M planned 5 GW G2_Austin solar cell factory (2.1 GW Phase 1) in Rockdale, Milam County, Texas, expected to create up to 1,800 direct jobs; construction began Dec 2025. This is a distinct facility from T1's G1 module plant in Wilmer/Dallas. Most recent status (pv-tech, Aug 14, 2026): Phase 1 building ready for interior MEP, first production-line equipment arriving at U.S. ports, Phase I capex raised to $510M, and first cell production now targeted Q1 2027 (slipped from an original H2 2026 goal).",prompt1
212,2026-09-06T20:59:34Z,https://www.madeinalabama.com/2026/04/jst-chooses-lake-guntersville-for-500-million-electronic-connector-manufacturing-facility/,https://www.waff.com/2026/04/20/jst-announces-500-million-expansion-guntersville/,,"JST Corp. (Japan Solderless Terminal) announced in April 2026 a $500M, 540,000-sq-ft electronic-connector manufacturing and design facility on a new 240-acre site at Conners Island Business Park in Guntersville (Marshall County), Alabama (~80 direct jobs; qualifies on the $500M capital floor). The project was first floated in December 2024 and formally sited in April 2026. Most recent status (WAFF, Apr 20 2026): groundbreaking expected as soon as the following month, with completion targeted for early 2029 — i.e., pre-/early-construction with no production yet.",prompt1
213,2026-09-06T21:00:23Z,https://investors.vitalfarms.com/news/news-details/2024/Vital-Farms-is-Building-Its-Next-World-Class--Egg-Washing-and-Packing-Facility-in-Seymour-Indiana/default.aspx,https://www.hoosieragtoday.com/2025/12/18/vital-farms-seymour-2/,,"Vital Farms announced in June 2024 a new egg washing and packing facility (its second, after Springfield, MO) in Seymour (Jackson County), Indiana. Most recent status (Hoosier Ag Today, Dec 18 2025): the project, now named Vital Crossroads (VXR), was expanded to a ~$250M investment (facility plus company-owned farms in Crawford and Lawrence counties), to be built in one phase rather than phases, with ~400 direct jobs expected by mid-2027; it broke ground mid-2025 and is targeted to be fully operational at the beginning of 2027 (under construction, not yet producing).",prompt1
214,2026-09-06T21:00:33Z,https://ascendelements.com/ascend-elements-apex1/,https://www.recyclingtoday.com/news/doe-cuts-remaining-funds-for-ascend-elements-hopkinsville-kentucky-battery-recycling-plant/,,"Ascend Elements announced in August 2022 plans to invest ~$310M in Phase 1 (up to ~$1B across phases) in 'Apex 1,' North America's first sustainable EV battery-materials (precursor cathode active material, pCAM) manufacturing facility in Hopkinsville (Christian County), Kentucky, projected at up to ~400 direct jobs; construction began October 2022. Most recent status (Recycling Today, Oct 2025): construction has been paused since late 2024 and federal support was cut — a $164M CAM grant was cancelled (Feb 2025) and the DOE rescinded much of a ~$316M grant (2025) — with the plant scaled back to pCAM and lithium carbonate only, restart expected in 2026 and operation targeted for Q3 2026 (not yet producing).",prompt1
215,2026-09-06T21:01:02Z,https://www.clevelandcliffs.com/news/news-releases/detail/222/cliffs-natural-resources-inc-announces-its-first-hbi,https://www.steelmarketupdate.com/2025/10/23/cliffs-offloading-some-fpt-assets-considering-hbi-plant-sale-as-well/,,"Cleveland-Cliffs (then Cliffs Natural Resources) announced on June 15, 2017 the site selection and development of its first hot briquetted iron (HBI) / direct-reduction plant in Toledo, Ohio — a ~$700M investment with ~1.6-1.9 million-tonne/year capacity and ~140 direct jobs (qualifies on the ~$700M capital floor). This is a distinct facility from Cliffs' Middletown Works. The plant was commissioned in mid-2020. Most recent status (Steel Market Update, Oct 23 2025): the plant is operating (it produced ~1.6 million metric tons of HBI during 2025 per Cliffs' FY2025 annual report) and Cliffs has weighed selling it as a non-core asset but is deprioritizing a sale for now.",prompt1
