id,datetime,source_collected_id,project,sector,state,announced,promised_capital_usd,promised_jobs,promised_first_output,actual_first_output,current_status,lag_years,slip_years,verification_tier,notes,promise_source,status_source,flag,promised_date_source,announced_dt,promised_first_output_dt,actual_first_output_dt,announced_raw,promised_first_output_raw,actual_first_output_raw,actual_date_source,country,criteria_id
1,2026-09-10T03:29:00Z,1,Micron Boise Idaho Memory Fab,Semiconductors,ID,2022-09,15000000000,2000,2027,pending,"UNDER CONSTRUCTION; first fab scheduled to come online 2027, not yet producing",-1.0,-1.0,P,"Initial announcement was $15B through the end of the decade (Sep 1 2022); later scaled into a ~$50B two-fab Boise buildout per CNBC Aug 20 2026 - later figures are re-announcements/expansions, not summed. Announcement also cited 'over 17,000 new American jobs' total; 2,000 is the direct-Micron figure.",https://www.globenewswire.com/news-release/2022/09/01/2508617/0/en/Micron-to-Invest-15-Billion-in-New-Idaho-Fab-Bringing-Leading-Edge-Memory-Manufacturing-to-the-US.html,https://www.cnbc.com/2026/08/20/micron-boise-chip-fab-expansion.html,"The Sept 1 2022 announcement (promise_source) states no production-start date; the 2027 first-output target is from the status_source (CNBC), not the announcement. status_source returned HTTP 403 to WebFetch; read via curl with a browser user agent.",,2022-09-15,2027-07-01,,"BOISE, Idaho, Sept. 01, 2022 (GLOBE NEWSWIRE)",The first of Micron's two new Boise fabs is scheduled to come online in 2027.,The first of Micron's two new Boise fabs is scheduled to come online in 2027.,,US,1B-or-2000-jobs
2,2026-09-10T03:30:58Z,2,Ford BlueOval City,Auto Assembly,TN,2021-09,5600000000,6000,2025,pending,"NOT IN PRODUCTION; delayed, EV plans dropped, gas-powered trucks now targeted for 2029",-1.0,-1.0,P,"An all-new $5.6 billion mega campus in Stanton, Tenn.; the $11.4B / ~11,000-jobs headline was the combined Tennessee + Kentucky announcement (Kentucky BlueOval SK Battery Park is a separate project). Original production target 2025. Ford-SK On JV (BlueOval SK) dissolved Dec 2025; Ford said it will no longer manufacture EVs at BlueOval City and will produce gas-powered Built Ford Tough trucks at the renamed Tennessee Truck Plant starting 2029; SK On Tennessee took full ownership of the battery plant (production targeted 2028).",https://media.ford.com/content/fordmedia/fna/us/en/news/2021/09/27/ford-to-lead-americas-shift-to-electric-vehicles.html,https://tennesseelookout.com/2026/07/23/what-to-know-about-fords-blueoval-city-plant-5-years-later/,"promise_source now 301-redirects to a generic Ford landing page; read via https://web.archive.org/web/2021id_/https://media.ford.com/content/fordmedia/fna/us/en/news/2021/09/27/ford-to-lead-americas-shift-to-electric-vehicles.html . Jobs discrepancy: original 2021 release states ~6,000 jobs in Stanton (used); 2026 status source cites a 5,800-job commitment.",,2021-09-15,2025-07-01,,"DEARBORN, Mich., Sept. 27, 2021 – Ford Motor Company is announcing plans to bring electric vehicles at scale to American customers",production of the new electric vehicles and advanced lithium-ion batteries will begin in 2025,"Nearly five years after Ford Motor Company announced a massive electric vehicle and battery manufacturing campus poised to change the economic landscape of rural West Tennessee, the plant has yet to start production.",,US,1B-or-2000-jobs
3,2026-09-10T03:32:44Z,3,Steel Dynamics Sinton Flat Roll Steel Mill,Steel,TX,2019-07,1900000000,600,2021 (mid),2022,OPERATING; ~2.2M tonnes produced 2024 vs ~2.7M-tonne nominal capacity,3.0,1.0,P,"Site selected/announced Jul 22, 2019 at ~$1.9B and ~600 direct jobs. Commencement of operations promised mid-2021 but startup slipped to 2022. Two EAFs, ~2,722k tpa nominal crude steel capacity; 2024 output ~2,204k tonnes (2,640k in 2023, 2,504k in 2022). GEM lists ~700 current workers.",https://www.prnewswire.com/news-releases/steel-dynamics-announces-planned-new-flat-roll-steel-mill-site-selection-300888920.html,https://www.gem.wiki/Steel_Dynamics_Sinton_plant,,,2019-07-15,2021-07-01,2022-07-01,"FORT WAYNE, Ind., July 22, 2019 /PRNewswire/ -- Steel Dynamics, Inc. (NASDAQ: STLD) ... announces planned new flat roll steel mill site selection","the company expects to begin construction early 2020, followed by the commencement of operations mid-2021",Start date: 2022,,US,1B-or-2000-jobs
4,2026-09-10T03:36:33Z,4,Qcells Cartersville Solar Factory,Solar,GA,2023-01,2500000000,2000,n/a,2024-04,"PRODUCING; module assembly at full capacity, solar-cell production started, ramping to full vertical integration by Q3 2026",1.2,-3.0,P,"Vertically integrated Cartersville facility (ingots, wafers, cells, modules). The $2.5B is the combined January 2023 Georgia expansion figure (new Cartersville plant plus Dalton expansion); Qcells later cited over $3B total US investment (re-announcement, not summed). First finished modules rolled off at Cartersville ~April 2, 2024 (AJC); solar-cell production began June 9, 2026 (pv magazine USA), with full production expected Q3 2026.",https://georgia.org/press-release/qcells-more-double-production-georgia-create-2500-new-jobs,https://pv-magazine-usa.com/2026/06/09/qcells-begins-production-of-solar-cells-in-cartersville-georgia/,"status_source (pv-magazine-usa) returned HTTP 403 to WebFetch; read via curl with a browser user agent. actual_first_output dated to 2024-04 (first modules) from a third source (AJC, cited in actual_date_source), because status_source dates only the June 9, 2026 solar-cell-line start, a later product line at this vertically integrated site, not the facility's first output. promised_first_output left as n/a: the January 2023 announcement gives only a Q1-2023 groundbreaking, no production/first-output date. promised_jobs 2,000 is georgia.org's 'approximately 2,000 new jobs' for the new Cartersville facility; the release headline cites 2,500 jobs Georgia-wide. promised_capital_usd 2.5B is the combined Georgia expansion figure (Cartersville + Dalton).",,2023-01-15,,2024-04-15,"Georgia Department of Economic Development press release dated January 11, 2023 announcing Qcells' $2.5 billion Georgia solar expansion, including the new Cartersville facility",unconfirmed,"This week, Qcells began producing finished solar panels at its Cartersville plant ... The Atlanta Journal-Constitution was granted exclusive access inside the factory Tuesday to see the first modules roll off the assembly line (Tuesday, April 2, 2024; AJC published April 4, 2024)",https://www.ajc.com/news/business/qcells-begins-producing-solar-panels-at-new-georgia-plant-in-cartersville/LA2MDGKHRFEK3GHQRBQ7YAB26E/,US,1B-or-2000-jobs
5,2026-09-10T03:37:46Z,5,"Formosa Plastics Sunshine Project (FG LA LLC), St. James Parish",Chemicals and Plastics,LA,2018-04,9400000000,1200,n/a,pending,"NOT BUILT; major construction on hold, preconstruction permit extensions challenged in 2026 lawsuit; federal permits still outstanding",-1.0,-1.0,P,"Announced as the ~$9.4B 'Sunshine Project' petrochemical/plastics complex (ethylene, propylene, ethylene glycol, polymers). Promise source describes a 10-year, two-phase build with construction as soon as 2019; 2021 was the projected first year for hiring permanent jobs. No verbatim first-output date stated in the cited sources. Earthjustice (Feb 2026) notes the complex remains unbuilt eight years after announcement.",https://www.opportunitylouisiana.gov/news/formosa-selects-st-james-parish-for-9-4-billion-louisiana-project,https://earthjustice.org/press/2026/groups-sue-over-formosa-plastics-permit-extensions,promised_first_output n/a: promise_source gives only a construction-start ('as soon as 2019') within a 10-year two-phase process and does not state a first-output date; status_source confirms the plant remains unbuilt (not yet produced).,,2018-04-15,,,"April 23, 2018","Pending the completion and approval of permits for the site, FG could begin construction as soon as 2019 in what projects to be a 10-year building and development process in two phases.","proposed for St. James Parish, Louisiana ... if constructed, would emit large quantities of hazardous air pollutants",,US,1B-or-2000-jobs
6,2026-09-10T03:40:47Z,6,"SK Battery America Commerce, Georgia",Battery,GA,2018-11,1670000000,2000,n/a,2022 (first half),"OPERATING (downsized); 958 laid off Mar 2026, ~1,600 remain; pivoting to BESS after loss of Ford F-150 Lightning anchor",3.4,-3.0,P,"Two-phase site; status source cites a later ~$2.6B total investment across both plants (a re-announcement, not the original $1.67B anchor). Anchor customer Ford F-150 Lightning cancelled Dec 2025 and the SK-Ford battery JV ended; ~1,600 workers remain after the Mar 7, 2026 layoff of 958 (~37% of staff). Groundbreaking held Mar 19, 2019.",https://georgia.org/press-release/korean-battery-manufacturer-create-more-2000-jobs-jackson-county,https://gasiantimes.com/business/2026/03/09/nearly-1000-jobs-cut-at-sk-batterys-georgia-plant-as-ev-market-headwinds-intensify/,"promise_source georgia.org original URL resolves to a generic landing page; read via web.archive.org 2019 snapshot of the Nov 27, 2018 release. promised_first_output left as n/a: neither lead source states a promised production date (promised_date_source covers only the Mar 19, 2019 groundbreaking). actual_first_output ('early 2022') comes from a third source (gov.georgia.gov, 2023-01-30) cited in actual_date_source, because status_source proves the plant produced (supplied F-150 Lightning cells) but gives only an opening date, not a start-of-production date. Later ~$2.6B two-phase figure is a re-announcement per rule 4.",https://www.constructionequipmentguide.com/sk-battery-breaks-ground-on-167b-plant-in-jackson-county/44467,2018-11-15,,2022-04-01,"ATLANTA - November 27, 2018 — Gov. Nathan Deal today announced that SK innovation ... is estimated to create more than 2,000 jobs and invest $1.67 billion in a new manufacturing plant in Jackson County",unconfirmed,SKBA started mass production in early 2022.,https://gov.georgia.gov/press-releases/2023-01-30/gov-kemp-sk-battery-america-exceeds-hiring-goal-track-reach-3000-workers,US,1B-or-2000-jobs
7,2026-09-10T03:41:35Z,7,TSMC Fab 21 Phoenix,Semiconductors,AZ,2020-05,12000000000,1600,2024,2024 (second half),AT VOLUME (N4 high-volume production),4.4,0.3,P,First fab (Fab 21 Phase 1) at high-volume N4 production since late 2024. Second/3nm fab accelerated toward 2027 (equipment install Q3 2026). $12B is the initial 2020 announcement figure; later Arizona expansion figures are re-announcements per rule 4 and not summed here.,https://pr.tsmc.com/english/news/2033,https://www.aztechcouncil.org/tsmc-moves-up-production-second-fab-html/,,,2020-05-15,2024-07-01,2024-10-01,"TSMC announced on May 15, 2020 its intention to build and operate an advanced semiconductor fab in the United States (Arizona)",Construction is planned to start in 2021 with production targeted to begin in 2024.,"TSMC's first Arizona fab entered high-volume production in late 2024, using N4 process technology with a yield comparable to its Taiwan fab.",,US,1B-or-2000-jobs
8,2026-09-10T03:43:17Z,8,Chobani Rome Dairy Plant,Food and Beverage,NY,2025-04,1200000000,1000,2027,pending,DELAYED; construction not substantially begun; Phase 1 slated spring 2027-summer 2028,-1.0,-1.0,P,"Announced/groundbreaking April 22, 2025 at Griffiss Business & Technology Park, Rome, Oneida County, NY; 1.4M sq ft, up to 28 production lines. Announcement stated no production date. Per status_source (Aug 2026), Chobani shifted priorities to existing facilities and delayed the Rome build; Phase 1 will initially run 4-6 lines with ~300-450 workers. Employment estimate later raised toward ~1,800 once fully operational, up from the original >1,000. A separate $500M Twin Falls, Idaho expansion was announced the prior month.",https://www.prnewswire.com/news-releases/building-for-the-future-chobani-invests-1-2-billion-in-upstate-new-york-to-build-third-us-dairy-processing-plant-302434586.html https://agriculture.ny.gov/news/governor-hochul-announces-chobani-make-nations-largest-investment-ever-natural-food-production,https://www.foodprocessing.com/business-of-food-beverage/capital-spending/news/55397882/chobani-updates-construction-status-on-12-billion-rome-new-york-facility,"Announcement gave no promised first-output date; the spring 2027-summer 2028 window is the delayed target from status_source, and the 2027 token approximates that range.",,2025-04-15,2027-07-01,,"Chobani broke ground today on a new, $1.2 billion, state-of-the-art plant in Rome, New York",Phase 1 now slated for a start date between spring 2027 and summer 2028,Phase 1 now slated for a start date between spring 2027 and summer 2028,,US,1B-or-2000-jobs
9,2026-09-10T03:44:53Z,9,"Foxconn Wisconn Valley Science and Technology Park (Gen 10.5 LCD fab), Mount Pleasant",Semiconductors,WI,2017-07,10000000000,13000,2020,unconfirmed,"PROMISED LCD FAB NEVER BUILT; site pivoted to AI data-center infrastructure; ~$717M invested and 1,242 jobs through Dec 31, 2024",-4.0,-4.0,P,"Re-announcement discipline: original July 2017 announcement was ~$10B / up to 13,000 jobs; Business Facilities later cited $10.7B. Dec 2025 status: newly announced $569M expansion, contract revised to ~2,616 jobs and ~$1.2B by 2029 (a re-announcement, not summed into promised_capital_usd).",https://www.wpr.org/economy/foxconn-build-10b-electronics-plant-wisconsin,https://www.constructiondive.com/news/foxconn-569m-expanding-mount-pleasant-wisconsin-open-ai-collaboration/806647/,"promised_date_source (businessfacilities.com) 403'd WebFetch; read via curl browser UA (step 2). actual_first_output left unconfirmed - exit (c): the promised Generation 10.5 large-display LCD fab was never built; the site opened May 2021 but stayed idle and pivoted to AI data-center infrastructure, so there is no first output of the promised product. Capital cited as $10B (WPR promise_source) vs $10.7B (Business Facilities).",https://businessfacilities.com/foxconn-mega-project-business-facilities-2017-deal-year/,2017-07-15,2020-07-01,,"By WPR Staff July 26, 2017 ... Taiwanese tech giant Foxconn plans to build a $10 billion plant to manufacture LCD screens in Wisconsin, the company announced Wednesday afternoon at a White House event.","But the planned facility would be operational by 2020 and cover 20 million square feet, large enough to hold 11 football fields.","opened in May 2021, but had remained idle since then, according to media reports.",,US,1B-or-2000-jobs
10,2026-09-10T03:46:09Z,10,"Johnson & Johnson Biologics Manufacturing Campus, Wilson County NC",Pharmaceuticals,NC,2024-10,2000000000,420,n/a,pending,UNDER CONSTRUCTION; hiring ramping up,-1.0,-1.0,P,"Biologics (monoclonal antibody) manufacturing campus at Wilson Corporate Park. The Jan 9, 2026 status release primarily concerns a separate second Wilson County J&J facility (drug product, up to 500 jobs); the 420 jobs and >$2B figures here are for the original Oct 2024 facility.",https://www.jnj.com/media-center/press-releases/johnson-johnson-to-invest-more-than-2-billion-in-new-advanced-technology-manufacturing-facility-in-north-carolina-to-support-robust-portfolio-growth,https://governor.nc.gov/news/press-releases/2026/01/09/governor-stein-announces-johnson-johnson-will-build-second-major-facility-wilson-county,"No lead source states a production/operations start date; the only forward date given is construction start (first half of 2025), so promised_first_output left as n/a.",https://governor.nc.gov/news/press-releases/2024/10/01/governor-cooper-announces-2-billion-wilson-county-investment-johnson-johnson-new-manufacturing,2024-10-15,,,"OCTOBER 1, 2024 – Johnson & Johnson (NYSE: JNJ) today announced an investment of more than $2 billion to build a state-of-the-art biologics manufacturing facility in Wilson, North Carolina",Construction is anticipated to begin in the first half of 2025,"Construction of that facility is underway, and the company reports it is already ramping up the hiring of advanced manufacturing employees.",,US,1B-or-2000-jobs
11,2026-09-10T03:46:55Z,11,Intel Ohio One (Silicon Heartland) New Albany,Semiconductors,OH,2022-01,20000000000,3000,2025,pending,"DELAYED; under construction, first fab now targeted 2030-2031",-1.0,-1.0,P,"Initial investment of more than $20B for two leading-edge fabs on a ~1,000-acre Licking County mega-site that can accommodate up to eight fabs. Originally targeted 2025 production; as of WOSU Aug 26 2026, construction is slower but steady, no manufacturing equipment ordered yet, first fab now expected by 2031.",https://www.intc.com/news-events/press-releases/detail/1521/intel-announces-next-us-site-with-landmark-investment-in,https://www.wosu.org/2026-08-26/slow-progress-continues-at-intels-new-albany-semiconductor-fab-still-set-to-open-by-2031,,,2022-01-15,2025-07-01,,"Jan 21, 2022 • 5:00 AM EST","Production is expected to come online in 2025, when the fab will deliver chips using the industry's most advanced transistor technologies.",The facility has not yet produced any chips; Intel is 'still on track to complete the first of two semiconductor fabricating plants by 2031.',,US,1B-or-2000-jobs
12,2026-09-10T03:48:42Z,12,Nucor Steel Brandenburg,Steel,KY,2019-03,1350000000,400,2022,2022-12-30,"IN COMMERCIAL PRODUCTION; grand opening Oct 2023, employs 440",3.8,0.5,P,"Scrap-fed EAF steel plate mill in Buttermilk Falls Industrial Park, Meade County; 1.2M tons/yr plate capacity, 1.5M sq ft. Initial announced capital $1.35B; cited at $1.7B by the Oct 2023 grand opening (cost escalation / re-announcement, not summed per rule 4).",https://ced.ky.gov/Newsroom/NewsPage/03272019_Nucor_Corp,https://www.lanereport.com/168380/2023/10/1-7-billion-nucor-steel-plate-mill-in-brandenburg-has-grand-opening/,promise_source 302-redirects to newkentuckyhome.ky.gov (read there). status_source 403s to WebFetch; read via curl browser UA (step 2). Neither cited source dates first output though both show it is producing; first-plate date taken from Nucor/PRNewswire release cited in actual_date_source.,,2019-03-15,2022-07-01,2022-12-30,"Announcement Date: March 27, 2019",Nucor executives anticipate construction will begin by year-end with the facility opening by 2022.,"the company's new state-of-the-art steel plate mill in Brandenburg, Kentucky, rolled its first steel plate on Friday, December 30, 2022.",https://www.prnewswire.com/news-releases/new-nucor-steel-brandenburg-plate-mill-rolls-first-plate-301712362.html,US,1B-or-2000-jobs
13,2026-09-10T03:49:29Z,13,Scout Motors Blythewood Assembly Plant,Auto Assembly,SC,2023-03,2000000000,4000,2026 (end),pending,UNDER CONSTRUCTION; not yet producing (body/paint/assembly shops being outfitted per July 2026 update),-1.0,-1.0,P,"$2B investment with potential for 4,000+ permanent jobs and up to 200,000 vehicles/yr at full capacity, in Blythewood, Richland County, SC. As of the July 2026 production-center update the plant is still under construction (body shop AC units installed, paint shop near completion, assembly conveyors being installed); the update does not state a revised customer-production date.",https://governor.sc.gov/news/2023-03/scout-motors-selects-south-carolina-production-site-plans-create-4000-jobs,https://blog.scoutmotors.com/july-2026-scout-motors-production-center-update/,,,2023-03-15,2026-07-01,,"March 3, 2023",Vehicle production is targeted to begin by the end of 2026.,We continue to make progress in the construction phase while advancing production readiness for the assembly of the new Scout vehicles,,US,1B-or-2000-jobs
14,2026-09-10T03:51:59Z,14,"Toyota Battery Manufacturing, North Carolina (TBMNC)",Battery,NC,2021-12,1290000000,1750,2025-04,pending,"READY; first batteries slated to begin shipping April 2025, not yet confirmed producing per sources",-1.0,-1.0,P,"Initial Dec 6, 2021 announcement: $1.29B and 1,750 jobs (anchor figures used). Later 2023 expansion re-announced the project to nearly $14B total investment and ~5,000 workers (14 battery production lines) per the status source; these are re-announcements and are not summed into promised_capital_usd/promised_jobs. Plant located at the Greensboro-Randolph Megasite in Liberty, Randolph County, NC.",https://governor.nc.gov/news/press-releases/2021/12/06/governor-cooper-announces-toyota-will-build-companys-first-north-american-battery-plant-north,https://www.utilitydive.com/news/toyota-begins-production-expanded-north-carolina-plant/739777/,"promise_source 403s to WebFetch and to browser-UA curl; read via https://web.archive.org/web/2022/https://governor.nc.gov/news/press-releases/2021/12/06/governor-cooper-announces-toyota-will-build-companys-first-north-american-battery-plant-north . 2021 promise source gives no first-output target; promised_first_output token 2025-04 taken from the status source's 'will begin shipping in April' statement. status_source (Feb 10, 2025) is forward-looking and does not confirm production has begun, so actual_first_output left pending.",,2021-12-15,2025-04-15,,"Monday, December 6, 2021 ... Toyota will build its first North American battery manufacturing plant for a new generation of vehicles in North Carolina, creating at least 1,750 jobs, Governor Roy Cooper announced today.","The first batteries made at Toyota Motor Corp.'s newly expanded North Carolina plant will begin shipping in April, the automaker announced Wednesday.","The first batteries made at Toyota Motor Corp.'s newly expanded North Carolina plant will begin shipping in April, the automaker announced Wednesday.",,US,1B-or-2000-jobs
15,2026-09-10T03:58:06Z,15,"Eli Lilly LEAP Lebanon manufacturing sites (API & Advanced Therapies), Boone County IN",Pharmaceuticals,IN,2022-05,2100000000,500,n/a,pending,"UNDER CONSTRUCTION; first facility (Lilly Lebanon Advanced Therapies genetic-medicine plant) first phase opened May 6, 2026; Lebanon API site slated to open 2027; not yet producing",-1.0,-1.0,P,"Original 2022-05 announcement was $2.1B for two new sites (API + new therapeutic modalities/genetic medicines) with up to 500 direct Lilly roles (plus ~4 indirect per role and ~1,500 construction jobs, excluded). Per re-announcement rule, anchor kept at original $2.1B; later LEAP additions are separate/re-announcements (e.g. a further $4.5B announced May 6, 2026, bringing Lilly's total Indiana investment since 2020 to ~$21B per the status source).",https://investor.lilly.com/news-releases/news-release-details/lilly-plans-invest-21-billion-new-manufacturing-sites-indiana,https://nwitimes.com/news/state-regional/article_0acda37e-7b60-5cc8-94c9-08f7bdef4750.html,"promise_source: WebFetch timed out and direct curl returned HTTP 403; read via https://web.archive.org/web/20221210044508id_/https://investor.lilly.com/news-releases/news-release-details/lilly-plans-invest-21-billion-new-manufacturing-sites-indiana . status_source: WebFetch redirected to a TollBit paywall; read via direct curl of the original URL, whose article body was ROT47-encoded (Lee Enterprises). promised_first_output=n/a because the 2022 promise source states no production-start date. actual_first_output=pending: status source shows the Advanced Therapies facility first phase 'opened' May 6, 2026 (opening, not production) and 'Lilly plans to produce Foundayo' there (future), with the API site opening 2027 - no source dates first output. Jobs (500) are below the 2,000 floor but capital ($2.1B) clears the $1B floor.",,2022-05-15,,,"INDIANAPOLIS , May 25, 2022 /PRNewswire/ -- Eli Lilly and Company (NYSE: LLY) plans to expand its manufacturing footprint in Indiana by investing $2.1 billion in two new manufacturing sites at Indiana's LEAP Lebanon Innovation and Research District in Boone County",unconfirmed,pending,,US,1B-or-2000-jobs
16,2026-09-10T03:59:08Z,16,Samsung Taylor Fab,Semiconductors,TX,2021-11,17000000000,2000,2024 (second half),pending,"DELAYED; not yet operational, mass production slipped to 2027",-1.0,-1.0,P,"Advanced logic semiconductor fab for mobile, 5G, HPC and AI. Production target has slipped repeatedly: H2 2024 -> 2025 -> late 2026 -> 2027 (per TrendForce, June 2, 2026).",https://news.samsung.com/global/samsung-electronics-announces-new-advanced-semiconductor-fab-site-in-taylor-texas,https://www.trendforce.com/news/2026/06/02/news-samsung-accelerates-u-s-expansion-as-taylor-fab-targets-2027-start-hq-reportedly-moves-to-texas-in-2026/,,https://gov.texas.gov/news/post/governor-abbott-announces-new-17-billion-samsung-manufacturing-facility-in-taylor,2021-11-15,2024-10-01,,"Governor Abbott Announces New $17 Billion Samsung Manufacturing Facility In Taylor (Nov 23, 2021)",Construction will begin in early 2022 with a target of production start in the second half of 2024.,"The Taylor, Texas fab will begin production in 2027, with further details on its advanced process roadmap to be unveiled at the Korea SAFE Forum on July 1.",,US,1B-or-2000-jobs
17,2026-09-10T04:00:44Z,17,"Hyundai Metaplant America (Ellabell, Georgia)",Auto Assembly,GA,2022-05,5540000000,8100,2025 (first half),2024-10-03,"PRODUCING (Ioniq 5, Ioniq 9, Kia Sportage hybrid); ramping toward ~500,000-unit annual plan",2.4,-0.5,P,"First vehicle rolled off the line ahead of the promised first-half-2025 target. Initial announcement was ~$5.54B and an original 300,000-unit annual capacity; non-affiliated supplier investment of ~$1B is separate and not included in promised_capital_usd. As of Aug 2026 (CNBC), Hyundai is weighing expanding planned capacity from 500,000 to 700,000-800,000 units by 2028.",https://georgia.org/press-release/hyundai-motor-group-invest-554-billion-georgia-first-fully-dedicated-electric-vehicle https://www.prnewswire.com/news-releases/hyundai-motor-group-to-establish-first-dedicated-ev-plant-and-battery-manufacturing-facility-in-the-us-301552271.html,https://www.cnbc.com/2026/08/20/hyundai-georgia-metaplant-us-production.html,"status_source (CNBC) proves the plant is producing but does not date first output; searched and cited WTOC (Oct 3, 2024 first IONIQ 5 off the line) in actual_date_source. CNBC page 403'd to WebFetch; read via curl with browser user agent.",https://www.prnewswire.com/news-releases/hyundai-motor-group-to-establish-first-dedicated-ev-plant-and-battery-manufacturing-facility-in-the-us-301552271.html,2022-05-15,2025-04-01,2024-10-03,"May 20, 2022 – At a signing ceremony today, Governor Brian P. Kemp and Hyundai Motor Group Executive Chair Euisun Chung announced that Hyundai Motor Group will open its first fully dedicated electric vehicle (EV) and battery manufacturing facility in the State of Georgia.","The new facility will break ground in early 2023 and is expected to begin commercial production in the first half of 2025 with an annual capacity of 300,000 units.","An employee-focused event was held on Oct. 3, 2024 to celebrate the first IONIQ 5 to roll off the line.",https://www.wtoc.com/2024/10/04/hyundai-produces-first-vehicle-ioniq-5-bryan-co-metaplant/,US,1B-or-2000-jobs
18,2026-09-10T04:02:19Z,18,First Solar Louisiana Manufacturing Facility (Iberia Parish),Solar,LA,2023-08,1100000000,700,2026 (first half),2025-07,OPERATIONAL; ramping toward 3.5 GW annual capacity,1.9,-0.7,P,"Series 7 PV module facility near Acadiana Regional Airport; ~2.4M sq ft. Started production July 2025, months ahead of the original H1 2026 target.",https://www.opportunitylouisiana.gov/news/first-solar-to-invest-up-to-1-1-billion-to-build-solar-panel-manufacturing-facility-in-acadiana-create-over-700-new-direct-jobs,https://taiyangnews.info/markets/first-solar-louisiana-factory-online,promised_date_source (businesswire) 403s to WebFetch and curl; read via https://web.archive.org/web/2023id_/<URL> snapshot.,https://www.businesswire.com/news/home/20230921973269/en/First-Solar-Breaks-Ground-on-$1.1-Billion-3.5-GW-Louisiana-Manufacturing-Facility,2023-08-15,2026-04-01,2025-07-15,"August 10, 2023","Expected to start commercial shipments by the first half of 2026, the facility is forecast to grow the company's nameplate manufacturing capacity by 3.5 gigawatts (GW)","The factory started production in July 2025, several months ahead of schedule.",,US,1B-or-2000-jobs
19,2026-09-10T04:04:11Z,19,Panasonic Energy Kansas Battery Factory (De Soto),Battery,KS,2022-07,4000000000,4000,n/a,2025-07,"PRODUCING; ramp to full capacity delayed; four production lines operating, ~1,800 employees, second wing under construction",3.0,-3.0,P,"Original 2022 announcement: up to $4B, up to 4,000 jobs, ~32 GWh EV lithium-ion cells in De Soto, Johnson County, KS. Mass production of 2170 cells began per Panasonic release dated July 14, 2025; Kansas Reflector (June 17, 2026) reports plant opened July 2025, four lines operating, ~1,800 of 4,000 projected employees, ramp delayed, second wing expected operational 2027. Received ~$830M in Kansas tax credits. Company is pivoting part of operations to data-center batteries (part of a ~$2.18B global investment; first data-center cells anticipated mid-to-late 2028 or early 2029) - a later, separate product line, not first output; these later investment figures are not summed into promised_capital_usd.",https://www.kansascommerce.gov/2022/07/kansas-lands-4b-4000-job-panasonic-energy-electric-vehicle-battery-plant/,https://kansasreflector.com/2026/06/17/panasonic-to-shift-some-kansas-production-lines-to-make-ai-data-center-batteries/,"No source among the lead's links states a promised first-output date, so promised_first_output=n/a. status_source (Kansas Reflector) returned HTTP 403 to WebFetch; read via curl with a browser user agent over HTTP/1.1 (ladder step 2). Actual first output (mass production of 2170 cells, July 2025) dated from the Panasonic release, cited in actual_date_source.",,2022-07-15,,2025-07-15,"Kansas Lands $4B, 4,000-Job Panasonic Energy Electric Vehicle Battery Plant (Kansas Department of Commerce, published July 13, 2022)",unconfirmed,"Panasonic Energy has also begun mass production of 2170 cells at the second North American facility, the Kansas Factory",https://na.panasonic.com/news/panasonic-energy-begins-mass-production-at-new-automotive-lithium-ion-battery-factory-in-kansas-aiming-for-annual-capacity-of-32-gwh-to-accelerate-us-local-production,US,1B-or-2000-jobs
20,2026-09-10T04:06:19Z,20,Fujifilm Diosynth Biotechnologies Holly Springs,Pharmaceuticals,NC,2021-03,2000000000,725,2025 (first half),unconfirmed,"PHASE 1 OPENED (Sep 2025); 8 x 20,000L bioreactors for drug substance/product; finished-goods capabilities slated for 2026",-4.0,-4.0,P,"Original announcement (Mar 18, 2021): $2B / 725 jobs (by end of 2028). Contract Pharma (Sep 24, 2025) reports the site now cited at $3.2B, with a Phase 2 expansion announced in 2024 doubling capacity to 16 x 20,000L bioreactors; these later figures are re-announcements/expansions and are not summed into promised_capital_usd per re-announcement discipline.",https://www.prnewswire.com/news-releases/fujifilm-selects-north-carolina-as-the-location-to-build-the-largest-cell-culture-biopharmaceutical-cdmo-facility-in-north-america-301250547.html,https://www.contractpharma.com/breaking-news/fujifilm-opens-new-manufacturing-site-in-holly-springs-nc/,"status_source (Contract Pharma, Sep 24, 2025) reports the site 'has opened' but neither source dates commercial first output/first batch; 'opened' is not production, so actual_first_output left unconfirmed. status_source required browser-UA HTTP/1.1 curl (WebFetch 403'd). The lead's promised_date_source (fujifilm.com groundbreaking page) 403'd to both WebFetch and browser-UA curl and could not be read; promised date is taken from promise_source ('operational by spring 2025').",,2021-03-15,2025-04-01,,"TOKYO , March 18, 2021 /PRNewswire/ -- FUJIFILM Corporation (President: Kenji Sukeno ) has announced the selection of Holly Springs, North Carolina as the location for its new large-scale cell culture production site in the United States .",The facility is expected to be operational by spring 2025.,"Fujifilm Biotechnologies has opened its new manufacturing site in Holly Springs, North Carolina, which now represents one of the largest commercial-scale cell culture biomanufacturing sites in North America.",,US,1B-or-2000-jobs
21,2026-09-10T04:21:15Z,21,Texas Instruments Sherman Fab (SM1),Semiconductors,TX,2022-05,30000000000,3000,2025,2025-12,PRODUCING; SM1 ramping according to customer demand,3.6,0.5,P,"Initial May 2022 groundbreaking cited a potential $30B for up to four Sherman fabs supporting as many as 3,000 direct jobs; anchor uses that original figure. The Dec 2025 status release's 'more than $60 billion across seven semiconductor fabs in Texas and Utah' is a company-wide re-announcement, not this site's figure. Start of production announced ~3.5 years after breaking ground.",https://www.ti.com/about-ti/newsroom/news-releases/2022/2022-05-18-texas-instruments-breaks-ground-on-new-300-mm-semiconductor-wafer-fabrication-plants-in-sherman--texas.html,https://www.ti.com/about-ti/newsroom/news-releases/2025/texas-instruments-begins-production-at-its-newest-300mm-semiconductor-manufacturing-facility-in-sherman-texas.html,,,2022-05-15,2025-07-01,2025-12-15,"Texas Instruments (TI) (Nasdaq: TXN) today broke ground on its new 300-mm semiconductor wafer fabrication plants (or ""fabs"") in Sherman, Texas. [release dated May 18, 2022]",Production from the first Sherman fab is expected in 2025.,"Texas Instruments (TI) today announced the start of production at its newest semiconductor fab in Sherman, TX [release dated 17 DEC 2025]",,US,1B-or-2000-jobs
22,2026-09-10T04:22:31Z,22,Mazda Toyota Manufacturing Huntsville,Auto Assembly,AL,2018-01,1600000000,4000,2021,2021-09-30,IN FULL OPERATION; building Mazda CX-50 and Toyota Corolla Cross for North America,3.7,0.2,P,"Investment later cited as ~$2.3B (re-announcement/expansion) — initial announced figure was $1.6B. Capacity ~300,000 vehicles/year. Canadian-market production suspended May 12, 2025 with overall U.S. volume increasing.",https://governor.alabama.gov/newsroom/2018/01/toyota-mazda-selects-alabama-for-1-6-billion-auto-plant-with-4000-jobs/,https://finance.yahoo.com/news/huntsville-mazda-toyota-plant-suspending-192204092.html,,,2018-01-15,2021-07-01,2021-09-30,"Announcement Date: January 10, 2018",Production is expected to begin by 2021.,"Mazda Toyota Manufacturing and its 2,000-plus team members today celebrated the production of the first dealer-ready vehicle – a 2022 Corolla Cross – to emerge from the partnership's new factory in Huntsville.",https://www.madeinalabama.com/2021/09/mazda-toyota-produces-job-1-vehicle-at-2-3-billion-alabama-plant/,US,1B-or-2000-jobs
23,2026-09-10T04:24:19Z,23,U.S. Steel Big River 2 (BR2) Osceola,Steel,AR,2022-01,3000000000,,2024,unconfirmed,"CONSTRUCTION COMPLETE late 2025; ramping toward full production, expected early 2026",-4.0,-4.0,P,"3.0 million tons/year advanced steelmaking capability (two EAFs, endless casting and rolling line); doubles Big River Steel Works campus capacity to 6 million tons/year. Broke ground Q1 2022; construction completed ahead of schedule in late 2025.",https://www.arkansasedc.com/news-events/newsroom/detail/2022/01/11/u.-s.-steel-selects-osceola-arkansas-as-location-for-most-advanced-steelmaking-facility-in-north-america,https://www.gem.wiki/U.S._Steel_Big_River_Steel_plant,"promised_jobs not stated in the cited sources; left empty. actual_first_output left unconfirmed: sources establish construction completed late 2025 and the mill is ramping toward full production, but none dates first coil/start of production. Searched U.S. Steel article (dated Dec 15, 2025) and Stainless Steel World Americas article (dated Jan 1, 2026); neither dates first output.",,2022-01-15,2024-07-01,,"U. S. Steel Selects Osceola, Arkansas as Location for Most Advanced Steelmaking Facility in North America (press release dated January 11, 2022)",project completion and full operation anticipated in 2024,"The facility is expected to reach full production capacity by early 2026, bringing the total campus capacity to 6 million tons of raw steel annually.",,US,1B-or-2000-jobs
24,2026-09-10T04:27:04Z,24,"Ultium Cells Lordstown, Ohio",Battery,OH,2019-12,2300000000,1100,n/a,2022-08,"RESTARTING after ~7-month shutdown (paused Jan 2026); ~1,400 workers recalled",2.7,-3.0,P,"50/50 GM-LG Chem (now LG Energy Solution) JV, Ultium Cells LLC; up to $2.3B by 2023, ~1,100 jobs, >30 GWh annual capacity. Production paused January 2026 on weak EV demand and restarting the week of the Aug 13, 2026 report with ~1,400 workers.",https://www.cnbc.com/2019/12/05/gm-lg-to-form-2point3-billion-joint-venture-for-battery-cell-production.html,https://gmauthority.com/blog/2026/08/ultium-cells-ohio-plant-production-restarting-after-7-month-shutdown/,"promise_source and status_source returned HTTP 403 to WebFetch; read via curl browser UA (ladder step 2). Neither cited source dates first output; actual_first_output (Aug 2022) found by search and cited in actual_date_source (vindy.com: 'Cell production launched in August 2022'). promised_jobs 1,100 is below the 2,000 floor but capital $2.3B clears it.",,2019-12-15,,2022-08-15,General Motors and LG Chem will invest up to $2.3 billion by 2023 to form a joint venture in Ohio for the production of battery cells for electric vehicles.,The automaker declined to comment on when battery cell production is expected to begin.,Cell production launched in August 2022.,https://www.vindy.com/news/local-news/2024/12/100-million-battery-cells-produced-at-lordstown-plant/,US,1B-or-2000-jobs
25,2026-09-10T04:27:54Z,25,"Golden Triangle Polymers Complex (CPChem/QatarEnergy), Orange TX",Chemicals and Plastics,TX,2022-11,8500000000,500,2026,pending,COMMISSIONING/STARTUP; full operation expected 2027,-1.0,-1.0,P,"~$8.5B integrated petrochemical complex: a 2,080 KTA ethane cracker plus two 1,000 KTA HDPE units producing Marlex polyethylene. ~500 permanent full-time jobs; ~4,500 peak construction jobs (excluded from promised_jobs). Module deliveries concluded mid-2025; units beginning commissioning/startup in 2026.",https://www.cpchem.com/media-events/news/news-release/chevron-phillips-chemical-and-qatarenergy-construct-integrated,https://www.bicmagazine.com/departments/operations/cpchem-golden-triangle-polymers-facility-startup-phase/,,,2022-11-15,2026-07-01,,11/16/2022,"The plant, expected to begin operations in 2026","is entering its commissioning and startup phase in 2026, with the facility expected to be fully operational in 2027",,US,1B-or-2000-jobs
26,2026-09-10T04:28:54Z,26,Rivian East Atlanta Megasite EV Assembly Plant,Auto Assembly,GA,2021-12,5000000000,7500,2024,pending,"UNDER CONSTRUCTION; excavation for foundations underway, buildings targeted 2027, production expected 2028",-1.0,-1.0,P,"Announced at Stanton Springs North / East Atlanta Megasite near Social Circle, GA; capacity up to 400,000 vehicles/yr (first phase 300,000, R2 models). Construction paused March 2024; vertical construction resumed 2026.",https://gov.georgia.gov/press-releases/2021-12-16/gov-kemp-welcomes-rivian-single-largest-economic-development-project,https://www.ajc.com/business/2026/08/rivian-says-construction-progressing-well-at-5b-georgia-factory-site/,,,2021-12-15,2024-07-01,,Gov. Kemp Welcomes Rivian ... 2021-12-16; Rivian will invest $5 billion in a carbon-conscious campus in Georgia,the start of production is slated for 2024,Manufacturing is expected to commence in 2028,,US,1B-or-2000-jobs
27,2026-09-10T04:29:59Z,27,Micron Megafab Clay (White Pine Commerce Park),Semiconductors,NY,2022-10,100000000000,9000,2027,pending,"UNDER CONSTRUCTION; first concrete poured Jul 2026, ahead of schedule",-1.0,-1.0,P,"First-phase investment of $20B planned by the end of the decade; up to $100B over 20-plus years. ~9,000 direct Micron jobs (plus ~40,000+ community/construction jobs, excluded). Distinct from Boise, ID DRAM fab.",https://investors.micron.com/news/press-release/2022/Micron-Announces-Historic-Investment-of-up-to-100-Billion-to-Build-Megafab-in-Central-New-York-10-04-2022/default.aspx,https://spectrumlocalnews.com/nys/central-ny/news/2026/07/09/first-concrete-poured-at-micron-clay-facility-ahead-of-schedule,promised_first_output token 2027 approximates the source phrasing 'production output will ramp in the latter half of the decade' (no exact year given).,https://www.governor.ny.gov/news/hochul-schumer-mcmahon-announce-micron-coming-onondaga-county-micron-will-invest-unprecedented,2022-10-15,2027-07-01,,Micron Announces Historic Investment of up to $100 Billion to Build Megafab in Central New York (10-04-2022),"Site preparation work will start in 2023, construction will begin in 2024 and production output will ramp in the latter half of the decade",Thursday marked a major milestone for Micron's mega chipmaking campus in Clay: the first pouring of concrete,,US,1B-or-2000-jobs
28,2026-09-10T04:31:27Z,28,LG Energy Solution Arizona Battery Complex (Queen Creek),Battery,AZ,2023-03,5500000000,,2025,pending,"UNDER CONSTRUCTION; ~60% complete, production targeted summer 2026; ESS plant suspended since June 2024",-1.0,-1.0,P,Two facilities totaling 43 GWh: a 27 GWh cylindrical EV cell plant and a 16 GWh LFP pouch-type ESS plant ($2.3B of the $5.5B). ESS plant suspended since June 2024. Sources cite only 'thousands of jobs' with no specific direct-job figure. The $5.5B March-2023 announcement is an expansion of an initial ~$1.4B plan (per azcommerce: 'nearly four times the initially-announced investment of $1.4 billion').,https://news.lgensol.com/company-news/press-releases/1613/,https://www.abc15.com/news/business/lg-energy-solutions-queen-creek-battery-plant-nears-completion-hiring-ramps-up,"promised_date_source (azcommerce) 403s to WebFetch; read via curl browser UA over http1.1. Promised 2025 mass-production start has slipped to summer 2026 per status_source. No specific direct-jobs figure published ('thousands of jobs' only), so promised_jobs left empty.",https://www.azcommerce.com/news-events/news/2023/3/lg-energy-solution-to-invest-55-billion-to-build-battery-manufacturing-complex-in-queen-creek/,2023-03-15,2025-07-01,,"QUEEN CREEK, AZ (March 24, 2023) – LG Energy Solution (LGES) ... today announced it will invest a total of $5.5 billion to build a battery manufacturing complex in Queen Creek, Arizona.","The new cylindrical battery manufacturing facility aims to start mass production of 2170 cells in 2025, mainly for EV makers in North America.","Their manufacturing facility is about 60% complete, and so they anticipate starting production in summer of 2026",,US,1B-or-2000-jobs
29,2026-09-10T04:32:51Z,29,SK hynix Advanced Packaging Facility West Lafayette,Semiconductors,IN,2024-04,3870000000,1000,2028 (second half),pending,"UNDER CONSTRUCTION; groundbreaking Aug 27 2026, first cleanroom targeted Oct 2028",-1.0,-1.0,P,"$3.87B initial investment for HBM advanced packaging and R&D at Purdue Research Park; CNBC (Aug 2026) cites the project as a ~$4B factory. Construction began April 2026; ceremonial groundbreaking Aug 27, 2026.",https://news.skhynix.com/sk-hynix-signs-investment-agreement-of-advanced-chip-packaging-with-indiana/,https://www.cnbc.com/2026/08/27/sk-hynix-ceo-says-indiana-will-be-key-memory-production-base-by-2030.html,"Jobs discrepancy: skhynix release says 'more than a thousand new jobs' and CNBC says 'around 1,000 direct jobs' (used 1000), but the IEDC release says 'up to 800 new high-wage jobs by end of 2030'. status_source (CNBC) fetched via curl browser UA after a 403 to WebFetch.",https://www.iedc.in.gov/events/news/details/2024/04/03/gov.-holcomb-announces-generational-multi-billion-dollar-investment-to-make-indiana-leader-in-semiconductor-packaging,2024-04-15,2028-10-01,,"SK hynix signed the investment agreement for its advanced chip packaging facility with Indiana on April 3, 2024",The company plans to begin mass production in the second half of 2028,"SK Hynix began construction in Indiana in April. Thursday's ceremony was the formal kickoff ... The first cleanroom, where the packaging will take place, is scheduled to open in October 2028",,US,1B-or-2000-jobs
30,2026-09-10T04:34:01Z,30,Hyundai Steel Louisiana EAF Integrated Steel Mill (RiverPlex MegaPark),Steel,LA,2025-03,5800000000,1300,2029,pending,"PRE-CONSTRUCTION; ceremonial groundbreaking Sep 4 2026, site prep begun, awaiting air permit",-1.0,-1.0,P,"EAF-based integrated steel mill, 2.7M metric tons/yr, at RiverPlex MegaPark, Donaldsonville, Ascension Parish, LA; Hyundai-POSCO JV, distinct from Hyundai Metaplant auto plant in Georgia. Per WAFB (Sep 4 2026), commercial production expected early 2029.",https://www.prnewswire.com/news-releases/hyundai-steel-announces-5-8-billion-electric-arc-furnace-based-integrated-steel-mill-in-the-us-driving-sustainable-us-steel-production-and-creating-over-1-300-jobs-302409854.html,https://www.wafb.com/2026/09/04/58b-hyundai-posco-steel-plant-launches-ascension-parish-amid-some-opposition/,,,2025-03-15,2029-07-01,,"SEOUL, South Korea, March 24, 2025 /PRNewswire/",commercial production targeted to begin in 2029,"Site preparation has already started, but company representatives said construction cannot come out of the ground until the permit is issued.",,US,1B-or-2000-jobs
31,2026-09-10T04:35:09Z,31,JetZero Z4 Greensboro Assembly Campus (Piedmont Triad International Airport),Aerospace and Defense,NC,2025-06,4700000000,14560,2031,pending,"UNDER CONSTRUCTION; broke ground 2026-06-15, first-phase NC Composite Center underway",-1.0,-1.0,P,"Described as the largest job commitment in state history. Groundbreaking June 15, 2026, one year after the June 12, 2025 site-selection announcement.",https://www.commerce.nc.gov/news/press-releases/2025/06/12/governor-stein-announces-jetzero-selects-north-carolina-4-billion-airplane-manufacturing-hub,https://aviationweek.com/aerospace/manufacturing-supply-chain/construction-starts-jetzeros-greensboro-assembly-site,"promised_first_output only stated coarsely as 'the early 2030s' (from status_source, not the announcement); token 2031 approximates it. Jobs figure differs by source: 14,560 (promise_source, by 2063) vs 14,500 (JetZero release, over next 10 years).",https://www.jetzero.aero/jetzero-breaks-ground-on-greensboro-factory,2025-06-15,2031-07-01,,"Today Governor Josh Stein announced JetZero, Inc., a breakthrough aviation company, will invest more than $4.7 billion in Greensboro to build its first commercial airplane manufacturing facility at the Piedmont Triad International Airport.",Initial production targeted for the early 2030s.,"JetZero has broken ground on its 8-million-ft.2 Z4 blended wing body manufacturing facility at Piedmont Triad International Airport in Greensboro, North Carolina.",,US,1B-or-2000-jobs
32,2026-09-10T04:36:51Z,32,Smucker's Uncrustables Facility McCalla,Food and Beverage,AL,2021-11,1100000000,750,2025,unconfirmed,"OPEN (celebrated Nov 7, 2024); production ramping across phases",-4.0,-4.0,P,"~900,000 sq ft greenfield frozen-sandwich plant and distribution center in McCalla, Jefferson County, AL (JeffMet Industrial Complex). Third Uncrustables plant, after Scottsville, KY and Longmont, CO. Construction/production planned in three phases over multiple years.",https://investors.jmsmucker.com/news/news-details/2021/The-J.M.-Smucker-Co.-to-Accelerate-Smuckers-Uncrustables-Growth-Through-Investment-in-New-Manufacturing-Facility-in-McCalla-Alabama-11-18-2021/default.aspx,https://www.foodprocessing.com/business-of-food-beverage/capital-spending/news/55241732/jm-smuckers-new-mccalla-alabama-uncrustables-plant-opens,"actual_first_output unconfirmed: status_source and the official Nov 7, 2024 opening release confirm the plant opened but neither dates production start; the opening release says the facility 'will increase' the Company's production capacity (forward-looking), and Smucker's FY2024 SEC filing said production was expected during 2025. Searched PRNewswire opening release, Food Dive, WBRC and Business Alabama; none dates first output. Opening is not production.",https://www.madeinalabama.com/2021/11/j-m-smucker-to-build-1-1-billion-alabama-manufacturing-plant-with-750-jobs/,2021-11-15,2025-07-01,,"The J.M. Smucker Co. to Accelerate Smucker's Uncrustables Growth Through Investment in New Manufacturing Facility in McCalla, Alabama (11-18-2021)","Construction of the facility is expected to begin no later than January 2022, with production commencing in calendar year 2025.",unconfirmed,,US,1B-or-2000-jobs
33,2026-09-10T04:38:21Z,33,"L-H Battery Company Plant (Jeffersonville, Ohio)",Battery,OH,2022-10,3500000000,2200,2025-Q4,2026-07-02,"PRODUCING; mass production of lithium-ion cells began July 2026, initially for energy-storage systems",3.7,0.6,P,"JV of Honda and LG Energy Solution (L-H Battery Company). Initial investment $3.5B; overall projected JV investment up to ~$4.4B. ~40 GWh planned annual capacity. Broke ground Feb 28, 2023. Plant originally built primarily for Honda EV battery cells; as the EV market slowed the JV shifted its initial production to energy-storage-system (ESS) cells while retaining flexibility for other applications (including HEV cells). Per UPI (Jul 3, 2026), Honda was in the process of buying out LG's JV stake (~$2.9B).",https://global.honda/en/newsroom/news/2022/c221011aeng.html,https://www.upi.com/Top_News/World-News/2026/07/03/biz-united-states-lg-energy-solution-honda/9031783130198/,"status_source (UPI) 403s to WebFetch; read via curl with a browser user agent (HTTP 200). actual_first_output token 2026-07-02 derived from the July 3, 2026 (Friday) dateline plus 'began production Thursday'.",https://global.honda/en/newsroom/news/2023/c230301eng.html,2022-10-15,2025-11-15,2026-07-02,"Oct 11, 2022",The plant aims to start mass production of pouch-type lithium-ion batteries by the end of 2025,"L-H Battery Company began production Thursday at its factory in Jeffersonville, Fayette County.",,US,1B-or-2000-jobs
34,2026-09-10T04:39:15Z,34,"Nucor Sheet Mill West Virginia (Apple Grove, Mason County)",Steel,WV,2022-01,2700000000,800,2024,pending,UNDER CONSTRUCTION; ~85% complete and in commissioning as of April 2026; not yet producing,-1.0,-1.0,P,"Scrap-fed EAF sheet mill, ~3 million tons/yr. Initial announced investment ~$2.7B; later revised higher (~$3.1B-$4B per lead summary). Broke ground Oct 2023. Commissioning runs through 2026 (pickle line, cold mill, galvanizing line, then EAF melt shop and hot mill); commercial shipments expected early 2027 with ramp-up through 2027-2028.",https://nucor.com/news-release/nucor-selects-west-virginia-as-location-for-new-state-of-the-art-sheet-mill-122736,https://www.steelmarketupdate.com/2026/04/28/nucor-west-virginia-mill-is-85-complete-commissioning-to-finish-in-2026/,,https://www.dominionpost.com/2022/01/12/gov-justice-nucor-announce-2-7b-steel-mill-planned-for-mason-county/,2022-01-15,2024-07-01,,"Gov. Justice, Nucor announce $2.7B steel mill planned for Mason County (published January 12, 2022)",Nucor expects the Mason County facility to be operational by 2024,Nucor expects commercial shipments to begin in early 2027.,,US,1B-or-2000-jobs
35,2026-09-10T04:40:31Z,41,"Anduril Arsenal-1 (Pickaway County, Ohio)",Aerospace and Defense,OH,2025-01,910500000,4008,2026-07,2026-03,PRODUCING (first Ohio-built Fury rolled off the line 2026-07-27),1.2,-0.3,P,"Autonomous air systems (Fury, Roadrunner, Barracuda) near Rickenbacker International Airport; 5M sq ft at full buildout on 500 acres. Committed capital $910.5M (promise source rounds to 'nearly $1 billion'); in scope on the 4,008-jobs floor. Production began March 2026, ahead of the July 2026 target; first Ohio-built Fury rolled off the line July 27, 2026.",https://www.manufacturingdive.com/news/anduril-industries-columbus-ohio-1-billion-arsenal-1-hyperscale-facility/737780/,https://www.jobsohio.com/newsroom/news-press/first-ohio-built-fury-rolls-off-andurils-arsenal-1-production-line,,,2025-01-15,2026-07-15,2026-03-15,"Anduril Industries announced last week plans to build a nearly $1 billion autonomous weapon system facility in Pickaway County, Ohio.",Production is expected to begin in July 2026.,"Anduril began Fury production work at Arsenal-1 in March, three months ahead of the company's original target to begin manufacturing in July.",,US,1B-or-2000-jobs
36,2026-09-10T04:41:51Z,35,"Gulf Coast Growth Ventures (Gregory, TX)",Chemicals and Plastics,TX,2019-06,,600,2022,2022-01-20,OPERATIONAL,2.6,-0.4,P,"50/50 ExxonMobil-SABIC petrochemical complex: 1.8 million t/yr ethane steam cracker, two polyethylene units and a monoethylene glycol unit near Gregory, San Patricio County, TX. Construction began Q3 2019 (~6,000 construction jobs). FAQ states project startup was completed in Q4 2021; BIC reports operations began Jan 20, 2022 with a community startup celebration on Mar 23, 2022.",https://corporate.exxonmobil.com/news/news-releases/2019/0613_exxonmobil-and-sabic-to-proceed-with-gulf-coast-growth-ventures-project,https://www.bicmagazine.com/projects-expansions/downstream/gcgv-celebrates-successful-startup-at-massive-community-event/,"None of the three cited sources states a capital/investment dollar figure, so promised_capital_usd is left empty; the only direct-jobs figure is 'more than 600 permanent jobs', below the 2,000-jobs floor, so the row does not clear the size floor on the cited sources. Date discrepancy: promise_source says 'startup is anticipated by 2022', the FAQ says 'Project startup was completed in the fourth quarter of 2021', and status_source dates operations start to Jan 20, 2022.",https://www.gcgv.com/our-story/faq,2019-06-15,2022-07-01,2022-01-20,"ExxonMobil and SABIC to proceed with Gulf Coast Growth Ventures project (news release dated June 13, 2019)",startup is anticipated by 2022,"Operations at the GCGV joint venture actually began on Jan. 20, but the plant's startup was celebrated by more than 300 attendees",,US,1B-or-2000-jobs
37,2026-09-10T04:43:34Z,42,"LEGO Group US Factory, Chesterfield County",Chemicals and Plastics,VA,2022-06,1000000000,1760,2027,pending,"UNDER CONSTRUCTION; structural steel topped out, production slated for 2027",-1.0,-1.0,P,"Over $1B investment, 1.7M-sq-ft precision plastic-brick facility at Meadowville Technology Park. Main plant not yet producing; a temporary packing facility has operated since 2023 to support U.S. demand. ~500 employees currently, projected to exceed 1,700 over ten years.",https://www.vedp.org/press-release/2022-06/lego-group-chesterfield-county,https://www.lego.com/en-us/aboutus/news/2025/october/lego-manufacturing-virginia-reaches-major-construction-milestone-at-new-u-s-factory-ahead-of-2027-opening,"promise_source (VEDP) states no production date; promised_first_output=2027 is the current on-track target per the status_source, which the lead summary describes as delayed from an originally announced second half of 2025, though neither cited source states the 2025 date. Temporary packing facility operating since 2023 is not the promised plant's first output, so actual_first_output=pending.",,2022-06-15,2027-07-01,,Published: 06.15.2022,remains on track to begin production in 2027,The facility is set to open in 2027 and remains on track to begin production in 2027,,US,1B-or-2000-jobs
43,2026-09-10T04:52:59Z,43,Novo Nordisk Clayton Second Fill/Finish Facility,Pharmaceuticals,NC,2024-06,4100000000,1000,2029,pending,"PRE-CONSTRUCTION; site clearing/foundational work underway, not yet producing",-1.0,-1.0,P,"Second fill/finish aseptic manufacturing site at the existing Clayton campus, Johnston County, NC; ~1.4M sq ft. Construction to be completed progressively between 2027 and 2029; ~2,000 external contractors at peak construction. Described as one of Novo Nordisk's largest manufacturing investments and the largest life-sciences investment in NC history. Promised_first_output taken from 'expected to open in 2029'; sources give a 2027-2029 completion window rather than an explicit first-production date.",https://edpnc.com/news/june-2024-novo-nordisk-announcement/,https://www.pharmaceutical-technology.com/projects/novo-nordisk-aseptic-and-finished-product-manufacturing-facility-clayton-usa/,,,2024-06-15,2029-07-01,,"June 24, 2024",Expected to open in 2029.,Early clearing and foundational work are already underway,,US,1B-or-2000-jobs
44,2026-09-10T04:54:40Z,44,"BlueOval SK Battery Park (Glendale, Kentucky)",Battery,KY,2021-09,5800000000,,2025,2025-08-19,"CLOSED; production began Aug 2025, plant shuttered Dec 2025 (~1,600 laid off); Ford took sole ownership, repurposing under Ford Energy with restart slated late 2027",3.9,0.1,P,"Twin lithium-ion EV battery cell complex ($5.8B, each plant ~43 GWh) in Glendale, Hardin County, KY; separate site from BlueOval City in Tennessee. First EV battery rolled off Aug 19, 2025; six months later the Ford-SK On JV was dissolved and the plant closed in December 2025 after Congress ended the $7,500 EV tax credit, changes to a manufacturing credit program, and declining EV sales. Ford took sole ownership; subsidiary Ford Energy plans to hire 2,100 workers, repurpose the plant for grid/data-center energy storage, and restart production in late 2027.",https://www.cargroup.org/the-blueoval-investment-announcement/,https://www.wkyufm.org/news/2026-02-09/a-kentucky-town-bet-big-on-fords-ev-strategy-then-the-battery-plant-closed,"promised_jobs left empty: promise_source gives only an aggregate (~11,000 jobs across all three battery plants) and does not break out this facility; capital $5.8B alone clears the size floor. status_source proves production began but dates it only relatively ('six months after the first EV batteries rolled off'); actual first output dated Aug 19, 2025 via searched third source (wave3.com, dated Aug 19 2025), cited in actual_date_source.",,2021-09-15,2025-07-01,2025-08-19,"Announcement Date: September 27, 2021",Start/First Production Date: 2025,"The first BlueOval SK battery to be sold to a customer rolled off the assembly line at the first Glendale plant Tuesday. (article dated Aug. 19, 2025)",https://www.wave3.com/2025/08/19/first-battery-produced-glendale-blueoval-sk-plant-rolls-off-assembly-line/,US,1B-or-2000-jobs
45,2026-09-10T04:56:28Z,45,Amkor Peoria Advanced Packaging Facility,Semiconductors,AZ,2023-12,2000000000,2000,2026,pending,"UNDER CONSTRUCTION; broke ground Oct 6, 2025; not yet producing, production expected early 2028",-1.0,-1.0,P,"Advanced semiconductor packaging and test facility on 55 acres in Peoria, AZ, to package/test chips produced for Apple at the nearby TSMC fab; applied for CHIPS Act funding. Later re-announced (Construction Dive, Oct 2025) as a ~$7B two-phase campus (>750,000 sq ft cleanroom); the $5B increase over the original $2B commitment is a re-announcement per rule 4 and is not summed into promised_capital_usd. Original promise was production 'in the next two to three years'; the expanded-scope timeline revised completion to mid-2027 and production to early 2028.",https://www.areadevelopment.com/newsItems/12-1-2023/amkor-technology-peoria-arizona.shtml,https://www.constructiondive.com/news/amkor-breaks-ground-peoria-semiconductor/802468/,"Announcement month discrepancy: lead summary says November 2023, but the promise_source body states no announcement month and is published 12/01/2023; announced set to 2023-12 from that publication date. Neither source dates first output because the plant is not yet producing.",,2023-12-15,2026-07-01,,"areadevelopment.com news item dated 12/01/2023; opening line: ""Amkor Technology, Inc., a provider of semiconductor packaging and test services, plans to establish operations in Peoria, Arizona.""",Production is scheduled for the next two to three years,"Construction of the first manufacturing facility on the campus is expected to be completed in mid-2027, with production beginning in early 2028",,US,1B-or-2000-jobs
46,2026-09-10T04:57:57Z,46,StarPlus Energy Battery Plant Kokomo (Stellantis-Samsung SDI),Battery,IN,2022-05,2500000000,1400,2025-Q1,2024,PRODUCING (since 2024); Stellantis weighing withdrawal and sale of its StarPlus JV stake,2.1,-0.6,P,"JV StarPlus Energy (Stellantis + Samsung SDI). Initial capacity 23 GWh with aim to increase to 33 GWh. Announcement stated investment could gradually increase up to $3.1B; a second $3.2B Kokomo facility (~1,400 more jobs) was announced in 2023 (re-announcement/expansion, not summed into promised_capital_usd). Plant has shifted part of output toward energy-storage cells.",https://www.stellantis.com/en/news/press-releases/2022/may/stellantis-and-samsung-announce-battery-plant-in-kokomo,https://www.inkfreenews.com/2026/02/13/stellantis-considering-withdrawal-from-samsung-ev-battery-initiative/,promise_source 403s to WebFetch and to a browser-UA curl; read via https://web.archive.org/web/2022/https://www.stellantis.com/en/news/press-releases/2022/may/stellantis-and-samsung-announce-battery-plant-in-kokomo,,2022-05-15,2025-02-15,2024-07-01,"May 24, 2022 Stellantis and Samsung SDI to Invest Over $2.5 Billion in Joint Venture for Lithium-Ion Battery Production Plant in United States",with production operations planned to launch in the first quarter of 2025,The battery plant began production in 2024 and has since shifted part of its output toward energy-storage cells.,,US,1B-or-2000-jobs
47,2026-09-10T04:59:40Z,47,"VinFast EV Assembly Plant (Triangle Innovation Point, Chatham County)",Auto Assembly,NC,2022-03,4000000000,7500,2024-07,never,"DEFAULT; site abandoned since end-2024, permits lapsed; NC filed suit to claw back the land and ~$80M",-2.0,-2.0,P,"Announced up to $4B total investment (JDIG based on a $4 billion company investment); ~$2B committed to phase 1. Never produced a vehicle. State declared VinFast in default (Jan 2026) and filed suit in Wake County Superior Court to reclaim land and ~$80M already given; site largely abandoned since end-2024, construction contract lapsed, building/environmental permits expired. Reuters reported VinFast exiting manufacturing / selling its two Vietnam plants.",https://governor.nc.gov/news/press-releases/2022/03/29/governor-cooper-announces-vinfast-automotive-selects-north-carolina-electric-vehicle-assembly-plant,https://ncnewsline.com/2026/05/21/north-carolina-slams-brakes-on-ev-megafactory-deal-after-years-of-delay/,"actual_first_output set to 'never' (cancelled): state declared default and is clawing back the site; VinFast publicly disputes, claiming it does not expect the facility operational until at least 2028. status_source (ncnewsline.com) 403s to WebFetch; read via curl with a browser user agent over HTTP/1.1 (step 2).",,2022-03-15,2024-07-15,,"at the project’s official announcement in downtown Raleigh, N.C., on March 29, 2022",production is expected to start in July 2024,"the Moncure site, according to the filing, has been largely abandoned since the end of 2024 ... VinFast executives were informed they were in default in January 2026",,US,1B-or-2000-jobs
48,2026-09-10T05:00:58Z,48,Wolfspeed Mohawk Valley Fab (Marcy),Semiconductors,NY,2019-09,1000000000,,2022,2022-04,"PRODUCING; 200mm SiC wafers, ~half of Wolfspeed quarterly revenue, ramping utilization",2.6,-0.2,P,"~$1B 200mm silicon-carbide device fab at the Marcy Nanocenter, Oneida County, NY; New York State providing a $500M grant. Grand opening April 25, 2022. Wolfspeed exited Chapter 11 in Sep 2025 and received ~$699M in CHIPS Act tax refunds; fab ramping utilization as of Dec 2025.",https://www.wolfspeed.com/company/news-events/news/cree-announces-update-to-capacity-expansion-plan/,https://www.manufacturingdive.com/news/wolfspeed-receives-700m-tax-refund-chips-act/807037/,,,2019-09-15,2022-07-01,2022-04-15,"Sep 23, 2019","Ramping in 2022, the size of the new facility will be up to 480,000 square-feet upon completion",The first Silicon Carbide lot was run at the facility earlier this month.,https://www.wolfspeed.com/company/news-events/news/wolfspeed-opens-the-worlds-largest-200mm-silicon-carbide-fab-enabling-highly-anticipated-device-production/,US,1B-or-2000-jobs
49,2026-09-10T05:01:56Z,49,Blue Point Complex (CF Industries/JERA/Mitsui low-carbon ammonia),Chemicals and Plastics,LA,2025-04,4000000000,103,2029,pending,UNDER CONSTRUCTION; commercial operations targeted 2029,-1.0,-1.0,P,"Greenfield low-carbon (carbon-capture) ammonia plant billed as world's largest, at the RiverPlex MegaPark, West Bank of Ascension Parish, LA. FID announced Apr 8, 2025 at ~$4B. Groundbreaking late Aug 2026 with ~4-year buildout (~3,900 construction jobs). Status source (Baton Rouge Business Report, Aug 2026) refers to the site as 'Blue Point One' and cites $3.7B plus ~$550M in shared infrastructure.",https://www.opportunitylouisiana.gov/news/another-louisiana-win-cf-industries-jera-and-mitsui-announce-4-billion-final-investment-decision-to-construct-worlds-largest-ammonia-facility-in-ascension-parish,https://www.businessreport.com/ascension/blue-point-one-ushers-in-next-chapter-of-ascension-parishs-industrial-boom,Capital discrepancy: promise_source states ~$4B FID; status_source (Aug 2026) cites $3.7B plus ~$550M shared infrastructure. Used the initial ~$4B announcement figure. Promised commercial-operations date (2029) is stated only in status_source; promise_source gives no production date.,,2025-04-15,2029-07-01,,"April 8, 2025",expected to begin commercial operations in 2029,construction activity has already begun,,US,1B-or-2000-jobs
50,2026-09-10T05:04:17Z,50,"Eli Lilly Parenteral Products and Device Facility, Concord",Pharmaceuticals,NC,2022-01,1000000000,600,n/a,2024 (second half),OPERATIONAL; producing and shipping commercial injectable products,2.7,-3.0,P,"Announcement figure was 'over $1 billion' with nearly 600 direct jobs; investment later doubled to ~$2B (re-announcement, not summed). ~1.3M sq ft site at The Grounds at Concord, Cabarrus County; opened/operational June 2024, producing injectable (parenteral) products and devices used for GLP-1 drugs.",https://www.prnewswire.com/news-releases/lilly-announces-1-billion-investment-in-new-manufacturing-facility-in-north-carolina-301470773.html,https://www.pharmaceutical-technology.com/projects/eli-lilly-parenteral-products-facility-concord/,"promise_source states no promised first-output date, so promised_first_output=n/a. status_source dates only the June 2024 opening (opening is not first output), so actual first-output date taken from a third source (FiercePharma, dated Jun 26 2025), cited in actual_date_source: ribbon cut June 2024 and began shipping medicines before end of 2024. FiercePharma 403'd to WebFetch; read via curl browser UA over HTTP/1.1.",,2022-01-15,,2024-10-01,"INDIANAPOLIS , Jan. 28, 2022 /PRNewswire/ -- Eli Lilly and Company (NYSE: LLY ) plans to invest over $1 billion to create a new manufacturing site",unconfirmed,"After announcing the project in 2022, Lilly cut the ribbon at its Concord plant last June and began shipping medicines to patients before the end of the year, Rosa Manso, the site head in Concord, said during a recent facility tour",https://www.fiercepharma.com/manufacturing/automation-robots-and-local-talent-guide-way-lillys-2b-north-carolina-injectables,US,1B-or-2000-jobs
51,2026-09-10T05:08:03Z,51,Wolfspeed John Palmour Manufacturing Center (Siler City),Semiconductors,NC,2022-09,5000000000,1800,n/a,2025 (first half),"PRODUCING; ramping, underutilized (post-Chapter 11)",2.5,-3.0,P,"Approx $5B over eight years; more than 1,800 direct jobs by 2030. SiC materials (200mm wafer) facility on the Chatham-Siler City Advanced Manufacturing site. Wolfspeed filed Chapter 11 June 30, 2025 and emerged September 29, 2025; Q1 FY2026 earnings (Oct 29, 2025) report the Siler City Fab running underutilized ($47M underutilization). Commercial launch of 200mm SiC materials portfolio announced September 10, 2025.",https://www.commerce.nc.gov/news/press-releases/2022/09/09/governor-cooper-announces-wolfspeed-selects-north-carolina-445-acre-manufacturing-campus,https://s29.q4cdn.com/278875087/files/doc_earnings/2026/q1/earnings-result/Wolfspeed_Q1_2026_Earnings_Release.pdf,"promise_source states no promised first-output date, so promised_first_output left as n/a. status_source (Q1 FY2026 earnings) proves the Siler City Fab is producing but only via 'attainment of production readiness at the Siler City facility in late fiscal 2025' (a commissioning phrasing), so actual first output is dated from the FY2025 8-K (June 2025): 'Crystal growers up and running' / 'Begin in H1'25', cited in actual_date_source. Caveat: CFO commentary elsewhere indicated crystal cultivation commenced in 2H 2024, so first crystals may slightly predate H1'25; exact first-output month is uncertain.",,2022-09-15,,2025-04-01,"Governor Cooper Announces Wolfspeed Selects North Carolina for 445-Acre Manufacturing Campus (press release dated September 9, 2022)",The promise_source announcement states no production-start / first-output target date.,Siler City – Begin in H1'25 and 10x production; Crystal growers up and running; 200mm yields exceeding expectations,https://www.sec.gov/Archives/edgar/data/895419/000119312525144083/d937053dex992.htm,US,1B-or-2000-jobs
52,2026-09-10T05:09:49Z,52,Redwood Materials Carolina Campus,Battery,SC,2022-12,3500000000,1500,2023,2025,PRODUCING; first SC operations online (critical-materials recovery),2.5,2.0,P,"Anode/cathode battery components plus recycling on a 600-acre campus at Camp Hall Commerce Park, Ridgeville, Berkeley County, SC. Nov 6, 2025 release: first facility now online, adding an initial 20,000 metric tons of annual materials production.",https://governor.sc.gov/news/2022-12/redwood-materials-establishing-operations-berkeley-county-largest-economic-development,https://www.redwoodmaterials.com/news/redwood-begins-critical-materials-recovery-in-south-carolina/,"status_source returned HTTP 403 to WebFetch; read via curl browser user-agent (HTTP 200). status_source is a release dated 2025-11-06 announcing operations have begun; it dates first output only as 'now' (late 2025), giving no exact production-start day.",,2022-12-15,2023-07-01,2025-07-01,"December 14, 2022",Operations will begin in 2023.,"operations have begun, with the first facility now recovering critical minerals",,US,1B-or-2000-jobs
53,2026-09-10T05:11:16Z,53,Novelis Bay Minette Aluminum Mill,Other,AL,2022-05,2500000000,1000,2025,pending,"UNDER CONSTRUCTION; cold-mill commissioning began Mar 2026, full commissioning expected before end-2026; not yet producing",-1.0,-1.0,P,"600 kilotonnes/yr finished aluminum; billed as first fully integrated aluminum mill built in U.S. in 40 years, at the South Alabama Mega Site, Bay Minette, Baldwin County. Initial budget $2.5B later grown to ~$5B per Construction Dive (Aug 2026 status) -- cost re-estimate on the same project, not summed. Promised timeline framed as commissioning mid-2025; has since slipped to full commissioning before end-2026.",https://investors.novelis.com/news-events/press-releases/detail/56/novelistobuild-2-5-billion-low-carbon-aluminum-recycling-and-rolling-plant,https://www.constructiondive.com/news/fluor-alabama-plant-construction-novelis/829026/,"Other used; candidate new sector: Aluminum (non-ferrous metals) -- aluminum recycling/rolling mill fits no closed sector string. Promised date is stated as commissioning mid-2025, not an explicit first-output date; jobs (1,000) below 2,000 floor but capital clears the $1B floor.",https://www.madeinalabama.com/2022/05/novelis-plans-2-5-billion-alabama-aluminum-plant-with-1000-jobs/,2022-05-15,2025-07-01,,Novelis to Build $2.5 Billion Low-Carbon Aluminum Recycling and Rolling Plant,Site work is under way now and the company expects to begin commissioning in mid-2025.,Construction remains on track to wrap later this year and expects to begin commissioning before the end of 2026.,,US,1B-or-2000-jobs
54,2026-09-10T05:13:30Z,54,AstraZeneca Rivanna Futures API Plant (Albemarle County),Pharmaceuticals,VA,2025-07,4000000000,500,2030,pending,UNDER CONSTRUCTION; broke ground Oct 2025,-1.0,-1.0,P,"Drug-substance/API plant at Rivanna Futures, Albemarle County, VA producing for AZ's weight management/metabolic portfolio (oral GLP-1, baxdrostat, oral PCSK9) and ADC cancer portfolio. Cornerstone of AZ's $50B US-by-2030 plan. Original July 2025 announcement: ~$4B and ~500 direct jobs (no construction timeline disclosed then). On Oct 9, 2025 AZ increased the investment by $500m to $4.5B and added 100 direct jobs (to 600) plus 3,000 construction jobs; the 3,600 figure cited by the state/AZ is direct+indirect. Later $4.5B/600-job figures are re-announcements per rule 4; construction jobs excluded from promised_jobs.",https://virginiamercury.com/2025/07/22/astrazeneca-to-build-its-largest-ever-manufacturing-facility-in-virginia-creating-hundreds-of-jobs/ https://www.astrazeneca.com/media-centre/press-releases/2025/astrazeneca-plans-to-increase-investment-and-scope-of-its-virginia-manufacturing-facility-to-dollar45-billion-creating-3600-new-jobs.html,https://www.fiercepharma.com/manufacturing/astrazeneca-begins-construction-45b-api-plant-virginia,"All three sources 403'd WebFetch; read via curl browser UA over HTTP/1.1 (ladder step 2). Capital/jobs anchored to the original July 2025 announcement ($4B, ~500 direct jobs per Fierce and the AZ release stating +$500m/+100 jobs on Oct 9, 2025), not the Oct 9 expansion to $4.5B/600 direct; lead summary's ~$3.5B is not stated by any readable source. promised_first_output is a relative 'four to five years' from the Oct 9, 2025 groundbreaking (~2029-2030); token set to 2030; July announcement disclosed no timeline.",https://www.astrazeneca.com/media-centre/press-releases/2025/astrazeneca-plans-to-increase-investment-and-scope-of-its-virginia-manufacturing-facility-to-dollar45-billion-creating-3600-new-jobs.html,2025-07-15,2030-07-01,,This is part of the historic $50 billion investment announced in July 2025.,Work will start immediately with the facility expected to be operational in the next four to five years.,"AstraZeneca has broken ground on a $4.5 billion manufacturing facility near Charlottesville, Virginia",,US,1B-or-2000-jobs
55,2026-09-10T05:14:52Z,55,Methanex Geismar 3 (G3),Chemicals and Plastics,LA,2019-07,1300000000,62,2022 (second half),2024-07,PRODUCING; restarted May 2025 after Feb 2025 outage,5.0,1.8,P,"Methanol plant (1.8 MMT/yr) adjacent to Geismar 1 and 2 in Ascension Parish, LA. Construction paused in 2020, restarted Oct 2021. Commercial production initially delayed Feb 2024 due to autothermal reformer complications; first methanol produced late July 2024. Unplanned outage late Feb 2025, successfully restarted May 2025. Capital cited as a $1.3-1.4B range; the initial (lower) figure is recorded.",https://www.opportunitylouisiana.gov/news/methanex-announces-investment-in-third-louisiana-methanol-plant,https://www.methanex.com/news/release/methanex-announces-the-successful-restart-of-geismar-3-2/,status_source (May 1 2025 restart release) proves G3 is producing but does not date first output; first-output date taken from Methanex Q2 2024 release (July 30 2024) cited in actual_date_source. promised_capital reported as a $1.3-1.4B range; recorded the initial lower figure.,,2019-07-15,2022-10-01,2024-07-15,"July 19, 2019 • News Release","Methanex anticipates beginning construction of the third Geismar methanol plant in the second half of 2019, with operations beginning in the second half of 2022.",First methanol was successfully produced in late July and the plant is in the process of ramping up to full rates.,https://www.methanex.com/news/release/geismar-3-g3-produces-first-methanol-and-methanex-reports-higher-second-quarter-2024-earnings/,US,1B-or-2000-jobs
56,2026-09-10T05:16:24Z,56,Maxeon Solar Albuquerque (Mesa del Sol),Solar,NM,2023-08,1000000000,1800,2025,never,"CANCELLED; lease abandoned Feb 2026, facility never built",-2.0,-2.0,P,"Initial Aug 2023 announcement cited over $1 billion; status source later cites a $1.9-billion facility (re-announcement, not summed). Maxeon applied for judicial management/restructuring in Singapore court (Form 6-K); pivoted to contracting third-party manufacturers using its back-contact cells.","https://mediaroom.maxeon.com/2023-08-10-Maxeon-Solar-Technologies-Selects-Albuquerque,-New-Mexico-as-Site-for-New-3-Gigawatt-Solar-Cell-and-Panel-Manufacturing-Facility",https://pv-magazine-usa.com/2026/04/06/maxeon-filing-reveals-the-company-has-applied-for-restructuring-in-singapore-court/,"status_source 403s to WebFetch; read via curl browser UA over HTTP/1.1. Initial-announcement capital $1B used per re-announcement rule; later ~$1.9B is a re-announcement. Project cancelled (exit c): lease abandoned Feb 2026, facility never built, so actual_first_output=never.",https://www.governor.state.nm.us/2023/08/10/gov-michelle-lujan-grisham-announces-a-billion-dollar-solar-manufacturing-project-in-new-mexico/,2023-08-15,2025-07-01,,"Maxeon Solar Technologies ... announced it has chosen Albuquerque, New Mexico, as the location for its first U.S. manufacturing expansion (press release dated August 10, 2023)",with factory ramp-up to commence in 2025,"In February 2026, Maxeon announced it had abandoned the lease on its Albuquerque, New Mexico facility and would instead continue its practice of contracting with third-party manufacturers",,US,1B-or-2000-jobs
57,2026-09-10T05:18:04Z,57,Gotion Battery Component Manufacturing Facility Big Rapids,Battery,MI,2022-10,2360000000,2350,n/a,never,CANCELLED; never built - Michigan declared Gotion in default in late 2025 and demanded repayment of its land grant; grant-repayment and township litigation ongoing,-2.0,-2.0,P,"Announced $2.36B, up to 2,350 direct jobs; multi-phase project on ~260 acres with two 550,000 sq ft production plants (150,000 tons/yr cathode; 50,000 tons/yr anode). Project halted after local opposition blocked permits; Michigan gave Gotion nearly $24M ($23.7M) to buy land in Green Charter Township and, after declaring breach in late 2025, demanded repayment in Jan 2026; land reported 'rendered undevelopable and useless to Gotion.'",https://www.michigan.gov/whitmer/news/press-releases/2022/10/05/whitmer-announces-new-battery-component-manufacturing-facility-in-big-rapids,https://www.michiganpublic.org/politics-government/2026-02-13/chinese-company-says-it-wont-pay-back-state-grant-after-plans-for-battery-plant-fail,"promise_source 403'd to WebFetch; read via curl browser UA (HTTP 200). No promised production-start date stated in either source (promised_first_output=n/a). Clawback figure differs from lead summary: status source states ~$23.7M land grant repayment, not the ~$175M in the lead summary.",,2022-10-15,,,"FOR IMMEDIATE RELEASE October 5, 2022 ... Gov. Whitmer Announces New Battery Component Manufacturing Facility in Big Rapids, Creating 2,350 Jobs and an Investment of More than $2.3 billion","Once completed, the facility in Big Rapids is expected to produce 150,000 tons of cathode material per year",The project came to a halt (Michigan Public headline: 'Chinese company says it won't pay back state grant after plans for battery plant fail') - the facility was never built and never produced output.,,US,1B-or-2000-jobs
58,2026-09-10T05:19:12Z,58,Merck Biologics Center of Excellence Wilmington (CRISP),Pharmaceuticals,DE,2025-04,1000000000,500,2030,pending,UNDER CONSTRUCTION,-1.0,-1.0,P,"470,000-sq-ft biologics 'Center of Excellence' at Chestnut Run Innovation & Science Park (CRISP), Wilmington; makes next-generation biologics/antibody-drug conjugates (ADCs) and future U.S. home for KEYTRUDA. Lab component expected fully operational by 2028; production of investigational compounds by 2030. Potential expansion could add ~1,500 more full-time roles.",https://www.merck.com/news/merck-breaks-ground-on-new-1-billion-biologics-center-of-excellence-in-wilmington-delaware/,https://www.pharmaceutical-technology.com/projects/merck-wilmington-biotech-facility-delaware-usa/,,,2025-04-15,2030-07-01,,Construction of the $1bn facility commenced in April 2025.,production of investigational compounds anticipated to start by 2030,Construction of the $1bn facility commenced in April 2025.,,US,1B-or-2000-jobs
59,2026-09-10T05:21:19Z,59,Tesla Gigafactory Texas,Auto Assembly,TX,2020-07,1000000000,5000,n/a,2021 (second half),"OPERATIONAL; producing Model Y and Cybertruck; year-end 2025 workforce 16,506, down ~22% from 2024",1.2,-3.0,P,"Q2 2020 earnings-call announcement (Jul 22, 2020). Site to build Cybertruck, Semi, Model 3 and Model Y (CNBC). Initial promise 'over $1 billion' and 'at least 5,000 new jobs' per Texas governor's release; investment later exceeded $6.3B (TechCrunch, Apr 2026). Model Y builds began late 2021; first customer deliveries at the Apr 7, 2022 'Cyber Rodeo' opening.",https://www.cnbc.com/2020/07/22/tesla-will-build-its-next-gigafactory-near-austin-texas.html https://gov.texas.gov/news/post/governor-abbott-welcomes-tesla-to-texas,https://techcrunch.com/2026/04/03/teslas-texas-factory-workforce-reportedly-shrunk-22-in-2025/,"promise_source (CNBC) 403'd WebFetch; read via curl browser UA (ladder step 2). CNBC states neither capital nor jobs; promised_capital_usd ('over $1 billion') and promised_jobs ('at least 5,000') taken from the Texas governor's release (the lead's promised_date_source). No lead source states a promised first-output date, so promised_first_output=n/a. status_source dates the 2022 opening but not first output; actual_first_output (late 2021) cited from Tesla's Q4-2021 statement via electrek.co in actual_date_source.",,2020-07-15,,2021-10-01,"Tesla will build its newest Gigafactory near Austin, Texas, Chief Executive Elon Musk announced during the company's earnings call on Wednesday.",unconfirmed,Builds of Model Ys started in late 2021 at Gigafactory Texas.,https://electrek.co/2022/01/26/tesla-confirms-model-y-production-started-gigafactory-texas-working-final-certification/,US,1B-or-2000-jobs
60,2026-09-10T05:23:34Z,60,SkyWater Indiana Semiconductor Fab (Purdue Discovery Park District),Semiconductors,IN,2022-07,1800000000,750,n/a,never,"CANCELLED; SkyWater released its land option, will not build (Apr 2024)",-2.0,-2.0,P,"Facility was contingent on CHIPS Act federal funding, which SkyWater ultimately did not receive; ~$70M in Indiana incentives went unclaimed. Never constructed or produced. No source states a promised first-output date; the announcements only tie jobs to 'within five years after it opens'.",https://www.businesswire.com/news/home/20220720005657/en/SkyWater-Plans-to-Build-Advanced-%241.8B-Semiconductor-Manufacturing-Facility-in-Partnership-with-the-State-of-Indiana-and-Purdue-University,https://www.ibj.com/articles/chip-maker-skywater-cancels-plans-for-indiana-plant-at-least-for-now,"promise_source (Business Wire) returned HTTP 403 to WebFetch and curl; read via https://web.archive.org/web/2022id_/https://www.businesswire.com/news/home/20220720005657/en/... snapshot; original still 403s. No source states a promised first-output date, so promised_first_output left as n/a; project cancelled and never produced (actual_first_output=never).",https://www.purdue.edu/newsroom/2022/Q3/skywater-technology-chooses-discovery-park-district-at-purdue-for-1-8b-semiconductor-fabrication-facility-to-create-750-jobs-in-5-years,2022-07-15,,,"SkyWater Technology (NASDAQ: SKYT), the trusted technology realization partner, today announced its plans to build a $1.8 billion U.S. semiconductor R&D and production facility in Indiana (Business Wire release dated 2022-07-20).",which expects to create 750 new direct jobs within five years after it opens,"SkyWater has released its option on the land but remain a valued partner with research opportunities in the works, according to a Purdue University spokesman.",,US,1B-or-2000-jobs
61,2026-09-10T05:26:09Z,61,GlobalWafers America 300mm Silicon Wafer Fab (Sherman),Semiconductors,TX,2022-06,5000000000,1500,2025,unconfirmed,RAMPING (low volume); grand opening 2025-05-15,-4.0,-4.0,P,"Silicon wafers are the starting material for semiconductor fabs. UPI states the $5B investment figure; commerce.gov release says only 'billions.' Groundbreaking Dec 1-2, 2022. Later ~$4B additional US investment / further phases announced around the 2025-05 opening are re-announcements/expansions (per re-announcement rule) and are NOT summed into promised_capital_usd. GlobalWafers awarded up to ~$406M CHIPS Act direct funding across Sherman TX and St. Peters MO fabs.",https://www.commerce.gov/news/press-releases/2022/06/globalwafers-selects-sherman-texas-new-semiconductor-silicon-wafer-site https://www.upi.com/Top_News/US/2022/06/27/texas-taiwan-based-GlobalWafers-to-build-plant-Sherman-silicon-wafers-Intel-chip-shortage/6561656355528/,https://www.kxii.com/2025/05/15/globalwafers-opens-first-us-advanced-silicon-wafer-facility-sherman/,"commerce.gov and upi.com returned 403 to WebFetch; read via curl with a browser user agent (HTTP 200). Status source (KXII, 2025-05-15) shows grand opening and plant 'up and running'/ramping but does not date first wafer output (opening is not production). Searched for a dated actual-first-output source: datacenterdynamics.com (2025-05-16) says phase one is 'completed and ready for production' (not confirmed shipping) and semimedia.cc cites only a *promised* Q4 2024 target, not actual output; no source found dating actual first output, so actual_first_output left unconfirmed.",https://www.upi.com/Top_News/US/2022/06/27/texas-taiwan-based-GlobalWafers-to-build-plant-Sherman-silicon-wafers-Intel-chip-shortage/6561656355528/,2022-06-15,2025-07-01,,"FOR IMMEDIATE RELEASE Monday, June 27, 2022 ... GlobalWafers, announced today that it plans to build a state-of-the-art 300-millimeter silicon wafer factory in Sherman, Texas","Production from the first fab is anticipated as early as 2025, according to the Company.",unconfirmed,,US,1B-or-2000-jobs
62,2026-09-10T05:27:19Z,62,Air Products Louisiana Clean Energy Complex (LCEC),Chemicals and Plastics,LA,2021-10,4500000000,170,2026,never,CANCELLED,-2.0,-2.0,P,"Blue hydrogen (>750 MMSCFD) with carbon capture; balance made into blue ammonia, in Ascension Parish, LA. Capital cleared the $1B floor; 170 direct/permanent jobs (plus >2,000 construction jobs, which do not count). Costs later escalated toward ~$9B and in-service slipped from 2026 to 2028-2029 before cancellation. Air Products recorded pre-tax charges not expected to exceed $2.9B (~$2.2B after-tax) in its fiscal 2026 third quarter, primarily to write down assets and terminate contractual commitments related to the LCEC decision; cancellation based on expected financial returns not meeting return criteria.",https://www.opportunitylouisiana.gov/news/air-products-announces-4-5-billion-blue-hydrogen-clean-energy-complex,https://www.sec.gov/Archives/edgar/data/0000002969/000119312526289427/d97956dex991.htm,"promised_date_source (airproducts.com) 403s to WebFetch; read via curl with a browser user agent over HTTP/1.1 (step 2 of the fetch ladder), HTTP 200. Promised jobs (170) are below the 2,000 floor, but promised_capital_usd ($4.5B) clears the $1B floor.",https://www.airproducts.com/company/news-center/2021/10/1014-air-products-blue-hydrogen-clean-energy-complex-in-louisiana,2021-10-15,2026-07-01,,"10/14/2021 | Baton Rouge, LA Louisiana Governor Edwards and Air Products Announce Landmark U.S. $4.5 Billion Blue Hydrogen Clean Energy Complex",The megaproject is expected to be operational in 2026.,Air Products (NYSE:APD) today announced it will not proceed with the Louisiana Clean Energy Complex (LCEC) project.,,US,1B-or-2000-jobs
63,2026-09-10T05:30:13Z,63,ArcelorMittal Calvert NOES Electrical Steel Facility,Steel,AL,2025-02,1200000000,200,2027,pending,"UNDER CONSTRUCTION; process-equipment manufacturing commenced, production targeted 2H 2027",-1.0,-1.0,P,"Initial announcement figure is $1.2B gross. Per ArcelorMittal FY2025 (year ended 2025-12-31) SEC filing, estimated net capital expenditure increased to $1.3B (previously $0.9B), net of $0.3B of planned federal/state/local support, due to tariffs, added work and higher labor/prices; NOES capacity revised to ~155kt/yr. The supporting 1.5Mt Calvert EAF produced its first slabs in June 2025 and is ramping (that EAF is a separate, already-running unit, not the NOES facility's first output).",https://governor.alabama.gov/newsroom/2025/02/governor-ivey-announces-that-arcelormittal-plans-1-2-billion-alabama-mill-to-produce-electrical-steel/,https://www.sec.gov/Archives/edgar/data/1243429/000124342926000020/mt-20251231.htm,"promised_date_source (corporate.arcelormittal.com) unreadable: WebFetch 403, curl direct 404, Wayback 429 rate-limited; promised/actual dates instead sourced from governor.alabama.gov (promise) and the SEC 10-K status source. SEC filing read via curl with declared UA. promised_jobs (>200 direct) is below the 2,000 floor, but promised_capital $1.2B clears the $1B floor.",,2025-02-15,2027-07-01,,"Governor Kay Ivey on Wednesday announced that ArcelorMittal, one of the world's leading steel producers, will invest $1.2 billion to build an advanced manufacturing facility in Mobile County to produce a specialty electrical steel (press release dated 2025-02-06)","Construction on the new facility is set to begin in the second half of 2025, with production anticipated to commence in 2027.",The plant is anticipated to commence production in the second half of 2027.,,US,1B-or-2000-jobs
64,2026-09-10T05:32:04Z,64,Aluminum Dynamics Columbus Aluminum Flat-Rolled Mill,Other,MS,2022-11,1900000000,700,2025,2025-06,"PRODUCING; ramp (two of three cold mills operational, third commissioning)",2.6,0.0,P,"650,000 metric tons/yr finished capacity. Q2 2026: 53,000 metric tons of flat-rolled shipments, 84,000 metric tons hot band; automotive qualifications achieved, automotive sales expected before end of 2026. Later cost figures cited above the original $1.9B announcement (areadevelopment $2.5B; ~$2.7B reported later) are treated as re-announcements, not summed.",https://ir.steeldynamics.com/steel-dynamics-announces-planned-state-of-the-art-aluminum-flat-rolled-mill-site-selection/,https://ir.steeldynamics.com/steel-dynamics-reports-second-quarter-2026-results/,"Other used; candidate new sector: Aluminum / Non-ferrous metals (aluminum flat-rolled mill, not steel). Source discrepancies: promise_source (SDI IR) gives $1.9B and 700 direct jobs; promised_date_source (areadevelopment) gives $2.5B and 1,000 jobs and dates the item Nov 7 2022 vs the IR release's Nov 2 2022 announcement. Used the original IR figures ($1.9B, 700 jobs). actual_first_output dated from a third source (aluminummarketupdate, June 2025 first coil) because status_source proves shipping but does not date first output.",https://www.areadevelopment.com/newsitems/11-7-2022/steel-dynamics-columbus-mississippi.shtml,2022-11-15,2025-07-01,2025-06-15,"Steel Dynamics press release dated November 2, 2022: 'Steel Dynamics Announces Planned State-of-the-Art Aluminum Flat Rolled Mill Site Selection' (Columbus, Mississippi)",mid-2025,Aluminum Dynamics Inc. (ADI) shipped its first aluminum flat-rolled coils from its Mississippi mill in June,https://www.aluminummarketupdate.crugroup.com/global-trade/aluminum-dynamics-ships-first-coil-from-mississippi-mill/,US,1B-or-2000-jobs
65,2026-09-10T05:33:54Z,65,BlueOval Battery Park Michigan,Battery,MI,2023-02,3500000000,2500,2026,pending,PILOT PRODUCTION; first market-ready LFP cells expected later in 2026,-1.0,-1.0,P,"Greenfield LFP EV battery cell-and-pack plant on the Marshall Megasite, Calhoun County. Original announcement: more than $3.5B, 2,500 jobs, ~35 GWh annual capacity. Per June 2026 status source, Ford plans 800 workers by end of 2026, eventually 1,700, with cells produced under a CATL technology license.",https://www.michiganbusiness.org/press-releases/2023/02/marshall-ford-investment/,https://www.electrive.com/2026/06/18/ford-to-produce-first-lfp-cells-this-year-thanks-to-catl/,promised_date_source (detroitnews.com) returns HTTP 402 to WebFetch and a curl redirect loop; read via web.archive.org 2023 snapshot (https://web.archive.org/web/2023id_/https://www.detroitnews.com/story/business/autos/ford/2023/02/13/ford-details-3-5-billion-ev-battery-plant-to-be-built-in-marshall/69898581007/).,https://www.detroitnews.com/story/business/autos/ford/2023/02/13/ford-details-3-5-billion-ev-battery-plant-to-be-built-in-marshall/69898581007/,2023-02-15,2026-07-01,,"Monday, February 13, 2023","The venture, slated to come online in 2026, will initially create 2,500 jobs.",the plant has begun pilot production. These prototype cells are currently undergoing rigorous testing ... The plant is then expected to deliver its first regular batch of battery cells for Ford electric vehicles later in 2026,,US,1B-or-2000-jobs
66,2026-09-10T05:35:32Z,66,"First Solar Lawrence County (Trinity, Alabama)",Solar,AL,2022-11,1100000000,700,2025,unconfirmed,INAUGURATED Sep 2024; production start not dated in sources,-4.0,-4.0,P,"3.5 GW/yr nameplate PV thin-film module capacity at Mallard Fox West Industrial Complex, Trinity. Status source (Sept 26, 2024 inauguration) cites 'over 800' jobs vs the announcement's 'over 700'; promised_jobs uses the original announcement figure. Distinct from First Solar's separately-announced Iberia Parish, Louisiana plant.",https://governor.alabama.gov/newsroom/2022/11/governor-ivey-announces-first-solar-to-open-1-1-billion-alabama-facility-creating-over-700-clean-energy-manufacturing-jobs-in-lawrence-county/,https://www.madeinalabama.com/2024/09/first-solar-inaugurates-1-1-billion-alabama-manufacturing-facility/,"status_source confirms the facility was inaugurated Sep 26, 2024 but does not state or date the start of module production; per the opening-is-not-production rule the sources do not establish first output, so actual_first_output left unconfirmed and the actual-date search was not triggered. Note discrepancy: plant was inaugurated in 2024, earlier than the announcement's 'expected to be commissioned in 2025'.",,2022-11-15,2025-07-01,,"Governor Ivey Announces First Solar to Open $1.1 Billion Alabama Facility, Creating Over 700 Clean Energy Manufacturing Jobs in Lawrence County (November 16, 2022)",The facility in Lawrence County's Mallard Fox West Industrial Complex is expected to be commissioned in 2025,unconfirmed,,US,1B-or-2000-jobs
67,2026-09-10T05:36:19Z,67,"Bristol Myers Squibb Generation Park Campus, Houston",Pharmaceuticals,TX,2026-08,2300000000,500,2030,pending,"ANNOUNCED; not yet under construction, early planning",-1.0,-1.0,P,"Modular, multi-modal ~600,000 sq ft campus producing small molecules, biologics and antibody-drug conjugates at Generation Park. ~500 direct permanent jobs plus ~2,000 construction/indirect jobs.",https://news.bms.com/news/corporate-financial/2026/Bristol-Myers-Squibb-Advances-U-S--Manufacturing-Investment-with-New-2-3-Billion-Campus-in-Houston-Texas/default.aspx,https://www.manufacturingdive.com/news/bristol-myers-squibb-invest-2b-manufacturing-campus-houston/828245/,,,2026-08-15,2030-07-01,,"August 10, 2026",between 2027–2030 as the facility is built and brought online,Construction is expected to happen between 2027 and 2030,,US,1B-or-2000-jobs
68,2026-09-10T05:37:10Z,68,Envision AESC Gigafactory Bowling Green,Battery,KY,2022-04,2000000000,2000,2027,pending,UNDER CONSTRUCTION; not yet producing,-1.0,-1.0,P,"30 GWh lithium-ion EV battery gigafactory at the Kentucky Transpark, Bowling Green, Warren County. Groundbreaking August 2022. As of June 2025 construction continuing and company reaffirmed the $2B / 2,000-job commitment.",https://newkentuckyhome.ky.gov/Newsroom/NewsPage/20220413_EnvisionAESC,https://bgdailynews.com/2025/06/09/news_aesc061025/,"promised_first_output token 2027 is read from the announcement's target of full annual production ('up to 300,000 vehicles annually by 2027'); the press release does not state an explicit first-output date.",,2022-04-15,2027-07-01,,"Announcement Date: April 13, 2022","up to 300,000 vehicles annually by 2027",Not yet operational. The facility remains under construction with infrastructure improvements ongoing.,,US,1B-or-2000-jobs
69,2026-09-10T05:39:37Z,69,Bosch Roseville Silicon Carbide Fab,Semiconductors,CA,2023-04,1900000000,700,2026,pending,"PRE-PRODUCTION; sample production underway, first commercial 200mm SiC production targeted 2026; more than 300 associates on site",-1.0,-1.0,P,"Site assets acquired from TSI Semiconductors (intention announced April 2023, acquisition closed August 2023). Converting Roseville into Bosch's largest SiC semiconductor production site. Capital figure reported as Bosch's own $1.9B investment, $2.1B total including $225M U.S. Dept. of Commerce CHIPS Program direct funding and a $25M California Competes Tax Credit. Lead summary notes an original ~$1.5B figure later scaled to ~$1.9-2B; the ~$1.5B original is not stated in these sources. Part of up to $7.5B Bosch plans to invest in U.S. operations through 2031.",https://www.abc10.com/article/news/local/bosch-investment-in-roseville-facility/103-16dd2627-147c-401e-ab1a-58b8eb0d79b5,https://us.bosch-press.com/pressportal/us/en/press-release-31424.html,"promise_source (abc10) 403s to WebFetch and curl; read via https://web.archive.org/web/2023/<URL> snapshot (article published 2024-12-13, reporting the scaled $1.9B/$2.1B re-announcement). promised_capital_usd is the scaled $1.9B figure; the lead's original ~$1.5B 2023 figure is not stated in either cited source. announced anchored to the April 2023 acquisition-intention announcement per re-announcement discipline. Only sample production has begun; first commercial output not yet produced, so actual_first_output=pending.",,2023-04-15,2026-07-01,,"In April 2023, Bosch announced its intention to acquire the assets of the existing wafer fab in Roseville.",Bosch also announced it has begun sample production in Roseville as the company intends to produce its first commercial production chips on 200-millimeter wafers based on the pioneering SiC Bosch technology in 2026.,Bosch intends to start U.S. based commercial manufacturing in 2026 – just three years after acquiring the Roseville site,,US,1B-or-2000-jobs
70,2026-09-10T05:41:46Z,70,Hyundai-SK Battery Manufacturing America (HSBMA) Bartow County,Battery,GA,2022-12,5000000000,3500,2025 (second half),2026-06,"PRODUCING; early-stage initial cell production, ramping up",3.5,0.7,P,"50/50 JV (Hyundai-SK Battery Manufacturing America, HSBMA); 35 GWh annual capacity, ~300,000 EVs/yr. First announced by Gov. Kemp Dec 8, 2022 (~$4-5B, 3,500+ jobs); JV formalized Apr 25, 2023 at ~$5B. Distinct from Hyundai Metaplant America assembly plant. Batteries designated for nearby Hyundai Metaplant.",https://www.hyundainews.com/releases/3711 ; https://gov.georgia.gov/press-releases/2022-12-08/gov-kemp-hyundai-motor-group-and-sk-build-ev-battery-facility-bartow ; https://www.hyundai.com/worldwide/en/newsroom/detail/hyundai-motor-group-and-sk-on-to-establish-ev-battery-cell-production-joint-venture-in-us-0000000237,https://www.ajc.com/business/2026/07/sk-and-hyundai-open-new-5b-ev-battery-plant-northwest-of-atlanta/,"promise_source https://www.hyundainews.com/releases/3711 loaded only a JavaScript shell with no article text (fetch ladder step 5, confirmed via curl, 3283 bytes, no body content); read the same promise facts via the Dec 8 2022 Gov. Kemp release (gov.georgia.gov) and the Apr 25 2023 Hyundai newsroom release (hyundai.com). Capital stated as $4-5B at Dec 2022 announcement, finalized ~$5B Apr 2023.",https://www.hyundai.com/worldwide/en/newsroom/detail/hyundai-motor-group-and-sk-on-to-establish-ev-battery-cell-production-joint-venture-in-us-0000000237,2022-12-15,2025-10-01,2026-06-15,"Gov. Kemp: Hyundai Motor Group and SK On To Build EV Battery Facility in Bartow County (press release dated December 8, 2022)",The new plant is expected to start manufacturing battery cells in the second half of 2025,"South Korean conglomerates SK On and Hyundai Motor Group last month began initial production at their joint $5 billion battery factory in Bartow County (article published July 14, 2026)",,US,1B-or-2000-jobs
71,2026-09-10T05:42:53Z,71,GlobalFoundries Fab 8 Expansion Malta,Semiconductors,NY,2024-02,11600000000,1500,n/a,pending,UNDER CONSTRUCTION,-1.0,-1.0,P,"Expansion of the existing operating Fab 8 site: immediate expansion of the existing facility plus a new 358,000 sq ft 300mm fab and advanced packaging. Per Manufacturing Dive (Jun 4, 2025) GF later raised its total U.S. commitment to $16B across New York and Vermont ($13B prior plus $3B additional) with an advanced packaging and testing center upcoming on the Malta campus; that is a later re-announcement, not summed into promised_capital_usd.",https://www.esd.ny.gov/esd-media-center/press-releases/governor-hochul-celebrates-globalfoundries-11-6-billion-investment-expand-semiconductor-manufacturing-plant-saratoga-county,https://www.manufacturingdive.com/news/globalfoundries-commits-16-billion-expanding-new-york-vermont-facilities/749766/,"Neither source states a promised first-output/production date (promised_first_output left as n/a). Promised direct jobs (1,500) are below the 2,000-job floor, but capital ($11.6B) clears the $1B floor.",,2024-02-15,,,"February 19, 2024",unconfirmed,pending,,US,1B-or-2000-jobs
72,2026-09-10T05:44:10Z,72,Amgen Holly Springs Second Drug Substance Facility,Pharmaceuticals,NC,2024-12,1000000000,370,n/a,pending,"UNDER CONSTRUCTION; broke ground Jan 24, 2025",-1.0,-1.0,P,Second drug-substance (biologics) plant at the existing Holly Springs campus; this $1B investment brings total planned regional investment to ~$1.5B including a prior $550M 2022 commitment (not summed per re-announcement rule). Carolina Journal cites 'more than 700 jobs to Wake County by 2030' as a combined/regional figure; the 370 here is the direct new-jobs figure from Amgen's release.,https://www.amgen.com/newsroom/press-releases/2024/12/amgen-announces-$1-billion-manufacturing-expansion-in-north-carolina,https://www.carolinajournal.com/amgen-breaks-ground-on-holly-springs-expansion/,"Neither source states a promised first-output/production date, so promised_first_output left as n/a; plant not yet producing (broke ground Jan 2025) so actual_first_output is pending.",,2024-12-15,,,"THOUSAND OAKS, Calif., Dec. 5, 2024 ... Amgen (NASDAQ: AMGN) today announced a $1 billion expansion to establish a second drug substance manufacturing facility in North Carolina.",unconfirmed,"Amgen broke ground on the Holly Springs expansion on January 24, 2025; the article does not indicate the new plant has begun producing anything.",,US,1B-or-2000-jobs
73,2026-09-10T05:45:53Z,73,"GM Orion Assembly EV Pickup Conversion (Orion Township, MI)",Auto Assembly,MI,2022-01,4000000000,2350,2025 (second half),never,"CANCELLED (EV pickup plan); Orion repurposed to gas-powered full-size SUVs and light-duty pickups from 2027, EV truck production shifted to Factory ZERO",-2.0,-2.0,P,"The $4B Orion conversion is one site in a larger $7B four-site Michigan package (GM's largest single investment announcement); the other sites (Ultium Cells Lansing $2.6B; Lansing Delta Township / Grand River $510M) are separate projects. In addition to new jobs, ~1,000 jobs retained at Orion. Original promise: EV Silverado/Sierra production late 2025; the page carries an Oct 2023 editor's note that Orion EV truck timing was updated; June 2025 status: EV plan dropped at Orion, plant to build gas-powered vehicles from 2027 with EV truck production moved to Factory ZERO in Detroit-Hamtramck.",https://pressroom.gm.com/gmbx/us/en/pressroom/home/news.detail.html/Pages/news/us/en/2022/jan/0125-michigan-investment.html,https://oaklandcounty115.com/2025/06/11/gms-orion-plant-once-slated-for-ev-production-now-to-produce-gas-powered-suvs-and-pickups/,"promise_source 403s to WebFetch; read via curl with a browser user agent (HTTP 200). Jobs: source attributes 2,350 new jobs to Orion specifically (the lead summary's ~4,000 new is the total for the four-site $7B Michigan package, not Orion alone); ~1,000 retained. actual_first_output = never: the promised EV-pickup product at Orion was cancelled and shifted to Factory ZERO (exit c, promised product cancelled/site repurposed to gas-powered vehicles from 2027).",,2022-01-15,2025-10-01,,"LANSING, Mich. — General Motors Co. (NYSE: GM) announced today an investment of more than $7 billion in four Michigan manufacturing sites (dateline 2022-01-25)","Electric truck production, including the Chevrolet Silverado EV and electric GMC Sierra, will begin at Orion in late 2025.",the Orion Assembly Plant will begin production of gas-powered full-size SUVs and light duty pickup trucks in 2027 ... EVs will continue being assembled in Hamtramck,,US,1B-or-2000-jobs
74,2026-09-10T05:48:18Z,74,Graphic Packaging International Waco CRB Mill,Other,TX,2023-02,1000000000,230,n/a,2025-10,"PRODUCING; first saleable rolls Oct 2025, ramping to full production in 12-18 months",2.7,-3.0,P,"Greenfield coated recycled paperboard (CRB) mill on a 119-acre campus in Texas Central Park, Waco (McLennan County); 640,000 sq ft, 500,000 tons/yr capacity, ~230 direct jobs at ~$65,000 avg salary. Began operating ahead of schedule. East Angus, Quebec plant to close Dec 23, 2025 once Waco is operational.",https://wacoeconomicdevelopment.com/about-us/news/graphic-packaging-international-to-build-manufacturing-facility-in-waco-texas-invest-usd1-billion-in-community,https://www.packagingdive.com/news/graphic-packaging-international-q3-2025-earnings-waco-east-angus/804589/,"sector Other used; candidate new sector: Paper and Packaging (coated recycled paperboard mill). Announcement date is not printed on the promise release; dated 2023-02 via the earliest Internet Archive capture (2023-02-12) of that same page. Neither lead source states a promised first-output date, so promised_first_output left as n/a. Clears the floor on capital ($1B); promised_jobs 230 is below 2000.",,2023-02-15,,2025-10-15,Release itself is undated; earliest Internet Archive capture of the promise_source is 2023-02-12,The $1 billion capital investment over three years is Waco's largest economic development deal to date,"GPI began operating its long-anticipated recycled paperboard mill in Waco, Texas, ahead of schedule, producing its first commercially saleable rolls in October",,US,1B-or-2000-jobs
75,2026-09-10T05:49:54Z,75,Ultium Cells Spring Hill,Battery,TN,2021-04,2300000000,1300,2023 (second half),2024-03-21,PRODUCING; retrofitting (~$70M) to add LFP cells for stationary ESS,2.9,0.5,P,"Second U.S. Ultium plant (after Warren, OH). Produces NMCA EV battery cells since 2024; distinct site from the Lordstown, OH JV plant. Mar 2026: ~$70M retrofit announced to also make LFP cells for stationary energy storage (LFP transition first announced July 2025). A later $275M expansion (Dec 2022) is a re-announcement, not summed into promised_capital_usd.",https://www.tn.gov/ecd/news/2021/4/16/governor-lee--commissioner-rolfe-announce-general-motors-and-lg-energy-solution-to-invest--2-3-billion-to-build-ultium-cells-manufacturing-plant-in-spring-hill.html,https://www.electrive.com/2026/03/20/ultium-cells-to-produce-lfp-battery-cells-for-stationary-storage-in-spring-hill/,"status_source (electrive) confirms the plant is producing but does not date first output; dated via the Ultium Cells press release now cited in actual_date_source, fetched with a browser user-agent over HTTP/1.1 after a 403 to WebFetch. Promise source frames the promised date as the plant being 'open in late 2023' rather than explicit first output.",,2021-04-15,2023-10-01,2024-03-21,"Governor Lee, Commissioner Rolfe Announce General Motors and LG Energy Solution to Invest $2.3 Billion to Build Ultium Cells Manufacturing Plant in Spring Hill (release dated April 16, 2021)",the plant is scheduled to be open in late 2023,"On Thursday, March 21, 2024, the Ultium Cells plant in Spring Hill, Tennessee successfully shipped its first battery cells to its customer, General Motors.",https://www.ultiumcell.com/newsroom/latest-news/2024/04/02/Ultium-Cells-Spring-Hill-Hits-Key-Target-Ships-First-Completed-Battery-Cells-to-General-Motors,US,1B-or-2000-jobs
76,2026-09-10T05:51:05Z,76,LG Chem Clarksville Cathode Plant,Battery,TN,2022-11,3200000000,860,2025 (second half),pending,"UNDER CONSTRUCTION; groundbreaking Dec 19, 2023; mass production now targeted 2026",-1.0,-1.0,P,"First US cathode facility for LG Chem; NCMA cathode materials for EV batteries. First-phase investment ~2 trillion won (~$1.6B); full ~$3.2B. Target ~120,000 tons/yr by 2027 (60,000 tons by 2026).",https://tnecd.com/news/governor-lee-commissioner-mcwhorter-announce-lg-chem-to-invest-more-than-3-billion-to-establish-manufacturing-operations-in-clarksville/,https://www.kedglobal.com/batteries/newsView/ked202312200013,"Promised first output was second half of 2025 (promise_source and promised_date_source); status_source (Dec 2023) now targets mass production in 2026, i.e. an apparent slip. Minor date discrepancy: LG corporate release dates the announcement Nov 22, 2022 vs Nov 21, 2022 in the Tennessee state release.",https://www.lgcorp.com/media/release/25594,2022-11-15,2025-10-01,,"November 21, 2022",Construction of the plant will begin in the first quarter of next year with mass production to start in the second half of 2025.,"the plant is expected to embark on mass-production of nickel, cobalt, manganese and aluminum (NCMA) cathodes in 2026",,US,1B-or-2000-jobs
77,2026-09-10T05:54:03Z,77,Regeneron Saratoga Springs Biologics Plant,Pharmaceuticals,NY,2025-11,2000000000,1000,n/a,pending,"ANNOUNCED; site acquired, construction not yet begun",-1.0,-1.0,P,"Biologics drug-manufacturing plant at former Quad Graphics magazine factory (~1.1M sq ft, 56 Duplainville Road), Saratoga Springs, Saratoga County, NY. ~500 short-term design/construction jobs in addition to the 1,000 permanent jobs. Part of Regeneron US onshoring push. The Regeneron investor release (promised_date_source) principally announces a separate FUJIFILM Diosynth Biotechnologies partnership in Holly Springs, NC (est. >$3B) and references the over-1-million-sq-ft Saratoga property acquisition but gives no production timeline.",https://esd.ny.gov/esd-media-center/press-releases/governor-hochul-announces-regeneron-invest-more-2-billion-saratoga,https://www.fiercepharma.com/manufacturing/regeneron-pours-2b-saratoga-springs-plant-acquired-recent-onshoring-push,"Announcement day differs across sources (ESD release dated Nov 13, 2025; Fierce Pharma byline Nov 18, 2025; lead summary Nov 21, 2025) but all agree on month 2025-11. No source states a promised production/first-output date. status_source (Fierce) read via curl browser UA (WebFetch 403). promised_date_source (Regeneron investor) read via web.archive.org 2025 snapshot; the original 403s.",https://investor.regeneron.com/news-releases/news-release-details/regeneron-announces-new-investment-manufacturing-its-industry,2025-11-15,,,"November 13, 2025",No specific timeline for when construction or production will begin or when the facility becomes operational is provided in this announcement.,"just announced/planned as of Nov 2025; the project will cover the design, reconstruction and fit of the facility; construction not yet begun",,US,1B-or-2000-jobs
78,2026-09-10T05:55:35Z,78,Shintech Plaquemine PVC/VCM Expansion,Chemicals and Plastics,LA,2021-01,1250000000,30,2023-Q4,2024,PRODUCING (expansion completed 2024),3.5,0.6,P,"$1.3B package covered Plaquemine (Iberville Parish, ~$1.25B) plus Addis (West Baton Rouge Parish); the Plaquemine portion is this row. Distinct from Shintech's separate ~$3.4B Plaquemine chlor-alkali/ethylene/VCM expansion announced March 2026 (targeted for completion by end of 2030).",https://www.opportunitylouisiana.gov/news/shintech-announces-1-3-billion-expansion-for-plastics-facilities,https://cen.acs.org/business/petrochemicals/Shintech-invest-34-billion-US/104/web/2026/03,"status_source returned HTTP 406 to WebFetch; read via curl with a browser user agent (step 2). Promise source gives a construction-completion target (end of 2023), not an explicit production-start date, so promised_first_output is read from that. Status source dates the expansion as 'wrapped up' in 2024 (completion of the PVC-production expansion investment) rather than an explicit first-output/SOP statement; that is the best-supported actual date.",,2021-01-15,2023-11-15,2024-07-01,"Today, Gov. John Bel Edwards and Shintech Louisiana LLC announced the company will invest $1.3 billion to expand its manufacturing",Construction is expected to be completed toward the end of 2023.,In 2024 the firm wrapped up a $1.25 billion investment to expand PVC production at the site.,,US,1B-or-2000-jobs
79,2026-09-10T05:56:21Z,79,Texas Instruments LFAB2 Lehi,Semiconductors,UT,2023-02,11000000000,800,2026,pending,UNDER CONSTRUCTION; on track for first production as early as 2026,-1.0,-1.0,P,"New 300-mm analog/embedded wafer fab (LFAB2) adjacent to TI's existing Lehi fab (LFAB1); distinct from TI's Sherman, Texas fabs. Broke ground Nov 2, 2023.",https://www.ti.com/about-ti/newsroom/news-releases/2023/2023-02-15-texas-instruments-selects-lehi--utah--for-its-next-300-millimeter-semiconductor-wafer-fab.html,https://www.ti.com/about-ti/company/ti-at-a-glance/manufacturing/lehi.html,,https://www.ti.com/about-ti/newsroom/news-releases/2023/2023-11-02-texas-instruments-breaks-ground-on-new-300-mm-semiconductor-wafer-fabrication-plant-in-utah.html,2023-02-15,2026-07-01,,15 FEB 2023,with first production available as early as 2026,"The new fab (LFAB2) currently under construction, will connect to our existing fab (LFAB1)",,US,1B-or-2000-jobs
80,2026-09-10T05:59:42Z,80,Factory ZERO (GM Detroit-Hamtramck Assembly),Auto Assembly,MI,2020-01,2200000000,2200,2021 (second half),2021-12,"PRODUCING; repeated multi-week production pauses (latest Mar 16-Apr 13, 2026) amid weak EV demand",1.9,0.2,P,"$2.2B conversion of Detroit-Hamtramck into dedicated EV plant 'Factory ZERO'. Production began Dec 2021 with GMC Hummer EV; later added Silverado EV, Sierra EV, Cadillac Escalade IQ. ~1,140 jobs eliminated end of 2025; near-continuous disruption since mid-2025 (pauses in Apr 2025 and Sep-Oct 2025); next-gen full-size electric-truck program delayed indefinitely.",https://www.fox2detroit.com/news/gm-investing-2-2-billion-in-detroit-hamtramck-plant-creating-2200-jobs,https://www.electrive.com/2026/03/31/gm-enforces-four-week-production-break-at-ev-factory/,"promised_date_source (investor.gm.com) timed out then returned HTTP 403 via curl and could not be read; promised production date taken from promise_source phrasing 'beginning late just this next year' (Jan 2020 statement), read as late 2021 and consistent with actual first output Dec 2021. status_source (electrive) proves production but does not date first output; actual first output dated via GMC media release 2021-12-17 (news.gmc.com) cited in actual_date_source.",https://investor.gm.com/news-releases/news-release-details/gm-marks-progress-toward-all-electric-future-unveiling-factory,2020-01-15,2021-10-01,2021-12-15,"GM investing $2.2 billion in Detroit-Hamtramck plant, creating 2,200 jobs (Fox 2 Detroit report dated January 27, 2020)",beginning late just this next year,"The first 2022 GMC HUMMER EV Pickups have been produced at Factory ZERO, and customer deliveries will now begin.",https://news.gmc.com/newsroom.detail.html/Pages/news/us/en/2021/dec/1217-hummer.html,US,1B-or-2000-jobs
81,2026-09-10T06:02:16Z,81,Our Next Energy ONE Circle Gigafactory (Van Buren Township),Battery,MI,2022-10,1600000000,2112,2024,2023-11,"PRODUCING (pilot LFP cells); pivoted from EV to defense/rail/grid after losing largest EV customer, ~45% staff cut, ~60% of building vacant",1.1,-0.6,P,"20 GWh capacity, full capacity promised by end of 2027; ~$215-237M state incentives (MEDC disbursed $70M of up to $237M, then paused). Pilot LFP cell production started Nov 2023, ahead of promised 2024. Jan 2026: lost largest EV customer, suspended EV battery investment, retooled for defense/rail/grid storage cells.",https://one.ai/news/onecircle,https://www.detroitnews.com/story/business/autos/2026/01/21/novi-battery-firm-our-next-energy-cuts-staff-after-losing-ev-contract/88284636007/,"promise_source and status_source establish LFP cell production but neither dates first output; dated via PRNewswire (started production announced 2023-11-01), cited in actual_date_source. promised_date_source (Crain's) 403'd to WebFetch/curl; read via https://web.archive.org/web/2023/https://www.crainsdetroit.com/manufacturing/our-next-energy-plans-16-billion-factory-van-buren-township snapshot.",https://www.crainsdetroit.com/manufacturing/our-next-energy-plans-16-billion-factory-van-buren-township,2022-10-15,2024-07-01,2023-11-15,"October 05, 2022 10:19 AM ... Fast-scaling startup Our Next Energy Inc. is planning a $1.6 billion electric vehicle battery plant and 2,112 new jobs in Wayne County","Production is scheduled to begin in 2024 with about 20,000 units in the first year, scaling up to 200,000 by the end of 2027.",today announced it started production of domestically made lithium iron phosphate (LFP) battery cells,https://www.prnewswire.com/news-releases/our-next-energy-one-begins-pilot-production-of-lfp-battery-cells-at-20-gwh-michigan-factory-301974117.html,US,1B-or-2000-jobs
82,2026-09-10T06:03:23Z,82,Eli Lilly Generation Park API Facility (Houston),Pharmaceuticals,TX,2025-09,6500000000,615,2030,pending,"UNDER CONSTRUCTION; site earthwork/shell construction underway, targeted completion 2030",-1.0,-1.0,P,"Next-generation synthetic-medicine API facility on a 236-acre Generation Park site; ~615 permanent direct jobs plus ~4,000 construction jobs. Second of four new U.S. Lilly manufacturing sites announced in 2025. Initial shell building projected to finish end of 2027; overall project on track for 2030 completion per Lilly.",https://www.prnewswire.com/news-releases/lilly-plans-to-build-a-new-6-5-billion-facility-to-manufacture-active-pharmaceutical-ingredients-in-texas-302563621.html,https://communityimpact.com/lake-houston-humble-kingwood/development/construction-begins-on-eli-lillys-65b-manufacturing-campus-in-generation-park/,,https://gov.texas.gov/news/post/governor-abbott-announces-new-eli-lilly-manufacturing-investment-in-harris-county,2025-09-15,2030-07-01,,"HOUSTON, Sept. 23, 2025 /PRNewswire/ -- Lilly plans to build a new $6.5 billion facility to manufacture active pharmaceutical ingredients in Texas",It is expected to be operational within five years,Production has not begun. The facility is currently in active construction phases with shell buildings being built,,US,1B-or-2000-jobs
83,2026-09-10T06:04:48Z,83,"Emirates Global Aluminium (EGA) primary aluminium smelter, Tulsa Port of Inola",Other,OK,2025-05,4000000000,1000,2029,pending,"PLANNING/PERMITTING; JV formed (EGA 60%/Century 40%), upsized to ~750,000 t/yr, air permit filed; Oklahoma AG lawsuit pending",-1.0,-1.0,P,"Initial announcement ~$4B, ~600,000 t/yr, up to 1,000 direct jobs, construction expected after feasibility study by end of 2026, first hot metal by end of decade. Status (Manufacturing Dive, Aug 2026): Century Aluminum joined as 40% JV partner (EGA 60%), plant upsized to 750,000+ t/yr; $500M DOE grant and $255M Oklahoma incentives cited; Oklahoma AG filed suit June 2026 on public-nuisance/pollution grounds, DOJ filed statement of interest supporting the project. okcommerce MOU was contingent on Oklahoma Legislature approval.",https://media.ega.ae/ega-progresses-plans-to-build-first-new-primary-aluminium-production-plant-in-the-us-since-1980-in-oklahoma/,https://www.manufacturingdive.com/news/oklahoma-ag-files-to-halt-inola-smelter-project-ega-century-aluminum/822134/,"Other used; candidate new sector: Aluminum / Primary Metals (primary aluminium smelter, not steel). Announcement cited as May 16, 2025 (okcommerce.gov) vs May 15, 2025 (lead summary) vs May 2025 (EGA release); used 2025-05. promised_first_output token 2029 read from fuzzy 'first hot metal by the end of the decade'. Plant not yet in production (initial development/permitting), so actual_first_output = pending.",https://www.okcommerce.gov/oklahoma-selected-for-4-billion-investment-from-emirates-global-aluminium/,2025-05-15,2029-07-01,,"Announcement dated May 16, 2025 (okcommerce.gov: 'Oklahoma selected for $4 billion investment from Emirates Global Aluminium'); EGA release published May 2025",first hot metal by the end of the decade,is still in its initial development phase and will continue to incorporate feedback,,US,1B-or-2000-jobs
84,2026-09-10T06:06:38Z,84,"Wanhua Chemical MDI Complex (Convent, St. James Parish)",Chemicals and Plastics,LA,2018-11,1250000000,170,2021,never,"CANCELLED; Wanhua dropped its St. James Parish land-use application, project off",-2.0,-2.0,P,"Site selection/confirmation announced Nov 2018 ($1.25B, 170 direct jobs, 1,000 construction jobs, MDI for polyurethane, Convent). Project dropped per WWLTV Sep 9, 2019 amid cost escalation (St. James Parish President cited the price tag ballooning from $1.25B to more than $2B), U.S. steel/aluminum tariffs, and community/environmental opposition (RISE St. James); the later >$2B figure is a cost increase, not a re-announced expansion. Wanhua stated it would change the project scope and was reviewing a new location; still committed to a smaller U.S. plant elsewhere. Complex never built.",https://www.opportunitylouisiana.gov/news/wanhua-selects-louisiana-site-for-1-25-billion-chemical-complex,https://www.wwltv.com/article/news/local/chinese-company-drops-plans-for-new-chemical-plant-in-st-james-parish/289-2e2f83de-1ff1-4d4b-a30e-2ecedddd03ed,"status_source (WWLTV) returns HTTP 403 to WebFetch and to browser-UA curl; read via https://web.archive.org/web/2019id_/<URL> snapshot (article published 2019-09-09). Lead summary says first announced in 2017, but the read sources date the Convent site announcement to Nov 2018, which is used as the anchor. Jobs (170) below the 2,000 floor; clears the size floor on capital ($1.25B) only.",https://www.bicmagazine.com/projects-expansions/downstream/wanhua-confirms-louisiana-mdi-complex-site/,2018-11-15,2021-07-01,,"Wanhua selects Louisiana site for $1.25 billion chemical complex (Opportunity Louisiana news release, November 21, 2018); 'Weiqi Hua, CEO of Wanhua Chemical U.S. Operations LLC, and Gov. John Bel Edwards announced the site Friday.'",will begin construction on the project in 2019 and will put the Convent plant into operation in 2021,Wanhua has now dropped its land use application which means the project is off.,,US,1B-or-2000-jobs
85,2026-09-10T06:09:46Z,85,"Intel Fab 52 & Fab 62 (Ocotillo, Chandler AZ)",Semiconductors,AZ,2021-03,20000000000,3000,2024,2025-10,FULLY OPERATIONAL; Fab 52 first high-volume Intel 18A fab as of Oct 2025 (Fab 62 not yet reported operational),4.6,1.3,P,"Original $20B two-fab Arizona announcement was March 2021 (IDM 2.0); groundbreaking ceremony held Sept. 24, 2021 for Fab 52 and Fab 62 at the Ocotillo campus. Distinct AZ site from Intel's separately announced Ohio 'Silicon Heartland' campus. Promise also cited ~3,000 construction jobs (excluded; direct-jobs figure used). status_source dates Fab 52 fully operational to its Oct 10, 2025 article; Fab 62 status not stated there.",https://www.intc.com/news-events/press-releases/detail/1501/intel-breaks-ground-on-two-new-leading-edge-chip-factories,https://www.datacenterdynamics.com/en/news/intel-details-clearwater-forest-data-center-processor-architecture-announces-new-arizona-fab-52-is-fully-operational/,status_source 403s to WebFetch; read via curl with a browser user agent. promised_date_source original URL 404s (redirects to Intel's 404 redirector); read via web.archive.org snapshot https://web.archive.org/web/2022id_/https://newsroom.intel.com/press-kit/press-kit-intel-builds-arizona,https://newsroom.intel.com/press-kit/press-kit-intel-builds-arizona,2021-03-15,2024-07-01,2025-10-15,"In March 2021, Intel announced plans to build two new leading-edge chip factories at its Ocotillo campus in Chandler, Ariz.","When fully operational in 2024, the new fabs will manufacture Intel's most advanced process technologies","Intel has announced that its new chip fabrication plant, Fab 52, in Chandler, Arizona, is fully operational, and that the facility will mass-produce the company's upcoming mobile processors, Intel Core Ultra series 3, and Intel Xeon 6+ data center processors, codenamed Panther Lake and Clearwater Forest",,US,1B-or-2000-jobs
86,2026-09-10T06:12:27Z,86,Micron Manassas Fab Expansion,Semiconductors,VA,2018-08,3000000000,1100,2020 (first half),unconfirmed,"PRODUCING; began 1-alpha (1a) DRAM production at Manassas May 2026 (billed as most advanced memory made in the U.S.); ~3,100 direct jobs",-4.0,-4.0,P,"2018 $3B-by-2030 expansion of the existing Manassas memory fab, primarily supporting DRAM and NAND technology transitions plus a modest capacity increase. Initial clean room expansion targeted for completion fall 2019 with production ramp in H1 2020. As of May 22, 2026 the fab began 1-alpha (1a) DRAM production; qualified production anticipated by end of calendar 2026. Direct jobs grew from 1,100 promised to ~3,100 supported.",https://investors.micron.com/news-releases/news-release-details/micron-announces-investment-its-semiconductor-manufacturing,https://www.potomaclocal.com/2026/05/25/most-advanced-memory-chip-ever-made-in-usa-now-in-production-at-micron-manassas/,"promise_source (investors.micron.com) 404s to WebFetch and curl; read via web.archive.org/web/2019id_/ snapshot (original 404s). Project is an expansion of the already-running Manassas fab (release: 'increase memory production at its plant ... modest capacity increase at the site'), so first output is not a distinct greenfield milestone; status_source dates only the May 22, 2026 1-alpha DRAM node, a later technology milestone, not the promised H1 2020 expansion ramp, so actual first output is left unconfirmed.",,2018-08-15,2020-04-01,,"MANASSAS, Va., Aug. 29, 2018 (GLOBE NEWSWIRE) -- Micron Technology, Inc. , (NASDAQ:MU) today announced plans to invest $3 billion by 2030 to increase memory production at its plant in Manassas, Virginia, creating 1,100 new jobs roughly over the next decade.",The initial clean room expansion is expected to be completed in the fall of 2019 with production ramp in the first half of 2020.,unconfirmed,,US,1B-or-2000-jobs
87,2026-09-10T06:18:55Z,87,OCI Beaumont New Ammonia (BNA),Chemicals and Plastics,TX,2022-09,,,2025-Q1,2025-12,PRODUCING ammonia; handed over to Woodside Mar 2026 (blue/CCS ammonia pending),3.2,0.8,P,"World-scale ~1.1 mtpa hydrogen-based blue ammonia plant with carbon capture (KBR technology; Maire Tecnimont on an EP basis), with infrastructure to double to 2.2 mtpa. Conventional ammonia first produced Dec 2025; blue/CCS ammonia targeted later. Project sold to Woodside Energy (announced 2024); status_source states OCI received a $470M deferred consideration representing 20% of total proceeds (implying ~$2.35B sale proceeds) and that the facility completed performance testing and was formally handed over to Woodside (release dated 26 Mar 2026). Sale proceeds are a later transaction value, not promised construction capex.",https://oci-global.com/news-stories/press-releases/oci-to-start-construction-of-new-world-scale-hydrogen-based-blue-ammonia-facility-in-texas-with-production-expected-in-q1-2025/,https://www.hydrocarbonprocessing.com/news/2026/03/oci-global-completes-handover-of-beaumont-new-ammonia-to-woodside/,"Neither lead source states a project capital or direct-jobs figure: promise_source gives only OCI group-level 'up to $450 million growth capex' guidance for 2023, not the project cost, and no jobs figure; the ~$2.35B/$470M figures in status_source are 2024-2026 Woodside sale proceeds, not promised capex. Size-floor figures unconfirmed from the lead's sources. Announcement-date discrepancy: lead summary dates the announcement Nov 2022 (groundbreaking Dec 2022), but promise_source press release is dated 8 September 2022; anchored on 2022-09 per that source. Neither lead source dated first output; first ammonia production dated via OCI press release (29 Dec 2025), cited in actual_date_source.",,2022-09-15,2025-02-15,2025-12-15,8 September 2022,with production expected in Q1 2025,"OCI Global (Euronext: OCI) today announced that the Beaumont New Ammonia (BNA) facility in Beaumont, Texas has started production of ammonia following the completion of systems testing, marking a major project milestone.",https://oci-global.com/news-stories/press-releases/beaumont-new-ammonia-reaches-key-milestone-with-ammonia-production/,US,1B-or-2000-jobs
88,2026-09-10T06:22:09Z,88,"GM-Samsung SDI Battery Cell Plant (SynergyCells), New Carlisle IN",Battery,IN,2023-04,3000000000,,2026,pending,NOT YET OPERATIONAL; mass production delayed from 2026 to 2027; Samsung SDI acquired GM's stake for full ownership,-1.0,-1.0,P,"Plant later sited in New Carlisle, Indiana. Capacity announced as 'more than 30 GWh'. As of Aug 2026 production postponed to 2027 and Samsung SDI acquired GM's ~50% stake to take full ownership (first fully owned cell factory in North America), with the plant pivoting toward energy-storage-system cells amid slower EV demand. Later ~$3.5B figure is a re-announcement per rule 4.",https://investor.gm.com/news-releases/news-release-details/general-motors-and-samsung-sdi-plan-invest-more-3-billion-expand/,https://www.electrive.com/2026/08/11/gm-exits-samsung-sdi-battery-cell-joint-venture/,"promise_source timed out on WebFetch and 403s to curl; read via web.archive.org snapshot (http://web.archive.org/web/2023id_/<original>), original cited. promise_source explicitly does not announce plant location or a job count ('not announcing the location of the plant or employment projections at this time'; jobs only 'in the thousands' incl. construction), so promised_jobs left empty and state (IN, New Carlisle) taken from status_source.",,2023-04-15,2026-07-01,,"DETROIT and SEOUL, South Korea , April 25, 2023 /PRNewswire/ -- General Motors Co. (NYSE: GM ) and Samsung SDI announced today they plan to invest more than $3 billion",they plan to invest more than $3 billion to build a new battery cell manufacturing plant in the United States that is targeted to begin operations in 2026,"the battery cell plant operated by their joint venture, SynergyCells - which will soon be fully owned by Samsung SDI - is not yet operational",,US,1B-or-2000-jobs
89,2026-09-10T06:23:25Z,89,"Albemarle Lithium Mega-Flex Facility (Richburg, SC)",Battery,SC,2023-03,1300000000,300,n/a,pending,PAUSED; groundbreaking deferred (Mar 2024) amid lithium-price collapse; no restart confirmed,-1.0,-1.0,P,"~$1.3B battery-grade lithium hydroxide 'Mega-Flex' processing plant near Richburg, Chester County, SC; ~50,000 t/yr initially, expandable to 100,000 t/yr. Promise source states construction expected to begin late in 2024 (not a first-output date). Mar 18, 2024 status: Albemarle told investors it would hold off building the facility as lithium prices tanked from 2022 highs; groundbreaking deferred. No credible source confirms a restart since.",https://investors.albemarle.com/news-and-events/news/news-details/2023/Albemarle-Corporation-Announces-New-U.S.-Lithium-Mega-Flex-Processing-Facility-in-South-Carolina/default.aspx,https://scdailygazette.com/2024/03/18/major-electric-vehicle-lithium-project-paused-other-sc-battery-recycling-investments-continue/,"status_source 403s to WebFetch; read via curl browser UA over HTTP/1.1. promised_first_output not stated: promise_source gives only construction start ('Construction is expected to begin late in 2024'), not a first-output date, so recorded as unconfirmed.",,2023-03-15,,,"March 22, 2023",unconfirmed,pending,,US,1B-or-2000-jobs
90,2026-09-10T06:25:11Z,90,"FREYR Giga America (Coweta County, GA)",Battery,GA,2022-11,1700000000,720,n/a,never,"CANCELLED; site sold, plant never built or produced",-2.0,-2.0,P,"Single Nov 11, 2022 announcement: initial ~34 GWh module at ~$1.7B, with total capital investments 'to more than $2.6 billion by 2029' (a phased total within the same announcement, not a separate re-announcement). Cancelled Feb 2025 citing rising interest rates and falling battery prices; 368-acre site sold for $50M gross (~$22.5M net after repaying state/local grants). FREYR since rebranded T1 Energy and pivoted to solar.",https://ir.freyrbattery.com/ir-news/press-releases/news-details/2022/FREYR-Battery-Announces-Plans-for-U.S.-Gigafactory-in-Georgia/default.aspx,https://www.ess-news.com/2025/02/10/freyr-cancels-2-6-billion-gigafactory-in-georgia-sells-site/,"promise_source domain ir.freyrbattery.com no longer resolves (FREYR rebranded to T1 Energy); read via web.archive.org snapshot https://web.archive.org/web/2023id_/https://ir.freyrbattery.com/ir-news/press-releases/news-details/2022/FREYR-Battery-Announces-Plans-for-U.S.-Gigafactory-in-Georgia/default.aspx; the original 404s. Announcement gives no dated first-output target for Giga America specifically (only company-wide '50 GWh by 2025' and total spend 'by 2029'), so promised_first_output=n/a.",,2022-11-15,,,FREYR Battery Announces Plans for U.S. Gigafactory in Georgia 11/11/2022,The project is expected to be developed in multiple phases beginning with an initial battery cell production module of approximately 34 GWh at a preliminarily estimated capital investment of $1.7 billion.,Freyr Battery has decided to abandon its plans for a $2.6 billion lithium-ion battery plant in Coweta County... construction on the 368-acre (149-hectare) site never began.,,US,1B-or-2000-jobs
91,2026-09-10T06:27:47Z,91,"Natron Energy Sodium-Ion Battery Gigafactory (Kingsboro Megasite, Edgecombe County)",Battery,NC,2024-08,1400000000,1000,n/a,never,"CANCELLED; Natron ceased all operations Sept 3, 2025 before construction; facility never built",-2.0,-2.0,P,"Nearly 1.2 million sq. ft. facility at the 437-acre Kingsboro megasite; planned 24 GWh annual sodium-ion battery capacity. Governor's release cites 1,062 JDIG-tied jobs and $3.4B economic growth over 12 years. Natron closed its Michigan and California facilities (~95 layoffs) after failing to raise funding; no NC incentive payments were made since targets were never met.",https://www.businesswire.com/news/home/20240815622233/en/Natron-Energy-Announces-Plans-for-$1.4-Billion-Giga-Scale-Sodium-Ion-Battery-Manufacturing-Facility-in-North-Carolina,https://www.wral.com/story/battery-maker-natron-closes-shop-killing-plans-for-1-000-jobs-in-north-carolina/22144342/,"promise_source businesswire 403s to WebFetch and curl (browser UA, HTTP/1.1); read via web.archive.org snapshot https://web.archive.org/web/2024id_/<original URL>. Neither primary source states a promised production-start date, so promised_first_output=n/a. Jobs discrepancy: businesswire says 'more than 1,000' while the governor's JDIG cites 1,062; recorded conservative 1,000.",https://governor.nc.gov/news/press-releases/2024/08/15/governor-cooper-announces-1000-new-jobs-edgecombe-county-natron-energy-selects-kingsboro-megasite,2024-08-15,,,"SANTA CLARA, Calif.--( BUSINESS WIRE )-- Natron Energy, Inc. ... today announced plans to build the first sodium-ion battery gigafactory in the United States. (Business Wire release datePublished 2024-08-15)","Once operational, the Edgecombe County facility will accelerate Natron's growth trajectory (no production-start date stated in either primary source)",The company's plans for North Carolina are also dead. ... It's unfortunate Natron will not be able to proceed with their plans.,,US,1B-or-2000-jobs
92,2026-09-10T06:29:13Z,92,American Battery Factory Tucson Gigafactory,Battery,AZ,2022-12,1200000000,1000,2025,pending,PRE-PRODUCTION; offtake secured and financing being finalized; production slated late 2027 (delayed from initial 2025 target),-1.0,-1.0,P,"~$1.2B capital investment, ~2M sq ft LFP battery cell gigafactory on Pima County Aerospace Research Campus. Broke ground Oct 26, 2023. Announcement promised initial factory module built within 18-24 months and first-phase construction completed by 2025; per March 2026 status, ABF secured 4.5+ GWh binding offtake and production is now slated for late 2027.",https://www.prnewswire.com/news-releases/american-battery-factory-selects-tucson-arizona-as-site-for-its-first-battery-cell-gigafactory-in-united-states-301696158.html,https://currentcells.com/article/american-battery-factory-45gwh-offtake-arizona-lfp-2026/,promised_date_source (azcommerce.com) 403s to WebFetch; read via curl with a browser user agent over HTTP/1.1 (step 2).,https://www.azcommerce.com/news-events/news/2023/10/american-battery-factory-breaks-ground-on-largest-us-lithium-iron-phosphate-battery-cell-gigafactory-in-tucson/,2022-12-15,2025-07-01,,"Dec. 6, 2022 /PRNewswire/ -- Arizona Governor Doug Ducey and Paul Charles, President and CEO of American Battery Factory (ABF), today announced that Tucson, Ariz. has been selected",The first phase of construction is expected to be completed by Sprung Instant Structures by 2025,"Production is slated to begin in late 2027, with the factory reaching its full 5.5 GWh run rate the following year.",,US,1B-or-2000-jobs
93,2026-09-10T06:30:01Z,93,"Ultium Cells / LG Energy Solution Lansing (Delta Township, MI)",Battery,MI,2022-01,2600000000,1700,2024 (late),2026-08-18,"PRODUCING; start of production Aug 18, 2026, ~900 employees ramping toward 1,700",4.6,1.9,P,GM-LG Energy Solution JV (Ultium Cells) at announcement; GM exited its stake in 2024 and the facility is now LG Energy Solution Michigan-Lansing. Promised late-2024 opening; production began 2026-08-18. Original plan ~50 GWh NMC EV cells; now LFP energy-storage plus NMC EV cells targeting 35+ GWh.,https://inside.lgensol.com/en/2022/01/gm-and-lg-energy-solution-investing-2-6-billion-to-build-3rd-ultium-cells-manufacturing-plant-in-lansing/,https://news.lgensol.com/company-news/press-releases/5163/,,,2022-01-15,2024-10-01,2026-08-18,"Announcement Date: January 26, 2022",the plant is scheduled to open in late 2024,"LG Energy Solution, the largest battery manufacturer in North America, announced the start of production today at its all-new, 226-acre facility in Lansing, Michigan.",,US,1B-or-2000-jobs
94,2026-09-10T06:31:41Z,94,Intel Fab 9 Rio Rancho,Semiconductors,NM,2021-05,3500000000,700,n/a,unconfirmed,PRODUCING; Fab 9 opened 2024-01-24 as first operational site for mass production of Foveros 3D advanced packaging,-4.0,-4.0,P,"Intel to invest $3.5B to equip Rio Rancho, New Mexico operations for advanced semiconductor packaging (Foveros 3D). Announcement also cited 1,000 construction jobs and 3,500 supported jobs (excluded; 700 direct high-tech jobs recorded). Fab 9 (with Fab 11X) opened 2024-01-24 as Intel's first co-located operational site for mass production of 3D advanced packaging.",https://www.intc.com/news-events/press-releases/detail/1464/intel-to-invest-3-5-billion-to-expand-new-mexico,https://www.intc.com/news-events/press-releases/detail/1670/intel-opens-fab-9-in-new-mexico,"promised_first_output: announcement states no production/first-output target (only 'construction expected to start in late 2021'), left unconfirmed. actual_first_output: status_source proves Fab 9 is in mass production but only dates the 2024-01-24 opening ceremony (opening is not first output); searched (ABQ Journal, Nasdaq/BusinessWire reprints, Intel newsroom global-manufacturing) and found no explicit start-of-production/first-package date, so left unconfirmed.",,2021-05-15,,,"May 3, 2021 6:36 PM EDT",unconfirmed,unconfirmed,,US,1B-or-2000-jobs
95,2026-09-10T06:32:55Z,95,Toyota TMMK Georgetown BEV (three-row Highlander EV),Auto Assembly,KY,2024-02,1300000000,,2026 (second half),pending,"DELAYED; production not started, now targeted January 2027 at the earliest (initially H2 2026)",-1.0,-1.0,P,"$1.3B builds on a prior May 2023 $591M announcement per the KY release; the initial production timing (H2 2026) is stated by the status source, as the Feb 2024 promise release gave no production date.",https://newkentuckyhome.ky.gov/Newsroom/NewsPage/20240206_ToyotaBEV,https://electrek.co/2026/09/02/toyota-delaying-3-row-highlander-electric-suv-again/,"promised_jobs left empty: the promise release states only a '700 full-time employees' increase to a job-retention commitment and an 'up to 8,950' annual job-target requirement, neither a clean direct-new-jobs figure. status_source (electrek) 403s to WebFetch; read via curl with a browser user agent. Capital $1.3B alone clears the size floor.",,2024-02-15,2026-10-01,,"February 6, 2024",which was initially planned to begin in the second half of 2026,Production is expected to begin in January 2027 at the earliest.,,US,1B-or-2000-jobs
96,2026-09-10T06:33:58Z,96,BMW Plant Spartanburg EV Expansion,Auto Assembly,SC,2022-10,1000000000,,2026,pending,"NOT YET PRODUCING; investment complete, iX5 assembly scheduled before end of 2026",-1.0,-1.0,P,"$1.7B total US investment announced 2022-10-19 = $1B to prepare Plant Spartanburg for EV production + a separate $700M high-voltage battery assembly plant in Woodruff, SC (a different site, 300 jobs, not summed here per one-site-one-project). Announcement stated at least six fully electric BMW X models by 2030; the iX5 will be the first fully electric BMW assembled in the US, per the 2026 status release the $1.7B investment is complete.",https://www.sccommerce.com/news/bmw-investing-17-billion-expand-sc-manufacturing-capacity-and-footprint,https://www.press.bmwgroup.com/global/article/detail/T0458864EN/bmw-group-completes-1-7-billion-u-s-investment-and-premieres-new-bmw-x5-at-%E2%80%9Chome-of-x%E2%80%9D-event-in-spartanburg-sc?language=en,,,2022-10-15,2026-07-01,,"Wednesday, October 19, 2022",Assembly is scheduled to begin at Plant Spartanburg before the end of 2026.,The fully electric BMW iX5 has not yet begun production; assembly is scheduled to begin at Plant Spartanburg before the end of 2026.,,US,1B-or-2000-jobs
97,2026-09-10T06:34:58Z,97,Eastman Molecular Recycling Facility Longview,Chemicals and Plastics,TX,2024-03,1200000000,200,n/a,pending,ON HOLD; under review after DOE revoked $375M grant (May 2025),-1.0,-1.0,P,"Second U.S. molecular recycling (methanolysis) facility, ~110,000 metric tonnes/yr of hard-to-recycle plastic; over 200 full-time jobs plus ~1,000 temporary construction jobs. DOE revoked a $375M grant in May 2025; Eastman reassessing scope, timing and location. Capital figure ($1.2B) stated in status_source.",https://longviewusa.com/about/news-updates/eastman-announces-plans-for-molecular-recycling-facility-in-longview-texas,https://news-journal.com/2026/04/09/moran-says-loss-of-375m-grant-for-eastman-project-devastating-hopes-it-will-be-restored/,"promise_source does not state a capital figure or a promised production-start date; $1.2B capital read from status_source. No promised first-output date stated in either source, so promised_first_output left as n/a. Plant has not produced (project on hold/under review), so actual_first_output = pending.",,2024-03-15,,,"March 25, 2024",unconfirmed,"Scope, timing and location of that project is now under review",,US,1B-or-2000-jobs
98,2026-09-10T06:36:31Z,98,"KORE Power KOREPlex Battery Cell Gigafactory (Buckeye, AZ)",Battery,AZ,2021-07,1200000000,3000,2024,never,"CANCELLED; site listed for sale, DOE $850M loan never closed",-2.0,-2.0,P,"214-acre Buckeye site purchased April 6, 2022; construction started 2022. Capital cited as $1.2B (incl. $850M federal loan) in promise_source and $1.25B in status_source. Cancelled/shelved as of Feb 6, 2025: founder/CEO Lindsay Gorrill stepped down (Jay Bellows hired as new CEO), a general contractor filed a ~$10.4M lien, and the conditional $850M DOE loan never materialized.",https://www.americanprogress.org/article/arizona-koreplex-battery-manufacturing-plant/,https://www.manufacturingdive.com/news/kore-power-nixes-plans-for-1-25-billion-battery-cell-plant-buckeye-arizona/739430/,"Capital discrepancy: $1.2B (incl. $850M federal loan) in promise_source vs $1.25B in status_source; used the promise_source initial figure. Announcement-date discrepancy: promise_source snapshot dates it July 29, 2021 while status_source cites May 2021 as when KORE was evaluating potential sites; used 2021-07 from the promise_source. Neither source states an exact first-output date; project was cancelled and never produced (actual_first_output=never).",,2021-07-15,2024-07-01,,"Announcement date: July 29, 2021 (project fact snapshot in the American Progress article)",It was slated for production in 2024 but faced construction delays over the years.,"The company told Phoenix Business Journal that its project ""will not move forward at this time.""",,US,1B-or-2000-jobs
99,2026-09-10T06:38:22Z,99,ExxonMobil Baytown Low-Carbon Hydrogen Facility,Chemicals and Plastics,TX,2023-01,,,2027,never,CANCELLED,-2.0,-2.0,P,"Blue-hydrogen facility at ExxonMobil's Baytown, TX complex: ~1 billion cubic feet/day of low-carbon hydrogen with >98% CO2 capture (~7 Mt/yr) plus low-carbon ammonia. FEED (front-end engineering and design) awarded to Technip Energies on 2023-01-30. Final investment decision targeted 2024, later updated to 2025, and startup later updated to 2029, per the release footnote. Cancelled/paused as reported Nov 2025 after failing to secure offtake customers and the spring-2025 withdrawal of a ~$332M DOE grant.",https://corporate.exxonmobil.com/news/news-releases/2023/0130_exxonmobil-awards-feed-for-worlds-largest-low-carbon-hydrogen-facility,https://www.canarymedia.com/articles/hydrogen/exxon-halts-massive-texas-low-carbon-hydrogen-facility,"promised_capital_usd and promised_jobs are not stated in either cited source: the ExxonMobil FEED release discloses no cost or job figure, and the Canary Media status article cites only a ~$332M DOE grant (withdrawn), not project capital. Row does not clear the $1B-or-2000-jobs floor on cited evidence; per collection rules I did not search beyond the lead's links for capital or jobs.",,2023-01-15,2027-07-01,,"Jan. 30, 2023",planned startup in 2027-2028,Exxon Mobil has pulled the plug on what would have been one of the world's largest hydrogen plants,,US,1B-or-2000-jobs
100,2026-09-10T06:39:11Z,100,Nutrien Geismar Clean Ammonia Facility,Chemicals and Plastics,LA,2022-05,2000000000,,2027,never,CANCELLED,-2.0,-2.0,P,"Announced May 18, 2022 as an ~$2B, 1.2 Mt/yr clean ('blue') ammonia facility at Geismar, LA with >=90% CO2 capture; FID expected 2023, construction 2024, full production by 2027. Work halted indefinitely in 2023 over rising costs and uncertain clean-ammonia demand, then formally cancelled in June 2024 as Nutrien refocused on core agriculture. Never reached production.",https://www.sec.gov/Archives/edgar/data/1725964/000119312522154155/d265331dex991.htm,https://www.theglobeandmail.com/business/article-nutrien-says-it-is-no-longer-pursuing-clean-ammonia-project-in/,,,2022-05-15,2027-07-01,,"NYSE, TSX: NTR May 18, 2022","If approved, construction...would begin in 2024 with full production expected by 2027",no longer pursuing its clean ammonia project in Louisiana,,US,1B-or-2000-jobs
101,2026-09-10T06:40:00Z,101,Enel 3Sun USA Solar Gigafactory (Tulsa Port of Inola),Solar,OK,2023-05,1000000000,1000,2024,pending,"ON HOLD; work stalled spring 2024, proceeds only if a US investor takes majority stake (as of late 2024)",-1.0,-1.0,P,"3 GW/yr bifacial heterojunction (HJT) cells and modules in a 2M+ sq ft plant, scalable to 6 GW with ~900 more phase-two jobs. ~1,800 construction jobs cited separately (excluded from promised_jobs). Enel CEO Cattaneo said the project advances only with a majority US investor; no 2025-2026 update located.",https://www.prnewswire.com/news-releases/enel-selects-oklahoma-as-site-for-planned-solar-pv-cell--panel-manufacturing-facility-301830698.html,https://www.okenergytoday.com/2024/11/enels-1-billion-oklahoma-solar-plant-deal-up-in-the-air/,,,2023-05-15,2024-07-01,,"Enel selects Oklahoma as site for planned solar PV cell & panel manufacturing facility ... May 22, 2023",it's anticipated that the first panels will be available to the market by the end of 2024,Construction was originally planned to begin in fall 2023 but never started; work stalled in spring 2024,,US,1B-or-2000-jobs
102,2026-09-10T06:41:32Z,102,Genentech (Roche) Holly Springs Biomanufacturing Facility,Pharmaceuticals,NC,2025-05,700000000,400,n/a,pending,"UNDER CONSTRUCTION; topped out Aug 2026, not yet operational",-1.0,-1.0,P,"Drug-substance biologics plant for next-generation obesity/metabolic medicines; ~700,000 sq ft; first East Coast Genentech plant, distinct from the Amgen and Fujifilm Diosynth sites in Holly Springs. Initial May 2025 announcement was a $700M+ investment; later expanded to ~$2B (Jan 2026) - a re-announcement per rule 4, not summed. Status source cites ~2,000 total jobs including over 1,500 construction and more than 500 manufacturing roles.",https://www.gene.com/media/press-releases/15059/2025-05-12/roche-and-genentech-announce-new-north-c,https://www.pharmamanufacturing.com/industry-news/news/55399524/genentech-marks-topping-out-of-2b-nc-biomanufacturing-facility,"On the initial May 2025 announcement figures ($700M+ capital, ~400 direct manufacturing jobs) the project clears NEITHER the $1B nor the 2,000-jobs floor; the ~$2B figure is a Jan 2026 re-announcement (notes) and the ~2,000 jobs cited later are mostly construction (over 1,500 construction + more than 500 manufacturing). Neither source states a promised first-output/completion date, so promised_first_output left as n/a.",,2025-05-15,,,"Monday, May 12, 2025",unconfirmed,"Once operational, the facility is expected to manufacture treatments for metabolic conditions such as obesity",,US,1B-or-2000-jobs
103,2026-09-10T06:43:27Z,103,Boeing South Carolina 787 Final Assembly Expansion (North Charleston),Aerospace and Defense,SC,2024-12,1000000000,1000,2028,pending,UNDER CONSTRUCTION (broke ground 2025-11-07),-1.0,-1.0,P,New ~1.2M-sq-ft final assembly building near Charleston International Airport to raise 787 output to a rate of 10 airplanes per month in 2026. Groundbreaking held 2025-11-07; site/staging work underway as of Aug 2025.,https://boeing.mediaroom.com/2025-11-07-Boeing-South-Carolina-Breaks-Ground-on-787-Site-Expansion,https://www.postandcourier.com/business/aerospace/boeing-sc-north-charleston-787-dreamliner-kelly-ortberg/article_685d3eac-b4f8-4624-b77f-73d0e333aab0.html,"actual_first_output = pending: this is an expansion of an already-running 787 final assembly line (exit c) and the new final assembly building is still under construction, so it has not produced. promised_first_output token 2028 is read from a building-completion statement ('complete around 2028'), not an explicit new-building production-start date; sources also cite a 10 aircraft/month rate target for 2026. Announcement date: promise_source states only 'late 2024' while status_source dates it to December (2024); 2024-12 token taken from status_source.",,2024-12-15,2028-07-01,,Boeing announced the expansion in December.,what our site will look like once expansion projects are complete around 2028,"Work is already underway. On Friday, a section of Boeing's property along South Aviation is now a staging area for heavy equipment and building materials.",,US,1B-or-2000-jobs
104,2026-09-10T06:45:18Z,104,Tesla Gigafactory Nevada 4680 & Semi Expansion,Auto Assembly,NV,2023-01,3600000000,3000,2024,2026-04,"PRODUCING; first Semi off high-volume line, ramp beginning",3.2,1.8,P,"~$3.6B expansion of Gigafactory Nevada (Sparks/Storey County) adding a 100 GWh 4680 cell plant and a dedicated high-volume Tesla Semi factory (~4M sq ft added, ~3,000 direct jobs). Musk said he expected to exceed $3.6B, possibly over $4B; kept the initial $3.6B blog-post figure per re-announcement discipline.",https://www.forbes.com/sites/alanohnsman/2023/01/24/tesla-pouring-36-billion-into-nevada-plant-for-ev-battery-semi-production/,https://electrek.co/2026/04/29/tesla-semi-first-truck-high-volume-production-line/,"promise_source 403s to WebFetch and browser-UA curl; read via https://web.archive.org/web/2023id_/<URL>. Dual-purpose project (100 GWh 4680 battery plant + Tesla Semi factory); classified Auto Assembly because the tracked first output is the Semi truck, but the battery plant is a comparable component.",,2023-01-15,2024-07-01,2026-04-15,"Jan 24, 2023 ... Tesla ... said in a blog post on Tuesday that it will spend $3.6 billion","Production of Semis will be limited this year but should reach high volume next year, Musk said","Tesla has produced the first Semi truck off its new high-volume production line at Gigafactory Nevada, marking a critical milestone for the long-delayed electric truck program",,US,1B-or-2000-jobs
105,2026-09-10T06:47:39Z,105,Lake Charles Methanol II,Chemicals and Plastics,LA,2024-02,3240000000,123,2027 (second half),pending,"PRE-CONSTRUCTION; in FEED, FID anticipated Q2 2026",-1.0,-1.0,P,"Greenfield low-carbon ('blue') methanol plant (~3.6M tonnes/yr) at the Port of Lake Charles/Westlake, LA, with carbon capture (~1M tpy CO2). Zachry Group awarded FEED (Nov 2025). FID slipped from mid-2024 (promise source) to Q2 2026 (Zachry release).",https://www.opportunitylouisiana.gov/news/lake-charles-methanol-announces-plan-for-new-3-2-billion-manufacturing-plant-in-southwest-louisiana,https://zachrygroup.com/press-releases/Zachry_Group_Selected_for_FEED_Scope_on_Worlds_Largest_Low_Carbon_Blue_Methanol_Project.html,"Lead's status_source (icis.com) is behind Imperva/Incapsula and has no Wayback snapshot; substituted the Zachry Group press release, which states the same FEED award and Q2-2026 FID. promised_jobs=123 direct is below the 2000-job floor; row clears scope on capital ($3.24B) alone.",,2024-02-15,2027-10-01,,"February 14, 2024",commercial operations to begin in late 2027,"The FEED phase, currently underway, will define the technical and economic foundations of the project",,US,1B-or-2000-jobs
106,2026-09-10T06:50:06Z,106,Gotion Manteno Battery Plant,Battery,IL,2023-09,2000000000,2600,2024,2025-Q2,PRODUCING; ramping below plan (~300 employees vs 450 target for end-2025),1.7,0.9,P,"Converted 1.5M-sq-ft former Kmart distribution center on 153 acres in Manteno, Kankakee County. First output was commercial/residential/industrial energy-storage units on early assembly lines; EV LFP battery-cell production scheduled to begin ~Sept 2025. State incentives ~$536M. Distinct from Gotion's Green Charter Township, Michigan site.",https://www.manufacturingdive.com/news/gotion-2-billion-ev-lithium-battery-plant-manteno-illinois/693223/,https://www.shawlocal.com/daily-journal/2025/11/18/gotion-gives-updates-on-manteno-plant/,"actual_first_output not dated by the promise or status sources; the status source confirms the plant is producing (five lines) but gives no start date. Per third-source search, first output was commercial-scale energy-storage products in spring 2025 (EV battery-cell production began later, ~Sept 2025); dated via autotechinsight.spglobal.com (2025-08-18), cited in actual_date_source. Announcement made by Gov. Pritzker; article dated Sept 2023.",,2023-09-15,2024-07-01,2025-05-15,Gov. JB Pritzker announced on Friday,"Production is expected to begin next year, according to a state announcement.",The company initially launched the manufacturing of commercial-scale energy storage products in the spring with two assembly lines.,https://autotechinsight.spglobal.com/news/5283484/gotion-to-start-ev-battery-production-in-manteno-in-september-with-five-production-lines,US,1B-or-2000-jobs
107,2026-09-10T06:52:58Z,107,Stellantis Belvidere Assembly Plant,Auto Assembly,IL,2025-01,600000000,3300,2027,pending,"DELAYED; retooling underway (>$60M spent through July 2026); pilot production slipped to H1 2028, retail production H2 2029",-1.0,-1.0,P,"Belvidere idled Feb 2023 after Jeep Cherokee production ended. A late-2023 UAW contract agreement to reopen was reversed/delayed; Stellantis recommitted on Jan 24, 2025 to build an all-new mid-size pickup (targeted 2027). $335M DOE grant awarded July 2024 for EV conversion was put on hold. Investment $600M (announced fall 2025) later raised to more than $800M (Aug 2026); more than $60M spent through July 2026 on stamping, body, paint and general assembly. Plant to build the next-gen Jeep Cherokee on the new STLA One platform (minimum two vehicles, two shifts). Oct 2025 statement cited ~3,300 jobs and a 2027 launch; timeline has since slipped to pilot production H1 2028 / retail production H2 2029.",https://www.manufacturingdive.com/news/stellanitis-commits-reopening-belvidere-assembly-uaw-build-new-truck-2027/738187/,https://www.rockfordnewsfirst.com/2026/08/14/work-underway-reopen-belvidere-assembly-plant-stellantis-outlines-production-timeline/,"Jobs discrepancy: promise_source (Jan 24, 2025) cites ~1,500 union-represented jobs; status_source cites Stellantis' Oct 2025 figure of ~3,300 jobs, recorded here as the full-plant direct-jobs figure (Stellantis did not directly address the figure when asked Aug 2026). Anchor set to the Jan 24, 2025 recommitment per promise_source; an earlier late-2023 UAW agreement to reopen was reversed and is given only as 'late 2023' (no precise month). Capital $600M is the initial figure (announced fall 2025); later raised to >$800M (Aug 2026), kept per re-announcement discipline.",,2025-01-15,2027-07-01,,Stellantis has committed to reopening its shuttered Belvidere Assembly plant in Illinois to build an all-new mid-size pickup truck in 2027.,build an all-new mid-size pickup truck in 2027,"the company expects pilot production of the next-generation Jeep Cherokee to start in the first half of 2028, with retail production targeted for the second half of 2029",,US,1B-or-2000-jobs
108,2026-09-10T06:54:10Z,108,Texas Instruments RFAB2 Richardson,Semiconductors,TX,2019-04,3100000000,488,n/a,2022-09,IN PRODUCTION; both RFAB1 and RFAB2 ramping to full volume,3.4,-3.0,P,"Second 300mm analog/embedded wafer fab (RFAB2) in North Richardson, TX. Jobs stated as 'more than 488' direct. Both Richardson fabs in production per TI facility page.",https://communityimpact.com/top-stories/2019/04/18/texas-instruments-commits-to-3-1-billion-north-richardson-expansion-project/,https://www.ti.com/about-ti/manufacturing/richardson.html,Neither cited source states a promised/targeted first-output date; promised_first_output left as n/a. promised_jobs recorded as 488 from 'more than 488 jobs'.,,2019-04-15,,2022-09-15,"Texas Instruments commits to $3.1 billion North Richardson expansion project (article dated April 18, 2019)",unconfirmed,Our newest fab (RFAB2) started production in September 2022.,,US,1B-or-2000-jobs
109,2026-09-10T06:56:01Z,109,Cleveland-Cliffs Middletown Works green-steel DRI project,Steel,OH,2024-03,1300000000,170,n/a,never,CANCELLED; hydrogen/DRI green-steel plan abandoned. Per late-Feb 2026 Ohio EPA air-permit filing Cliffs now plans to refurbish the existing coal blast furnace and add a waste-gas cogeneration plant.,-2.0,-2.0,P,"Middletown Works, Middletown OH. Original plan: replace coal blast furnace with hydrogen-ready flex-fuel DRI plant plus two electric melting furnaces (near-zero-emissions green steel). DOE grant of up to $575M total (Middletown share cited as ~$500M) via the $6.3B Industrial Demonstrations Program (IRA-funded). Promise source states no explicit production/first-output date; only construction 'primarily starting in 2025 and expected to conclude by 2029'. As of Mar 2026 reporting the DOE grant reportedly remains intact but its revised use is unresolved; Cliffs now intends to start construction on its 'Energy Recovery and Advanced Efficient Ironmaking Project' on Sept. 29, 2026.",https://www.clevelandcliffs.com/news/news-releases/detail/629/cleveland-cliffs-selected-to-receive-575-million-in-us,https://ohiocapitaljournal.com/2026/03/27/whats-next-for-ohios-former-green-steel-project-more-coal-it-seems/,"Capital discrepancy: lead summary says ~$1.6B; promise source states Cliffs' net capital outlay of approximately $1.3 billion (net of capital avoidance) for Middletown, used here. Promise source gives no explicit promised first-output date (only construction concluding by 2029), so promised_first_output=n/a. status_source returned HTTP 403 to WebFetch; read via curl with a browser user agent over HTTP/1.1.",,2024-03-15,,,"March 25, 2024 6:12am EDT",over a 5-year period primarily starting in 2025 and expected to conclude by 2029,"The steel manufacturer had already abandoned its plan to replace a coal-based blast furnace at the southwest Ohio plant with cleaner, hydrogen-ready technology and electric furnaces.",,US,1B-or-2000-jobs
110,2026-09-10T06:57:00Z,110,Rivian Normal Plant R2 Expansion,Auto Assembly,IL,2024-05,1500000000,550,n/a,2026-04,PRODUCING; R2 ramping with accelerated hiring,1.9,-3.0,P,"Expansion of Rivian's existing Normal, IL EV assembly plant to add R2 SUV production, raising total site capacity to 215,000 units/yr; R2 run rate targeted at up to 155,000 units/yr when fully scaled.",https://gov-pritzker-newsroom.prezly.com/gov-pritzker-and-rivian-announce-15-billion-investment-in-normal-facility,https://www.25newsnow.com/2026/05/19/rivian-ramps-up-r2-production-normal-hiring-accelerates/,"promise_source states no production-start date, so promised_first_output is n/a; promised_capital_usd $1.5B and 550 direct jobs both from the promise_source.",,2024-05-15,,2026-04-15,"May 2, 2024",Production start date not specified in the press release,The electric vehicle company rolled out its first R2 from the Normal plant in April 2026.,,US,1B-or-2000-jobs
111,2026-09-10T06:59:36Z,111,Leprino Foods Lubbock Plant,Food and Beverage,TX,2022-06,1000000000,600,2025-02-01,2025-01,"PRODUCING; first phase ramping (~300 employees by March 2025, ~600 by 2026)",2.6,0.0,P,"Greenfield 850,000-sq-ft mozzarella cheese and dairy-nutrition plant on 258 acres in East Lubbock; described by Lubbock EDA as the city's largest-ever private investment. Groundbreaking summer 2022 (site groundbreaking image dated 2022-06-16). Second phase slated to bring total employment to ~600 by 2026.",https://lubbockeda.org/the-global-leader-in-mozzarella-cheese-production-announces-selection-of-lubbock-awarding-lubbocks-largest-private-investment-to-date/,https://www.kcbd.com/2025/01/15/leprino-foods-world-leader-production-mozzarella-cheese-celebrates-opening-lubbock/,"announced month is not explicitly dated in the release (page schema datePublished 2021-10-01 is a site-template default); anchored to the documented groundbreaking, which the release places in 'the summer of 2022' and whose groundbreaking image is dated 2022-06-16. status_source (KCBD, 2025-01-15) describes the plant 'beginning its first phase of operations'/opening rather than an explicit start-of-production statement; used as ~2025-01 first output.",,2022-06-15,2025-02-01,2025-01-15,"broke ground on the 850,000-square-foot manufacturing facility in the summer of 2022","Once the facility becomes fully operational on Feb. 1, 2025",Leprino Foods is beginning its first phase of operations,,US,1B-or-2000-jobs
112,2026-09-10T07:01:03Z,112,"Redwood Materials South Carolina Campus (Camp Hall, Ridgeville)",Battery,SC,2022-12,3500000000,1500,2023,2025-11,"PRODUCING; first operations online at SC campus (initial 20,000 metric tons/yr materials recovery/production); phased buildout over the next decade",2.9,2.4,P,"More than 600-acre campus at Camp Hall Commerce Park in Ridgeville; anode/cathode battery-component manufacturing plus recycling, targeting enough material for ~100 GWh/yr of battery cells; distinct from Redwood's Nevada campus.",https://www.sccommerce.com/news/redwood-materials-establishing-operations-berkeley-county-largest-economic-development,https://www.redwoodmaterials.com/news/redwood-begins-critical-materials-recovery-in-south-carolina/,"status_source 403s to WebFetch; read via curl browser UA (step 2). actual_first_output month taken from that release (headline 'Redwood begins critical materials recovery in South Carolina', published 2025-11-06) stating first operations are now online. Promised jobs 1,500 is below the 2,000 floor; row clears on capital ($3.5B).",,2022-12-15,2023-07-01,2025-11-15,"Wednesday, December 14, 2022 ... Redwood Materials ... along with Governor Henry McMaster, today announced plans to establish operations in Berkeley County",Operations will begin in 2023.,"Now, we're bringing our first operations online at our South Carolina campus, adding an initial 20,000 metric tons of annual materials production.",,US,1B-or-2000-jobs
113,2026-09-10T07:02:30Z,113,LG Energy Solution Holland Plant Expansion (Michigan),Battery,MI,2022-03,1700000000,1200,2024,2025-05,PRODUCING LFP cells for ESS; two of three lines operating,3.2,0.9,P,"Announced 22 Mar 2022 as a ~$1.7B expansion (capacity 5 GWh -> ~25 GWh) originally for NMC EV cells, scheduled to open 2024. Plant pivoted to LFP cells for grid/ESS storage as EV demand cooled and began LFP production in May 2025 (16.5 GWh ESS lines, two of three operating), while also onshoring NMC cells for the Ford Mustang Mach-E. promise_source states 'scheduled to open in 2024' (opening wording, not production); actual first output of the expansion (May 2025) is dated directly by status_source.",https://news.lgensol.com/company-news/supplementary-stories/681/,https://cleantechnica.com/2025/06/28/lg-energy-solution-opens-new-lfp-battery-cell-lines-in-michigan-to-support-energy-storage-as-demand-cools-from-ev-manufactures/,,https://www.industryweek.com/supply-chain/article/21236916/lg-energy-solution-to-expand-michigan-battery-plant-create-1200-jobs,2022-03-15,2024-07-01,2025-05-15,"March 22, 2022",the plant is scheduled to open in 2024,began LFP battery production in May 2025,,US,1B-or-2000-jobs
114,2026-09-10T07:03:45Z,114,Ascension Clean Energy (ACE),Chemicals and Plastics,LA,2022-10,7500000000,350,2027,pending,"PROPOSED; pre-construction, awaiting final investment decision",-1.0,-1.0,P,"Clean Hydrogen Works' greenfield blue-ammonia complex at Donaldsonville, Ascension Parish, LA; ~7.2M tonnes/yr with up to 98% carbon capture. Original announcement hoped for FID and construction start in 2024 with initial production in 2027. As of Feb 10, 2026 the project remains proposed/pre-construction and no commercial-scale blue ammonia plants are yet operating.",https://www.opportunitylouisiana.gov/news/energy-start-up-proposes-7-5-billion-investment-in-ascension-parish,https://lailluminator.com/2026/02/10/ammonia-louisiana/,status_source 403s to WebFetch; read via browser user agent over HTTP/1.1 (ladder step 2),,2022-10-15,2027-07-01,,"October 31, 2022",would allow the initial phase of production to commence in 2027,"To date, no commercial-scale blue ammonia plants are operating",,US,1B-or-2000-jobs
115,2026-09-10T07:06:10Z,115,St. Charles Clean Fuels Blue Ammonia (St. Rose),Chemicals and Plastics,LA,2023-04,4600000000,216,2027,pending,"PROPOSED; pre-construction FEED phase, FID target (end-2024) lapsed with no confirmed FID or groundbreaking",-1.0,-1.0,P,"JV of Copenhagen Infrastructure Partners (majority stake, acquired per Feb 23, 2023 CIP release) and Sustainable Fuels Group. Two 4,000 MTD trains, ~2.8-3.0M tonnes/yr, >90% CO2 capture; ~230-acre IMTT site at St. Rose, St. Charles Parish.",https://www.opportunitylouisiana.gov/news/st-charles-clean-fuels-proposes-4-6-billion-reduced-carbon-ammonia-facility-in-st-rose,https://www.cip.com/projects/our-projects/st-charles/,status_source cip.com live page 404s; read via https://web.archive.org/web/20260610024231/https://www.cip.com/projects/our-projects/st-charles/. Earlier related announcement: CIP acquired majority stake in the project on 2023-02-23 (globenewswire); anchor uses the 2023-04-19 Louisiana proposal that carries the $4.6B capital and 216-jobs figures.,https://www.globenewswire.com/news-release/2023/02/23/2613972/0/en/Copenhagen-Infrastructure-Partners-Acquires-Majority-Stake-in-Blue-Ammonia-Project-in-the-Gulf-Coast.html,2023-04-15,2027-07-01,,"St. Charles Clean Fuels Proposes $4.6 Billion Reduced-Carbon Ammonia Facility in St. Rose (Opportunity Louisiana release dated April 19, 2023)","SCCF hopes to make a final investment decision in early 2024 and begin construction later that year, which would enable operations to begin in 2027.",Final investment decision expected end-2024; planned to be operational from 2027 (as of the 2026-06-10 CIP project-page snapshot; no FID or groundbreaking confirmed),,US,1B-or-2000-jobs
116,2026-09-10T07:07:22Z,116,Southern Energy Renewables Green Methanol and SAF Facility (St. Charles Parish),Chemicals and Plastics,LA,2026-03,1400000000,120,2029 (second half),pending,"PRE-CONSTRUCTION; construction planned late 2027, commercial operations targeted late 2029; no ground broken",-1.0,-1.0,P,"Greenfield plant converting regional wood-waste biomass into green methanol and sustainable aviation fuel (SAF). First commercial-scale U.S. facility for Southern Energy Renewables. LED cites 120 direct new jobs (avg salary $97,267) and 514 total/regional job opportunities; 514 is a regional figure, not direct. Project positioned ahead of a proposed merger with DevvStream.",https://www.opportunitylouisiana.gov/news/southern-energy-renewables-announce-1-4-billion-methanol-and-sustainable-aviation-fuel-facility-in-st-charles-parish,https://www.hydrocarbonprocessing.com/news/2026/03/southern-energy-renewables-announce-14-b-methanol-and-saf-complex-in-louisiana/,"Minor announcement-date discrepancy: LED release dates the announcement March 11, 2026; Hydrocarbon Processing timestamps it 3/12/2026. Used 2026-03 (month-level), unaffected.",,2026-03-15,2029-10-01,,"March 11, 2026",Commercial operations are expected to begin in late 2029,Pre-construction planning and site development activities are underway; Construction is expected to begin in late 2027,,US,1B-or-2000-jobs
117,2026-09-10T07:08:37Z,117,Ascend Elements Apex 1 Hopkinsville,Battery,KY,2022-08,1000000000,400,2023 (late),never,"CANCELLED; Chapter 11 bankruptcy (spring 2026), ~50% built, never operational; sold at bankruptcy auction to Turner-Kokosing JV for $31.7M (June 2026)",-2.0,-2.0,P,$310M Phase 1 within an announced up-to-$1B multi-phase investment; ~400 direct jobs; groundbreaking anticipated Q4 2022. Makes lithium-ion battery cathode active material (pCAM) via Hydro-to-Cathode recycling. Filed Chapter 11 in spring 2026; facility ~50% complete and never operational; sold at bankruptcy auction to a Turner-Kokosing joint venture for $31.7M in early June 2026; new owners seeking a buyer to finish it.,https://www.prnewswire.com/news-releases/ascend-elements-to-invest-up-to-1-billion-in-southwest-kentucky-ev-battery-materials-manufacturing-facility-301597102.html,https://christiancountynow.com/news/267762-ascend-elements-abandons-unfinished-christian-county-plant-facility-up-for-grabs/,"status_source's 2026 retrospective cites an original operational target of 2025, while the announcement (promise_source) states late 2023; used the announcement's late-2023 date.",,2022-08-15,2023-10-01,,"Aug. 1, 2022, 15:40 ET",The facility will begin operations in late 2023,"just over 50% of the total investment was put into the facility, with strides mostly made on the exterior",,US,1B-or-2000-jobs
118,2026-09-10T07:09:44Z,118,Mercedes-Benz EV Production Vance/Tuscaloosa (EQ SUV),Auto Assembly,AL,2017-09,1000000000,600,2020,2022,"PRODUCING; builds EQS SUV, EQE SUV and Maybach EQS SUV, battery packs from Bibb County plant",4.8,2.0,P,"$1B initial 2017 announcement (EV production at Vance/Tuscaloosa assembly plant plus a new lithium-ion battery plant in Bibb County, more than 600 new jobs). Cumulative ~$6.8B total once all expansions complete is later re-announcement per rule 4, not summed. Bibb County battery plant is operational and supplies packs to the assembly line.",https://www.madeinalabama.com/2017/09/mercedes-to-launch-electric-vehicle-production-in-1b-alabama-project/,https://autos.yahoo.com/ev-and-future-tech/articles/mercedes-building-electric-flagship-alabama-193000399.html,,,2017-09-15,2020-07-01,2022-07-01,"September 21, 2017",Mercedes will begin producing SUV models bearing its EQ brand in Alabama at the beginning of the next decade.,the Tuscaloosa facility has been assembling the EQS SUV since 2022,,US,1B-or-2000-jobs
119,2026-09-10T07:11:09Z,119,Air Products–AES Green Hydrogen Facility (Wilbarger County),Chemicals and Plastics,TX,2022-12,4000000000,115,2027,never,CANCELLED; JV dissolved November 2024 when Air Products withdrew before a final investment decision; hydrogen plant not built.,-2.0,-2.0,P,"Mega-scale renewable-power-to-hydrogen project: ~1.4 GW wind and solar plus electrolyzers producing >200 metric tons/day of green hydrogen. Promised jobs figure 115 counts direct permanent operations jobs only; the release also cited more than 1,300 construction and about 200 transportation and distribution jobs (not counted as direct). Per the Vernon Daily Record (Nov 21, 2024), AES took over 100% of the project after Air Products pulled out but remains committed only to the solar and wind farms that would have powered the proposed hydrogen plant.",https://www.airproducts.com/company/news-center/2022/12/1208-air-products-and-aes-to-invest-to-build-first-mega-scale-green-hydrogen-facility-in-texas,https://www.vernonrecord.com/2024/11/21/green-hydrogen-project-fizzles/,Both sources returned HTTP 403 to WebFetch; read via curl with a browser user agent over HTTP/1.1 (ladder step 2).,,2022-12-15,2027-07-01,,"12/08/2022 ... Air Products (NYSE: APD) and The AES Corporation (NYSE: AES) today announced plans to invest approximately $4 billion to build, own and operate a green hydrogen production facility in Wilbarger County, Texas.","The facility, which is targeted to begin commercial operations in 2027, will serve growing demand for zero-carbon intensity fuels for the mobility market as well as other industrial markets.",The partnership of Air Products and AES to construct a plant for producing hydrogen in Wilbarger County dissolved when Air Products withdrew from the project.,,US,1B-or-2000-jobs
120,2026-09-10T07:13:02Z,120,Detroit Assembly Complex - Mack,Auto Assembly,MI,2019-02,1600000000,3850,2020-Q4,2021-03,PRODUCING; intermittent production pauses and layoffs amid ~11% Grand Cherokee sales decline while transitioning to the 2026 model (Apr 2025),2.1,0.3,P,"The $1.6B / 3,850-jobs figures are the Mack/Detroit-specific portion broken out within FCA's broader Feb 26, 2019 announcement of a $4.5B Michigan investment adding ~6,500 jobs across several plants. First new auto assembly plant in Detroit in ~30 years. The three-row Grand Cherokee L was first output (March 2021); the two-row Grand Cherokee followed later in 2021.",https://media.stellantisnorthamerica.com/newsrelease.do?id=20661,https://www.cbtnews.com/stellantis-pauses-detroit-production-to-transition-to-2026-jeep-grand-cherokee-amid-sales-decline/,,,2019-02-15,2020-11-15,2021-03-15,"FCA would invest $1.6 billion to convert the two plants that comprise the Mack Avenue Engine Complex into the future assembly site (release dated February 26, 2019)","the first three-row vehicles expected to roll off the line by the end of 2020, followed by the all-new Grand Cherokee in the first half of 2021","Production of the all-new Jeep Grand Cherokee L launched in March 2021, with shipments to dealers beginning on June 21, 2021.",https://media.stellantisnorthamerica.com/newsrelease.do?id=329,US,1B-or-2000-jobs
121,2026-09-10T07:15:52Z,121,Eli Lilly Pleasant Prairie Expansion,Pharmaceuticals,WI,2024-12,3000000000,750,2026-03,pending,"UNDER CONSTRUCTION; Village of Pleasant Prairie site/operations plan approved March 17, 2025; operations targeted March 2026, no production yet",-1.0,-1.0,P,"Parenteral (injectable) product manufacturing; expansion of the former Nexus Pharmaceuticals facility to make injectable medicines (Mounjaro, Zepbound) with device assembly and packaging. The $3B is the initial expansion figure; total planned Wisconsin investment of $4B includes the earlier acquisition plus additional land and an adjacent warehouse, per re-announcement discipline. ~2,000 construction jobs cited but not counted as direct jobs.",https://investor.lilly.com/news-releases/news-release-details/lilly-announces-3-billion-expansion-its-recently-acquired,https://constructionreviewonline.com/pleasant-prairie-approves-eli-lillys-multibillion-dollar-expansion-plan/,"promise_source 403s to WebFetch/curl; read via web.archive.org 2025 snapshot of the original. Announcement dateline is Dec. 5, 2024 in the release, not Dec 6, 2024 as the lead summary states (both resolve to 2024-12). Release states no production date ('plans to start construction on the expansion next year'); promised_first_output (operations targeted March 2026) is taken from status_source.",,2024-12-15,2026-03-15,,"INDIANAPOLIS , Dec. 5, 2024 /PRNewswire/ -- Eli Lilly and Company (NYSE: LLY) today announced a $3 billion expansion of the Kenosha County, Wisconsin , manufacturing facility that the company acquired earlier this year.",Operations: Targeted by March 2026,Operations: Targeted by March 2026,,US,1B-or-2000-jobs
122,2026-09-10T07:17:52Z,122,"HL-GA Battery Company (Hyundai-LG Energy Solution JV), Bryan County GA",Battery,GA,2023-05,4300000000,,2025-Q4,pending,NOT PRODUCING; construction resumed Nov 2025 after Sept 4 2025 ICE raid halt; targeting H1 2026,-1.0,-1.0,P,"Battery-cell JV (distinct from co-located Hyundai Metaplant vehicle assembly). 30 GWh/yr, supporting ~300,000 EVs annually. JV first announced May 2023 (LGES release states JV at over USD 4.3B). Georgia Aug 31 2023 release frames an additional $2B expansion as raising the JV total to more than $4.3B, creating another 400 jobs, with an 8,500 overall/regional jobs figure cited. Original promised start end-2025; delayed to first-half 2026 per Nov 2025 reporting.",https://gov.georgia.gov/press-releases/2023-08-31/gov-kemp-hyundai-motor-group-and-lg-energy-solution-invest-additional-2b,https://www.wtoc.com/2025/11/14/construction-resumes-hl-ga-battery-company-two-months-after-ice-raid/,"Capital-framing discrepancy: LG May-2023 release states the JV at over USD 4.3B, while the Georgia Aug-31-2023 release frames the $4.3B as the total after an additional $2B expansion. promised_jobs left empty: sources give no clean direct-jobs figure for the battery JV (Georgia release cites +400 expansion jobs and an 8,500 overall/regional figure); capital alone clears the size floor.",https://news.lgensol.com/company-news/press-releases/1780/,2023-05-15,2025-11-15,,"Hyundai Motor Group and LG Energy Solution announced the JV battery cell plant; LG Energy Solution press release dated May 26, 2023 ('the joint venture plans to start battery production...')","Starting construction in the second half of 2023, the joint venture plans to start battery production at the end of 2025 at the earliest.",We remain on track to start production in the first half of next year.,,US,1B-or-2000-jobs
123,2026-09-10T07:19:32Z,123,"Monolith Materials Olive Creek 2 (OC2), Hallam NE",Chemicals and Plastics,NE,2021-01,1000000000,,2025-12-31,pending,"NOT STARTED; construction not yet begun as of ~March 2026, company plans to begin construction later in 2026",-1.0,-1.0,P,"Methane-pyrolysis plant making carbon black and low-carbon ammonia. Promise source states 'hundreds of good-paying advanced manufacturing jobs' with no specific number, so promised_jobs left empty. Original conditional ~$1B DOE Title XVII loan guarantee lost (status source: 'halted last year when Monolith lost more than $900M in loan guarantees from the US Department of Energy'); project since rescoped to four production units (~220,000 t/yr carbon black, largest US carbon black plant) and shifting feedstock from natural gas to heavy residual fuel oil.",https://dailyenergyinsider.com/news/28576-monolith-materials-proposes-1b-expansion-of-olive-creek-power-facility-in-nebraska/,https://www.notchconsulting.com/post/monolith-details-expansion-plans-for-nebraska-methane-pyrolysis-plant,"Announcement date discrepancy: lead summary says ~Nov 2020, but promise_source dates it to the week of Jan 6, 2021 ('announced this week', article dated January 6, 2021) - used the source date. promise_source returned HTTP 403 to WebFetch; read via curl with browser user agent (HTTP 200). promised_jobs not given as a number ('hundreds').",,2021-01-15,2025-12-31,,"The project was announced this week by officials from Monolith Materials (article dated January 6, 2021)","Commercial operations are expected to begin by Dec. 31, 2025.",The company plans to begin construction on the expansion later this year,,US,1B-or-2000-jobs
124,2026-09-10T07:23:22Z,124,Eli Lilly Goochland County API and Drug Product Facility (West Creek),Pharmaceuticals,VA,2025-09,5000000000,650,2030,pending,"PRE-CONSTRUCTION; 227-acre parcel purchased ($38.39M, July 2026), site work not yet begun, plan of development pending",-1.0,-1.0,P,"First dedicated, fully integrated API and drug product facility for Lilly's bioconjugate platform and monoclonal antibody portfolio (antibody-drug conjugates / ADCs, primarily cancer). First of four new U.S. sites Lilly plans, part of $50B in U.S. capital expansion commitments since 2020. 1,800 construction jobs cited (not counted in promised_jobs). July 2026: Lilly paid $38.39M for a 227-acre parcel at 12575 West Creek Parkway from Markel; a Dominion 230-kV transmission line to serve the site was still awaiting SCC route approval as of June 2026.",https://investor.lilly.com/news-releases/news-release-details/lilly-announces-plans-build-5-billion-manufacturing-facility,https://richmondbizsense.com/2026/07/23/breaking-news-eli-lilly-pays-38m-to-secure-land-for-massive-west-creek-pharma-facility/,"promise_source timed out on WebFetch and 403'd on curl; read via web.archive.org snapshot (http://web.archive.org/web/2025id_/https://investor.lilly.com/news-releases/news-release-details/lilly-announces-plans-build-5-billion-manufacturing-facility). promised_first_output token 2030 reflects 'completed within the next five years' from the Sep 2025 announcement (a completion target, not an explicit production-start date).",,2025-09-15,2030-07-01,,"INDIANAPOLIS , Sept. 16, 2025 /PRNewswire/ -- Eli Lilly and Company (NYSE: LLY) today announced that it plans to build a $5 billion manufacturing facility just west of Richmond, Virginia , in Goochland County .","Expected to be completed within the next five years, the manufacturing site will bring more than 650 new high-paying jobs to Virginia","Site work at the property has not yet begun, with Lilly’s plan of development for the facility still pending with Goochland County.",,US,1B-or-2000-jobs
125,2026-09-10T07:25:59Z,125,Eli Lilly API Facility Huntsville,Pharmaceuticals,AL,2025-12,6000000000,450,2032,pending,"ANNOUNCED; construction to begin 2026, completion targeted 2032; not yet under construction or producing",-1.0,-1.0,P,"Next-generation synthetic-medicine API facility for small molecule synthetic and peptide medicines, including oral GLP-1 orforglipron, on a ~260-acre Greenbrier South site along Interstate 565 in Huntsville (Limestone County), AL. 450 direct/permanent jobs plus ~3,000 construction jobs (3,450 total). Described as Lilly's ninth U.S. manufacturing site announced since 2020.",https://investor.lilly.com/news-releases/news-release-details/lilly-build-6-billion-facility-manufacture-active-pharmaceutical,https://www.madeinalabama.com/2025/12/pharmaceutical-giant-lilly-plans-6-billion-advanced-manufacturing-plant-in-huntsville/,promise_source timed out on WebFetch and 403s to a browser-UA curl; read via https://web.archive.org/web/2025id_/https://investor.lilly.com/news-releases/news-release-details/lilly-build-6-billion-facility-manufacture-active-pharmaceutical. promised_first_output=2032 is the stated construction-completion date; the source gives no explicit first-output/production-start date.,,2025-12-15,2032-07-01,,"News Release ... December 9, 2025 ... INDIANAPOLIS, Dec. 9, 2025 /PRNewswire/ -- Eli Lilly and Company (NYSE: LLY) today announced plans to invest more than $6 billion in a new manufacturing facility in Huntsville, Alabama.","Construction, expected to begin in 2026, is anticipated to generate 3,000 construction jobs as the state-of-the-art facility is built. Completion is expected in 2032.","Construction is set to begin in 2026, with completion slated in 2032; the plant is not yet under construction or producing.",,US,1B-or-2000-jobs
126,2026-09-10T07:26:51Z,126,"Lyten Lithium-Sulfur Gigafactory (Reno AirLogistics Park, Stead)",Battery,NV,2024-10,1000000000,1000,2027,never,CANCELLED (Jan 2026); lease with Reno-Tahoe Airport Authority not agreed; Lyten pivoted to acquiring ex-Northvolt plants in Europe. Never broke ground or produced.,-2.0,-2.0,P,"Announced >$1B, 1.25M sq ft, up to 10 GWh/yr, initially 200 jobs growing to more than 1,000. Cancelled January 2026.",https://lyten.com/2024/10/15/lyten-announces-plans-to-build-the-worlds-first-lithium-sulfur-battery-gigafactory-in-nevada/,https://mynews4.com/news/local/no-more-gigafactory-lyten-plan-to-build-lithium-sulfur-facility-in-reno-stead-falls-through,Promised-first-output discrepancy: promise_source states Phase 1 online 2027; status_source states first production 2028 (groundbreaking planned 2025). Used the promise_source figure (2027).,,2024-10-15,2027-07-01,,"Oct 15, 2024",Phase 1 of the facility is scheduled to come online in 2027.,We were unable to negotiate a lease with them. We've ceased all communications with them ... it is not happening.,,US,1B-or-2000-jobs
127,2026-09-10T07:28:03Z,127,Project YaREN Blue Ammonia (Ingleside),Chemicals and Plastics,TX,2023-03,2600000000,200,2027,pending,"IN PERMITTING; no FID or construction start (Nov 2025 special use permit first reading passed 4-2, second reading set Dec 9, 2025)",-1.0,-1.0,P,"JV Ingleside Clean Ammonia Partners (Yara Clean Ammonia and Enbridge, equal partners). Total project investment stated as US$2.6-2.9 billion (2.6B recorded; range in notes). Capacity 1.2-1.4 Mtpa per PR release; status source cites ~2.8 Mtpa across two units. ~200 permanent jobs and up to 4,000 construction jobs per status source (construction excluded). ~95% of CO2 captured for geologic storage.",https://www.prnewswire.com/news-releases/yara-and-enbridge-to-develop-and-construct-a-low-carbon-blue-ammonia-project-at-enbridge-ingleside-energy-center-301786710.html,https://www.kristv.com/news/local-news/in-your-neighborhood/san-patricio-county/ingleside/city-of-ingleside-moves-forward-with-first-reading-for-yaren-ammonia-project,"promised_jobs (200 permanent) and capacity read from status_source, not the promise_source. Promised start '2027/2028' recorded as token 2027 with full range in raw. Lead summary says '~$2.6-2.9B per unit' but promise_source states this range as total project investment.",,2023-03-15,2027-07-01,,"Mar 31, 2023, 02:00 ET",production start-up in 2027/2028,"The Ingleside City Council will take up the second reading of the special use permit on Tuesday, December 9.",,US,1B-or-2000-jobs
128,2026-09-10T07:32:03Z,128,Analog Devices Beaverton Wafer Fab Expansion,Semiconductors,OR,2023-07,1000000000,,2024,unconfirmed,EXPANSION IN PROGRESS; existing fab producing (Jan 2025 CHIPS non-binding memo up to $105M across 3 sites),-4.0,-4.0,P,"Expansion of ADI's Beaverton fab (built 1978, ADI's largest wafer fab by volume): cleanroom to ~118,000 sq-ft, nearly doubling 180nm-and-above capacity, on top of ~950 existing Oregon employees. Jan 16, 2025 CHIPS non-binding memorandum for up to $105M covers Beaverton + Camas WA + Chelmsford MA (~500 jobs across all sites, not Beaverton-specific).",https://www.analog.com/en/newsroom/press-releases/2023/7-26-2023-adi-invests-more-than-1billion-semiconductor-facility-oregon.html,https://oregoncapitalchronicle.com/2025/01/16/high-tech-company-with-operations-in-beaverton-wins-105-million-in-chips-funding/,"promise_source timed out on WebFetch and curl; read via https://web.archive.org/web/2023id_/<URL>. Release promises 'hundreds' of jobs with no number, so promised_jobs left empty; capital clears the floor. actual_first_output unconfirmed: this is an expansion of an already-running 1978 fab (exit c), not a new line, and status_source does not confirm the expansion started producing. Promised completion date (2024) taken from status_source ('due to be finished last year'); the promise release states no date.",,2023-07-15,2024-07-01,,"Beaverton, OR Jul 26 2023","In 2023, the company announced plans for a $1 billion expansion in Beaverton that was due to be finished last year.",unconfirmed,,US,1B-or-2000-jobs
129,2026-09-10T07:33:31Z,129,ENTEK Lithium Separators Terre Haute,Battery,IN,2023-03,1500000000,642,2026,pending,UNDER CONSTRUCTION; DOE disbursed first $77.2M of up-to-$1.3B loan (Sept 2025),-1.0,-1.0,P,"Lithium-ion battery separator plant, Vigo County Industrial Park II, Terre Haute. DOE (Sept 17, 2025) announced disbursement of $77,217,590 against an up-to-$1.3B DOE loan; DOE cites ~763 construction jobs and 635 operations jobs upon completion.",https://entek.com/news/posts/entek-announces-location-of-first-lithium-battery-separator-plant-in-indiana-to-power-growing-domestic-electric-vehicle-market/,https://www.energy.gov/edf/articles/doe-approves-loan-disbursement-entek-supporting-american-manufacturing-and-securing,promised first-output source gives a 2025-2027 window ('launch its Indiana operations between 2025-2027'); promised_first_output token set to the 2026 midpoint. Jobs figures differ: 642 direct jobs at announcement vs 635 operations jobs per DOE (Sept 2025).,,2023-03-15,2026-07-01,,"TERRE HAUTE, Ind. (March 22, 2023)",The company plans to break ground on the campus as soon as engineering and permitting is completed and launch its Indiana operations between 2025-2027.,The project is expected to create approximately 763 construction jobs and 635 operations jobs in Terre Haute upon completion.,,US,1B-or-2000-jobs
130,2026-09-10T07:34:34Z,130,AbbVie Durham Manufacturing Campus,Pharmaceuticals,NC,2026-04,1400000000,734,2028,pending,"PRE-CONSTRUCTION; construction slated to begin 2026, no groundbreaking reported",-1.0,-1.0,P,"185-acre campus near Research Triangle Park; first-phase small-volume parenteral (SVP) sterile-injectable drug-product manufacturing plus next-gen labs and warehouse, serving immunology, neuroscience and oncology medicines. Described as AbbVie's largest-ever single-campus capital investment; U.S. center of excellence for SVP manufacturing.",https://news.abbvie.com/2026-04-22-AbbVie-Selects-North-Carolina-for-New-1-4-Billion-Manufacturing-Campus,https://www.commerce.nc.gov/news/press-releases/2026/04/22/governor-stein-announces-abbvie-build-new-14-billion-manufacturing-campus-durham,"promised_first_output token reflects the campus completion date the source gives (end of 2028); the sources state construction completion, not an explicit first-production/first-output date",,2026-04-15,2028-07-01,,"AbbVie Selects North Carolina for New $1.4 Billion Manufacturing Campus (April 22, 2026)","Construction will begin this year, with completion expected by the end of 2028","Construction will begin this year, with completion expected by the end of 2028",,US,1B-or-2000-jobs
131,2026-09-10T07:38:01Z,131,DENSO Manufacturing Tennessee (DMTN) Maryville electrification expansion,Other,TN,2017-10,1000000000,1000,n/a,2018-12,PRODUCING; plant operating and manufacturing inverters for hybrid vehicles and electrification components,1.2,-3.0,P,"Expansion of DENSO's existing Maryville plant (DMTN, established 1988) to add electrification (EV inverter) and advanced-safety production, making it a North American hub. Lead reports ~4,500 employees across DENSO's Tennessee sites as of 2025.",https://tnecd.com/news/governor-haslam-commissioner-rolfe-and-denso-announce-1-billion-investment-expansion-in-maryville/,https://www.denso.com/us-ca/home/about-us/company-information/us/dmtn/,"Other used; candidate new sector: Auto Parts/Components (DENSO makes automotive electronic components/inverters, not vehicle assembly). status_source (denso.com DMTN page) returned 403 to WebFetch and to curl with a browser UA; read via web.archive.org snapshot (https://web.archive.org/web/2025id_/https://www.denso.com/us-ca/home/about-us/company-information/us/dmtn/) which confirms the plant manufactures inverters for hybrid vehicles and electrification components but gives no first-output date. actual_first_output dated to Dec 2018 via third sources (PRNewswire release 2018-12-14 'DENSO Announces U.S. Production of Electrification Product'; autocarpro 2018-12-17 'Denso begins production'); a secondary unverified claim of ~April 2019 for inverter line transfer exists but could not be cited verbatim. Promise announcement stated no target production date. promised_jobs ~1,000 is below the 2,000-jobs floor but capital ($1B) clears the $1B floor.",,2017-10-15,,2018-12-15,"October 6, 2017",unconfirmed,This marks the first production applications of DENSO's next-generation power modules,https://www.prnewswire.com/news-releases/denso-announces-us-production-of-electrification-product-as-automakers-shift-to-electric-vehicles-300765821.html https://www.autocarpro.in/news-international/denso-begins-electrification-in-us-with-nextgen-inverters-41601,US,1B-or-2000-jobs
132,2026-09-10T07:38:54Z,132,Diamond Green Diesel Port Arthur,Chemicals and Plastics,TX,2021-01,1450000000,,2023 (second half),2022 (late),"PRODUCING; ~470M gal/yr renewable diesel, SAF upgrade underway (expected Q1 2025)",1.7,-1.0,P,"50/50 JV of Darling Ingredients and Valero Energy, adjacent to Valero's Port Arthur refinery. Capacity ~470 million gal/yr renewable diesel. Began operations late 2022, ahead of the announced second-half-2023 target. A $315M SAF upgrade (converting ~50% of capacity to sustainable aviation fuel) was expected to complete Q1 2025 per Jan 2024 reporting. No promised_jobs figure stated in the sources.",https://www.sec.gov/Archives/edgar/data/916540/000091654021000003/exhibit991pressreleasedgd.htm,https://biofuels-news.com/news/joint-saf-project-in-texas-due-for-completion-in-2025/,,,2021-01-15,2023-10-01,2022-10-01,"Jan. 28, 2021",This new plant is anticipated to commence operations in the second half of 2023.,"The new 470 million gallons per year renewable diesel plant near Valero's Port Arthur, Texas, refinery began operations in late 2022.",,US,1B-or-2000-jobs
133,2026-09-10T07:42:20Z,133,NOVONIX Enterprise South (Chattanooga),Battery,TN,2024-12,,500,2028,pending,"PRE-CONSTRUCTION; intended site selected, land purchase-and-sale agreement pending City/County approvals; full production targeted by end of 2028",-1.0,-1.0,P,"31,500 tpa battery-anode synthetic graphite plant in the Enterprise South Industrial Park; second mass-production plant alongside NOVONIX's existing 20,000 tpa Riverside facility in Chattanooga (planned combined >50,000 tpa by 2028). Backed by a conditional DOE LPO direct loan of up to US$754.8 million ($692M principal + $62.8M capitalized interest) partially financing the facility. Binding offtake agreements cited with Panasonic Energy, Stellantis and PowerCo.",https://www.manufacturingdive.com/news/novonix-secures-755m-doe-loan-tennessee-synthetic-graphite-facility/736073/,https://ir.novonixgroup.com/news-releases/news-release-details/novonix-announces-intended-location-new-synthetic-graphite,"No total project capital figure is stated in either cited source; the only dollar figure is a conditional DOE loan of up to US$754.8M described as PARTIAL financing of the facility, so promised_capital_usd is left empty and the $1B capital floor is not established from these sources (direct jobs ~450-500 are below the 2,000-job floor). Jobs discrepancy: promise_source states '450 operational jobs', status_source (company release) states '500 full-time jobs' (used 500). Promised date is a full-production-capacity target ('by the end of 2028'), not a distinct first-output date. status_source read via web.archive.org snapshot (https://web.archive.org/web/2025/https://ir.novonixgroup.com/news-releases/news-release-details/novonix-announces-intended-location-new-synthetic-graphite); the original 403s to fetch.",,2024-12-15,2028-07-01,,"On 16 December 2024, the Company announced a conditional commitment from the U.S. Department of Energy (“DOE”) through the Loan Programs Office (“LPO”) for a direct loan of up to US$754.8 million","NOVONIX Enterprise South is expected to reach full production capacity of 31,500 tonnes per annum (“tpa”) by the end of 2028 and is anticipated to create 500 full-time jobs.","announced today the intention to enter a purchase and sale agreement with the City of Chattanooga, Tennessee and Hamilton County, Tennessee for the land to be used for NOVONIX’s second mass production plant, NOVONIX Enterprise South.",,US,1B-or-2000-jobs
134,2026-09-10T07:43:49Z,134,"Amplify Cell Technologies Battery Cell Factory (Marshall County, MS)",Battery,MS,2024-07,2000000000,2000,2027,pending,"UNDER CONSTRUCTION; DELAYED, production postponed from 2027 to 2028",-1.0,-1.0,P,"~2 million sq ft, 500-acre site, ~21 GWh/yr LFP battery cells; JV of Accelera by Cummins (30%), Daimler Truck (30%), PACCAR (30%) with EVE Energy as technology partner (10%). Committed capital stated as a range of $2 to $3 billion; recorded the low end ($2B). Per PACCAR's quarterly report (electrive, 2025-10-22), start of production postponed from 2027 to 2028.",https://northamerica.daimlertruck.com/news-stories/2024/amplify-cell-technologies-a-joint-venture-between-accelera-by-cummins-daimler-truck-and-paccar-begins-construction-of-mississippi-battery-cell-factory,https://www.electrive.com/2025/10/22/us-cell-production-by-truck-alliance-delayed-til-2028/,"promised_capital_usd stated as a $2-3B range; recorded the $2B low end. announced=2024-07 is the groundbreaking date given by promise_source; the lead summary mentions a 2023 site selection, but neither cited source dates that, so the datable anchor is the July 2024 groundbreaking.",,2024-07-15,2027-07-01,,"Byhalia, Mississippi – July 1, 2024 – Amplify Cell Technologies, a joint venture between Accelera™ by Cummins, the zero-emissions business unit of Cummins Inc. [NYSE: CMI], Daimler Trucks & Buses US Holding LLC [a Daimler Truck Group Company; DAX: DTR0CK; ""Daimler Truck""] and PACCAR [NASDAQ: PCAR], recently broke ground at its new battery cell manufacturing plant in Marshall County, Mississippi.","Amplify plans to begin battery cell production in 2027 and is expected to create more than 2,000 U.S. manufacturing jobs.",production will not start until 2028,,US,1B-or-2000-jobs
135,2026-09-10T07:45:23Z,135,"Merck Center of Excellence for Pharmaceutical Manufacturing, Elkton",Pharmaceuticals,VA,2025-10,3000000000,500,2029,pending,"UNDER CONSTRUCTION; groundbreaking Oct 2025, completion targeted 2029; not yet producing",-1.0,-1.0,P,"Active pharmaceutical ingredient and small-molecule drug-product plant at Merck's existing Elkton (Rockingham County), Virginia site. Per virginiabusiness.com, the $3B/500-job scope is an increase from the original scope of a $2 billion facility creating 300 jobs. 400,000 sq ft; ~8,000 construction jobs cited (not counted as direct promised jobs).",https://www.merck.com/news/merck-breaks-ground-on-3-billion-center-of-excellence-for-pharmaceutical-manufacturing-in-elkton-virginia/,https://virginiabusiness.com/merck-3-billion-pharma-manufacturing-facility-elkton/,"Re-announcement: original scope was ~$2B/300 jobs, scaled to $3B/500 jobs (per virginiabusiness.com); the original announcement date is not in the lead's sources, so anchored on the Oct 20, 2025 groundbreaking both sources date. promised_first_output reflects the stated completion-by-2029; neither cited source gives an explicit first-production/initial-output date (the lead summary's ~2028 initial production is not stated in either source).",,2025-10-15,2029-07-01,,"Merck breaks ground on $3 billion Center of Excellence for pharmaceutical manufacturing in Elkton, Virginia (press release dated October 20, 2025)",it is expected to be completed by 2029,Construction will begin before the end of the year,,US,1B-or-2000-jobs
136,2026-09-10T07:46:16Z,136,Saronic Port Alpha Shipyard,Aerospace and Defense,TX,2026-07,3000000000,10000,2028,pending,"SITE SELECTED; construction not yet begun (anticipated 2026), operations targeted 2028",-1.0,-1.0,P,"More-than-$3B next-generation shipyard to mass-produce autonomous/unmanned naval vessels at the Port of Brownsville, Cameron County, TX. Capital recorded as $3B ('more than $3 billion'); up to 10,000 direct jobs. Saronic's existing Franklin, LA facility is already producing the Marauder vessel, but Port Alpha itself is not yet under construction or producing.",https://www.prnewswire.com/news-releases/saronic-to-build-port-alpha-americas-next-generation-shipyard-in-brownsville-texas-302827961.html,https://www.navalnews.com/naval-news/2026/07/saronic-port-alpha-shipyard-texas-autonomous-naval-vessels/,,,2026-07-15,2028-07-01,,"BROWNSVILLE, Texas, July 16, 2026 /PRNewswire/",Port Alpha expected to open for operations in 2028,"Construction is anticipated to begin in 2026, with Port Alpha expected to open for operations in 2028.",,US,1B-or-2000-jobs
137,2026-09-10T07:47:46Z,137,Toyota Texas San Antonio Tacoma Assembly Line Expansion,Auto Assembly,TX,2026-07,3600000000,2000,2030,pending,"ANNOUNCED; planning stage, new assembly line not yet under construction",-1.0,-1.0,P,Second vehicle assembly line at Toyota Texas (San Antonio) to assemble the Tacoma alongside Tundra and Sequoia; adds 2.5M sq ft. Tacoma production shifts from Toyota Motor Manufacturing Baja California (Mexico) over an approximate four-year period. A separate rear axle facility on the same campus is nearing startup and begins production this fall (2026).,https://pressroom.toyota.com/toyota-announces-3-6b-expansion-2000-new-jobs-at-its-san-antonio-plant/,https://www.foxbusiness.com/markets/toyota-invest-3-6b-plant-expansion-shift-tacoma-production-from-mexico-texas,promise_source (pressroom.toyota.com) returned HTTP 403 to WebFetch and to curl with a browser UA; read via web.archive.org snapshot (https://web.archive.org/web/2026/https://pressroom.toyota.com/toyota-announces-3-6b-expansion-2000-new-jobs-at-its-san-antonio-plant/); the original 403s. promised_first_output 2030 read from 'doubling its size by 2030' plus the ~four-year Tacoma production transition; the release gives no explicit start-of-production date for the new assembly line.,,2026-07-15,2030-07-01,,"SAN ANTONIO (July 6, 2026) – Toyota Motor North America (TMNA) announced it will invest $3.6 billion to expand its San Antonio manufacturing campus with a second vehicle assembly line to support the Tacoma truck.","The expansion will create 2,000 new, high-quality jobs and add 2.5 million square feet to Toyota Texas, doubling its size by 2030. TMNA will transition Tacoma production from Toyota Motor Manufacturing Baja California (TMMBC) to the expanded Toyota Texas plant over an approximate four-year period.",announced planning stage; new second assembly line not yet under construction or producing,,US,1B-or-2000-jobs
138,2026-09-10T07:50:03Z,138,U.S. Steel Mon Valley Works Hot Strip Mill (Edgar Thomson),Steel,PA,2026-06,2500000000,,n/a,pending,PLANNING; pre-construction — hot strip mill not yet under construction (as of July 2026),-1.0,-1.0,P,"New hot strip mill at Edgar Thomson Works, Braddock PA, replacing an 87-year-old mill at the Irvin Plant (West Mifflin) that will be decommissioned. Part of Nippon Steel's larger promised ~$11B U.S. Steel investment (Nippon expects to complete overall investment by end of 2028). Sources cite preservation of roughly 3,000 existing Mon Valley Works jobs plus nearly 3,200 indirect and induced jobs over three years — no new direct-job-creation figure stated. New slag recycler expected to break ground September 2026; hot strip mill construction estimated at ~2 years.",https://www.publicsource.org/us-steel-plan-mon-valley-investment/,https://www.axios.com/local/pittsburgh/2026/07/17/us-steel-mon-valley-upgrades-project,"Announcement dated June 8, 2026 (a Monday) per promise_source, not June 9 as in the lead summary. status_source (Axios) 403s to WebFetch; read via curl with a browser user-agent. promised_jobs left empty: sources cite preservation of ~3,000 existing jobs + ~3,200 indirect/induced, with no new direct-job-creation figure. No production/first-output date stated (only ~2 years of construction).",,2026-06-15,,,"U.S. Steel plans to invest up to $2.5 billion into upgrades to its Mon Valley Works, which it forecasts will generate $1.7 billion for the state's economy, according to a Monday report from the steelmaking giant.","The planned new hot strip mill will take approximately two years of construction, the company wrote in an economic impact analysis.","U.S. Steel hosted an open house for reporters and community members in Braddock to detail plans for a new hot strip mill, slag recycler and community benefits.",,US,1B-or-2000-jobs
139,2026-09-10T07:51:23Z,139,Waaree Solar Americas Brookshire,Solar,TX,2023-12,1000000000,1500,2024-Q4,2025-01,PRODUCING; expanding capacity,1.1,0.2,P,"Initial nameplate promised 3 GW/yr; commercial production commenced January 2025 at 1.6 GW. April 2025 the company announced doubling Texas capacity to 3.2 GW; further expansion targets 5 GW by 2027 and an integrated solar cell facility. 546,000 sq ft in Brookshire, TX (outside Houston).",https://www.solarpowerworldonline.com/2023/12/waaree-to-open-3-gw-solar-panel-manufacturing-factory-in-texas-in-2024/,https://www.pv-magazine.com/2025/04/10/waaree-energies-to-double-its-solar-module-manufacturing-in-texas/,,,2023-12-15,2024-11-15,2025-01-15,"December 21, 2023",The 3-GW panel assembly factory should become operational by the fourth quarter of 2024.,"Waaree Solar Americas, a unit of India's Waaree Energies, has started commercial production of solar modules at its 1.6 GW factory in Brookshire, Texas.",https://www.pv-magazine.com/2025/01/24/waarees-1-6-gw-solar-factory-in-texas-starts-commercial-production/,US,1B-or-2000-jobs
140,2026-09-10T07:53:02Z,140,Röhm Bay City MMA Plant,Chemicals and Plastics,TX,2021-06,1600000000,70,2024 (first half),2025 (first half),AT VOLUME,3.8,1.0,P,"First C2-based MMA plant in North America, 250,000 t/yr, using Röhm's LiMA technology; Röhm owned by Advent International, OQ Chemicals supplies feedstock. Groundbreaking Oct 27, 2022. Officially opened / reached worldwide-first full industrial scale June 2026; ~90 employees reported at status. Promised completion shifted: announcement targeted mechanical completion 2023, groundbreaking release said completion early 2024.",https://www.roehm.com/en/detail/rohm-to-build-mma-plant-on-us-gulf-coast,https://www.chemicalprocessing.com/industrynews/news/55382793/rohm-reaches-full-scale-operation-at-16b-texas-methyl-methacrylate-plant,"promise_source does not state capital; $1.6B taken from status_source headline. actual_first_output date is derived from a relative statement ('just one year after its successful start-up') in the Apr 1, 2026 ramp-up release, so start-up is dated to ~first half of 2025 rather than an explicit day. Promised-completion discrepancy: announcement (2021) targeted mechanical completion 2023, groundbreaking release (2022) said completion early 2024.",https://www.roehm.com/en/detail/rohm-and-oq-chemicals-break-ground-on-new-world-scale-methyl-methacrylate-production-plant-at-bay-city-texas,2021-06-15,2024-04-01,2025-04-01,"Press release 'Röhm to build MMA plant on US Gulf Coast', dated June 30, 2021","Once completed in early 2024, the new plant will produce 250,000 metric tons of MMA annually and create 70 direct jobs.","Just one year after its successful start-up, the facility is now operating steadily at routine capacity",https://www.roehm.com/en/detail/rohm-completes-ramp-up-four-reactor-mma-production-now-fully-running-in-bay-city,US,1B-or-2000-jobs
141,2026-09-10T07:54:56Z,141,GM Spring Hill Assembly EV Conversion (Cadillac LYRIQ),Auto Assembly,TN,2020-10,2000000000,,n/a,2022-03,PRODUCING; reducing from two shifts to one for the first five months of 2026 amid slower EV demand,1.4,-3.0,P,"Plant now also builds the Cadillac Vistiq; GM plans to add Chevy Blazer combustion production at Spring Hill in 2027. GM's investor.gm.com release 403s to automated clients, so the promise is cited via GM's PR Newswire distribution of the same Oct 20, 2020 announcement.",https://www.prnewswire.com/news-releases/gm-investing-2-billion-to-transition-spring-hill-tennessee-plant-to-build-electric-vehicles-including-cadillac-lyriq-301155945.html,https://www.electrive.com/2025/09/05/general-motors-slows-down-on-electric-suv-production/,"status_source confirms the plant is producing but does not date first output; dated it via GM's official launch release (start of retail production 2022-03-21), cited in actual_date_source. Lead summary said 'late 2022', but GM's release dates start of retail production to March 21, 2022. Promise source gives no promised first-output date ('Launch timing ... released at a later date'). No direct-jobs figure stated in the promise source; clears the size floor on the $2B capital figure.",,2020-10-15,,2022-03-15,"General Motors Co. (NYSE: GM) announced today that its Spring Hill, Tennessee assembly plant will begin the transition to become the company's third vehicle manufacturing site to produce electric vehicles.",Launch timing and additional product details will be released at a later date.,"Today, General Motors marks another major milestone in its commitment to an all-electric future as Cadillac formally celebrates the beginning of retail production of the 2023 Cadillac LYRIQ at GM's Spring Hill, Tennessee, assembly plant.",https://news.gm.com/home.detail.html/Pages/news/us/en/2022/mar/0321-lyriq.html,US,1B-or-2000-jobs
142,2026-09-10T07:55:57Z,142,"UCB Biologics Manufacturing Facility (Rowen, Gwinnett County)",Pharmaceuticals,GA,2026-03,2000000000,330,n/a,pending,ANNOUNCED; planning/pre-construction phase,-1.0,-1.0,P,"The '$5 billion' cited in the promise headline is total economic impact, not capital investment; the ~$2B capital investment figure comes from the pharmaceutical-technology status source. ~330 permanent direct jobs are below the 2,000-job floor, so capital ($2B) is what clears the size floor. No promised or actual first-output date stated in either source (newly announced).",https://www.prnewswire.com/news-releases/ucb-selects-georgia-for-new-us-biologics-manufacturing-facility-5b-economic-impact-and-330-permanent-jobs-302723535.html,https://www.pharmaceutical-technology.com/news/ucb-2bn-georgia-gwinnett-county-biologics-manufacturing-facility/,"Announcement-date discrepancy: promise_source (PR Newswire) dates it March 24, 2026; status_source (pharmaceutical-technology) dates it March 25, 2026 — anchored on the primary release, 2026-03. Capital figure differs by source framing: PR Newswire cites $5B total economic impact (not capital); $2B capital investment taken from status_source.",,2026-03-15,,,"UCB Selects Georgia for New U.S. Biologics Manufacturing Facility ... March 24, 2026","the facility will produce complex Biologics 24/7 primarily for the U.S. market ""Once operational"" (no production timeline stated)","planning/site-selection phase; UCB has selected the Georgia location, no construction begun",,US,1B-or-2000-jobs
143,2026-09-10T07:57:14Z,143,"Braidy Industries Aluminum Rolling Mill (Unity Aluminum), Greenup County KY",Other,KY,2017-04,1300000000,550,2020,never,"CANCELLED; never built — missed financing deadlines, renamed Unity Aluminum, project relocated out of KY; state recouped $15M and ~205-acre site donated back by Sept 2022",-2.0,-2.0,P,"Capital later cited ~$1.6B; original announcement figure ($1.3B) used per re-announcement discipline. ~1,000 construction jobs excluded from promised_jobs (direct only = 550). Company renamed Unity Aluminum; Steel Dynamics partnered and relocated the aluminum-mill project out of Kentucky. Kentucky recouped its $15M seed investment by Sept 2022 and ~205 acres plus a spec building were donated back to the Northeast Kentucky Regional Industrial Authority. Mill never produced anything, as construction never commenced.",https://www.lanereport.com/76442/2017/04/braidy-industries-to-create-550-jobs-with-1-3b-aluminum-rolling-mill-in-eastern-kentucky/,https://www.kentuckytoday.com/news/state-recoups-15-million-from-failed-braidy-industries-project/article_f0bd2e70-4029-11ed-8faf-33fbfd4f4fec.html,Other used; candidate new sector: Aluminum/Primary Metals (aluminum rolling mill for automotive/aerospace sheet & plate; Steel does not fit). promise_source 403s to WebFetch; read via curl with browser user agent per fallback ladder step 2 (HTTP 200).,,2017-04-15,2020-07-01,,"WURTLAND, Ky. (April 26, 2017) – Gov. Matt Bevin and executives from Braidy Industries Inc. today announced the company will build a $1.3 billion aluminum mill and create 550 advanced manufacturing jobs in Greenup County","The company expects construction to begin in early 2018, with completion in 2020.",The $15 million awarded to a company in the final days of the 2017 General Assembly for an aluminum plant in the Ashland area...was never built,,US,1B-or-2000-jobs
144,2026-09-10T07:58:15Z,144,SpaceX Terafab Grimes County,Semiconductors,TX,2026-08,16800000000,3000,n/a,pending,"PRE-CONSTRUCTION; JETI tax abatement finalized, groundbreaking expected within months",-1.0,-1.0,P,"First phase capital of more than $16.8B and 3,000 permanent direct jobs. As of Aug 2026 the county JETI tax-abatement agreements are signed and active and SpaceX calls it a 'done deal', but the plant is pre-construction; renderings expected within days and construction within months. 100-million-sq-ft vertically integrated fab (logic, memory, advanced packaging).",https://gov.texas.gov/news/post/governor-abbott-announces-spacex-expansion-in-grimes-county,https://www.kbtx.com/2026/08/06/spacex-confirms-terefab-project-is-done-deal-reps-meet-face-to-face-with-grimes-county-residents/,Neither source states a promised or actual first-output date; plant is pre-construction so promised_first_output=n/a and actual_first_output=pending.,,2026-08-15,,,"August 6, 2026 | Austin, Texas",unconfirmed,pending,,US,1B-or-2000-jobs
145,2026-09-10T07:59:37Z,145,Hanwha Philly Shipyard $5B Expansion,Other,PA,2025-08,5000000000,,n/a,unconfirmed,"PRODUCING; ~1 ship/year today, $5B buildout underway toward up to 20 ships/year",-4.0,-4.0,P,"$5B infrastructure plan to expand an already-operating yard (Hanwha acquired Philly Shipyard in Dec 2024 for $100M). Buildout adds docks/quays and reviewed block-assembly facility to raise output from ~1 ship/year to up to 20; product mix is LNG carriers, MR oil/chemical tankers, and naval modules/blocks. Source notes 'first tanker expected to be delivered by early 2029' for Hanwha Shipping's tanker order (not a stated completion date for the buildout). Hanwha also weighing a second U.S. yard.",https://www.prnewswire.com/news-releases/hanwha-announces-5-billion-philly-shipyard-investment-as-part-of-s-koreas-commitment-to-us-shipbuilding-growth-302539519.html,https://maritime-executive.com/article/report-hanwha-ocean-looks-to-expand-in-us-with-possible-second-shipbuilder,"Other used; candidate new sector: Shipbuilding. First output is exit (c): the $5B is an expansion adding capacity to a yard already producing (~1 ship/year), not a new-facility first output, so promised/actual first output left unconfirmed. No direct promised-jobs figure stated in either source; promised_jobs left empty. Clears floor on capital ($5B).",,2025-08-15,,,"PHILADELPHIA, Aug. 26, 2025 /PRNewswire/ -- Hanwha Group announced a $5 billion infrastructure plan for Hanwha Philly Shipyard",unconfirmed,unconfirmed,,US,1B-or-2000-jobs
146,2026-09-10T08:02:10Z,146,Toyota Indiana BEV SUV (Princeton),Auto Assembly,IN,2024-04,1400000000,340,n/a,pending,PRE-PRODUCTION; Princeton BEV SUV line not yet in production,-1.0,-1.0,P,"$1.4B is the initial April 25, 2024 announcement for the Princeton (Toyota Indiana) facility; the release also cites $8B cumulative total investment in Toyota Indiana and $18.6B across all US operations since 2021 (cumulative context, not this project). Adds a battery-pack assembly line using lithium-ion cells from Toyota Battery Manufacturing North Carolina. Distinct from Toyota's separate $1.3B Kentucky BEV SUV project.",https://pressroom.toyota.com/toyota-charges-up-investment-and-jobs-in-u-s-manufacturing/,https://www.carscoops.com/2026/04/toyota-us-ev-lineup-expansion/,"promise_source 403s to WebFetch and curl; read via https://web.archive.org/web/2024id_/https://pressroom.toyota.com/toyota-charges-up-investment-and-jobs-in-u-s-manufacturing/ (original 403s). promise_source states no start-of-production date for the Princeton BEV (only the separate NC battery plant carries a 2025 date), so promised_first_output=n/a. status_source (Carscoops, Apr 2026) covers Toyota's Kentucky EV plans and mentions Indiana only in passing ('$1 billion to expand plants in Kentucky and Indiana'); it does not date or directly confirm Princeton BEV status, but establishes the Kentucky Highlander will be the first electric Toyota built in North America, so Princeton has not produced yet (actual_first_output=pending).",,2024-04-15,,,"PRINCETON, Ind. (April 25, 2024) – Toyota will prepare for assembly of an all-new, three row battery electric SUV in the U.S. as part of a new $1.4 billion investment in its Princeton facility",unconfirmed,"It will be the first electric Toyota built in North America, assembled in Kentucky, with batteries sourced from North Carolina.",,US,1B-or-2000-jobs
147,2026-09-10T08:03:57Z,147,"Johnson & Johnson Cell Therapy Manufacturing Facility (Lower Gwynedd, PA)",Pharmaceuticals,PA,2026-02,1000000000,500,n/a,pending,PRE-CONSTRUCTION,-1.0,-1.0,P,"Cell therapy manufacturing for cancer/immune-mediated/neurological diseases on a 154-acre parcel in Lower Gwynedd Township, Montgomery County, PA. Capital stated as 'more than $1 billion' (recorded as the $1B floor). 500 figure is direct biomanufacturing jobs; the 4,000 construction jobs are excluded. Distinct from J&J's separate ~$2B Wilson, NC biologics site. Per WHYY, Pennsylvania is committing $41.5 million in tax credits and grants. Lead summary's claimed timeline (construction 2H 2026, production 2031) is NOT stated in either cited source, so it is not recorded on the row.",https://www.jnj.com/media-center/press-releases/johnson-johnson-expands-u-s-footprint-with-more-than-1-billion-investment-in-next-generation-cell-therapy-manufacturing-facility-in-pennsylvania,https://whyy.org/articles/johnson-and-johnson-cell-therapy-plant-pennsylvania/,"promised_first_output not dated by either source (WHYY: no opening date set); token set to tbd. Announcement date discrepancy: J&J release dateline reads February 18, 2026; WHYY article is dated February 20, 2026 (likely its publication date) — both resolve to 2026-02. Lead summary's 2H-2026 construction and 2031 production dates are not found in either cited source.",,2026-02-15,,,"New Brunswick, N.J. – FEBURARY 18, 2026 – Johnson & Johnson (NYSE: JNJ) ... today announced a more than $1 billion investment in a next generation cell therapy manufacturing facility in Montgomery County, Pennsylvania.","Neither Johnson & Johnson nor Pennsylvania state officials set an opening date for the new plant, but stated it will be operated by subsidiary company, Janssen Biotech.",The project is pre-construction; neither source reports first output. Neither Johnson & Johnson nor Pennsylvania state officials set an opening date for the new plant.,,US,1B-or-2000-jobs
148,2026-09-10T08:05:19Z,148,DG Fuels St. James Parish SAF Complex,Chemicals and Plastics,LA,2023-03,3100000000,1055,n/a,pending,"PRE-CONSTRUCTION; pre-FEED, final investment decision targeted Q3 2026",-1.0,-1.0,P,"Original 2023 announcement: ~$3.1B, 1,055 direct jobs, up to 178 million gal/yr SAF on a 3,000-acre site in St. James Parish. Scope later grown to ~$8B and ~200 million gal/yr with Samsung E&A appointed contractor (Nov 2025) - treated as a re-announcement per rule 4, not summed into promised_capital_usd. Neither cited source states an explicit commercial-production year.",https://www.opportunitylouisiana.gov/news/dg-fuels-proposes-3-1-billion-sustainable-aviation-fuel-complex-in-st-james-parish,https://dgfuels.com/2025/11/10/dg-fuels-appoints-samsung-ea-as-contractor-for-saf-project-in-st-james/,"No explicit promised commercial-production date stated in either cited source; announcement gives only a ~3-year construction timeline after an FID expected end-2023, so promised_first_output left as n/a.",,2023-03-15,,,"March 21, 2023","Construction of the facility is expected to take approximately three years, following a final investment decision expected by the end of the year",SAMSUNG E&A is expected to begin the FEED for its dedicated portion of the project before the end of 2025.,,US,1B-or-2000-jobs
149,2026-09-10T08:06:36Z,149,Gron Fuels Renewable Fuel Complex (Port of Greater Baton Rouge),Other,LA,2020-11,9200000000,1025,2025,pending,PRE-FID; STALLED; operational target pushed to 2027 (as of April 2024),-1.0,-1.0,P,"Greenfield renewable-fuels complex (sustainable aviation fuel, renewable diesel, renewable naphtha, renewable propane) at Port of Greater Baton Rouge, near Port Allen, LA. Capital up to $9.2B over several phases; FID originally expected 2021, all phases potentially by 2030. Design re-phased to build the SAF portion first while awaiting finalized IRA rules; operational target pushed from 2025 to 2027. No public update found since the April 29, 2024 status source, so the project appears to have gone quiet/stalled.",https://www.opportunitylouisiana.gov/news/gron-fuels-announces-potential-9-2-billion-renewable-fuel-complex-in-louisiana,https://www.1012industryreport.com/projects/heres-the-latest-on-baton-rouges-massive-gron-fuels-project/,"Other used; candidate new sector: Renewable Fuels (SAF/renewable diesel biorefinery, fits no closed sector). promised_first_output (2025) is stated in status_source, not promise_source. Status is stale as of 2024-04-29; no more-recent public update found.",,2020-11-15,2025-07-01,,"November 10, 2020",Originally expected to begin production in 2025,"Pre-FID (awaiting final investment decision) as of April 29, 2024",,US,1B-or-2000-jobs
150,2026-09-10T08:07:40Z,150,Nacero Penwell gas-to-gasoline plant,Other,TX,2021-04,6500000000,350,n/a,pending,"STALLED; Clean Air Act construction permits canceled Oct. 10, 2024; project delayed by at least six years, never built",-1.0,-1.0,P,"Greenfield natural-gas-to-gasoline (GTG) facility in Penwell, Ector County, TX. Announced capital stated as a range $6.5B-$7B; recorded the lower/initial $6.5B. Phase one 70,000 bbl/day, phase two 100,000 bbl/day of lower-carbon gasoline. 350 direct permanent jobs is below the 2,000-jobs floor, but capital clears the $1B floor.",https://www.rigzone.com/news/7b_gasoline_manufacturing_facility_planned_for_texas-26-apr-2021-165256-article/,https://news.oilandgaswatch.org/template/brief/permits-canceled-for-proposed-natural-gas-to-liquids-plant-in-west-texas,"Neither source states a promised first-output date; recorded promised_first_output=n/a. Plant never built (permits canceled before construction), so actual_first_output=pending. Other used; candidate new sector: Fuels / gas-to-liquids (synthetic gasoline). Announced capital given as range $6.5B-$7B; recorded lower bound.",,2021-04-15,,,"Monday, April 26, 2021",unconfirmed,pending,,US,1B-or-2000-jobs
151,2026-09-10T08:09:14Z,151,Corning Solar Ingot and Wafer Plant Richland Township,Solar,MI,2024-02,900000000,1100,2025 (second half),2025-Q3,PRODUCING; ramping (came online Q3 2025),1.5,-0.1,P,"Original Feb 27, 2024 announcement: up to $900M and over 1,100 direct jobs, co-located with Hemlock Semiconductor polysilicon. Expanded May 1, 2025 to $1.5B total (an additional $600M) and 1,500 total jobs (400 more) - a re-announcement per rule 4, not summed into promised_capital_usd. Billed as the largest US solar ingot/wafer facility; targeting daily wafer production over one million by end of Q4 2025.",https://www.manufacturingdive.com/news/corning-900-million-solar-component-facility-richland-township-michigan/709085/,https://www.pv-tech.org/corning-brings-online-wafer-plant-in-q3-targets-daily-wafer-production-one-million/,"Original announcement figures ($900M, 1,100 direct jobs) clear neither the $1B nor the 2,000-job floor; the project cleared the $1B floor only via the May 1, 2025 expansion to $1.5B / 1,500 jobs (recorded in notes, not in promised_capital_usd per re-announcement discipline).",https://www.manufacturingdive.com/news/corning-1-point-5-billion-solar-wafer-plant-expansion-richland-township-michigan/746775/,2024-02-15,2025-10-01,2025-08-15,"Announcement Date: February 27, 2024",Production at the now $1.5 billion factory...is expected to come online in the second half of the year,"US solar manufacturer Corning has started ingot and wafer production at its Michigan plant, during the third quarter of 2025.",,US,1B-or-2000-jobs
152,2026-09-10T08:11:07Z,152,HIF Matagorda eFuels Facility,Chemicals and Plastics,TX,2022-04,6000000000,125,2026,pending,"PRE-CONSTRUCTION; planned deployment, Electric Hydrogen selected as electrolyzer supplier; not yet producing",-1.0,-1.0,P,"~200M gallons/yr of carbon-neutral eFuels from captured CO2 and green hydrogen. ~3,000 direct construction-phase jobs promised (not counted in promised_jobs, which counts only the 125+ permanent operating jobs).",https://www.prnewswire.com/news-releases/hif-global-selects-matagorda-county-texas-for-efuels-facility-301535725.html,https://eh2.com/hif-global-texas-efuels-project/,"status_source (eh2.com) only confirms the project is a planned future deployment with Electric Hydrogen as electrolyzer supplier; it does not date first output or state a development phase, consistent with the plant not yet producing (actual_first_output = pending).",https://gov.texas.gov/news/post/governor-abbott-announces-highly-innovative-fuels-selection-of-matagorda-county-for-efuels-facility-in-bay-city,2022-04-15,2026-07-01,,"Announcement Date: April 28, 2022",expect to start construction in 2023 and produce eFuels from the pioneering HIF Matagorda eFuels facility in 2026,status_source describes the facility as a planned future deployment in future tense; no first-output date and not yet producing,,US,1B-or-2000-jobs
153,2026-09-10T08:12:27Z,153,Linde Clean Hydrogen Complex Beaumont,Chemicals and Plastics,TX,2023-02,1800000000,,2025,pending,"UNDER CONSTRUCTION; co-located ammonia plant ~97% complete, Linde hydrogen supply expected 2026",-1.0,-1.0,P,"Linde-owned clean-hydrogen and industrial-gas complex (autothermal reforming with carbon capture plus a large air-separation unit) in Beaumont, TX, supplying clean hydrogen and nitrogen over-the-fence to OCI's (now Woodside) 1.1 MTPA blue ammonia plant. Originally announced start-up 2025; per late-2025 status the neighboring ammonia plant reached first production late 2025 and Linde's hydrogen supply is expected from 2026.",https://www.linde.com/news-and-media/2023/linde-to-invest-1-8-billion-to-supply-clean-hydrogen-to-oci-s-world-scale-blue-ammonia-project-in-the-u-s-gulf-coas,https://www.pv-magazine.com/2025/10/24/the-hydrogen-stream-woodside-progresses-with-its-ammonia-and-hydrogen-projects-in-texas-and-western-australia/,"Announcement dated February 6, 2023 in the source, not Feb 15 as the lead summary states (both resolve to 2023-02). No promised-jobs figure stated in the sources; capital $1.8B clears the floor alone. status_source (pv-magazine) reports on the co-located OCI/Woodside Beaumont New Ammonia plant (97% complete, first ammonia production late 2025), not Linde's hydrogen plant directly, and does not date Linde's first output; Linde's plant is not yet producing (hydrogen supply expected 2026), so actual_first_output = pending.",,2023-02-15,2025-07-01,,"Woking, UK, February 6, 2023 - Linde (NYSE:LIN; FWB:LIN) announced today that it has signed a long-term agreement to supply clean hydrogen",Linde's total investment will be approximately $1.8 billion and the project is expected to start up in 2025.,The 1.1 million tonnes per annum (MTPA) Beaumont New Ammonia Project is 97% complete,,US,1B-or-2000-jobs
154,2026-09-10T08:16:10Z,154,Merck Durham Vaccine Bulk-Substance Facility,Pharmaceuticals,NC,2025-03,1000000000,,n/a,unconfirmed,"CLOSING; Gardasil bulk-substance production being wound down at the Durham site, 154 layoffs effective by May 1, 2026",-4.0,-4.0,P,"New $1B, 225,000-sq-ft bulk-substance plant on Merck's Durham NC campus (occupied since 2004), opened March 11, 2025 and described as 'slated to produce bulk substance' for Gardasil/Gardasil 9 HPV vaccine. By Feb 2026 Merck notified state officials (notice dated Feb. 24) it would wind down Gardasil production at the site and lay off 154 workers (147 at 5352 Old Oxford Road + 7 at 100 Rodolphe Street) effective by May 1, 2026, citing a ~39% worldwide drop in Gardasil demand. Lead summary cites an original ~2021 project announcement, but no cited source dates it.",https://www.merck.com/news/merck-unveils-new-facility-to-increase-vaccine-production-capacity/,https://spectrumlocalnews.com/nc/charlotte/news/2026/02/28/merck-durham-layoffs-gardasil,"announced anchor (2025-03) reflects the March 11, 2025 facility OPENING documented by promise_source, not the original ~2021 project announcement cited in the lead summary, which no cited source dates (searching for the announcement date is out of scope). promised_first_output n/a: no cited source states a target production date; at opening the plant was 'slated to produce' bulk substance. actual_first_output unconfirmed: status_source establishes the site was producing (winding down Gardasil production) but does not date first output; searched WebSearch plus opening coverage (fiercepharma.com, biopharmadive.com) and found no source dating when/whether the new facility reached first output before the Feb 2026 wind-down. No promised_jobs figure in the cited sources ('1,000 people' is total campus employment). fiercepharma.com read via curl browser UA (HTTP 403 to WebFetch).",,2025-03-15,,,"March 11, 2025 6:45 am EDT ... Merck ... announced today the opening of a new, $1 billion, 225,000-square-foot facility",unconfirmed,Drugmaker Merck will lay off over 150 workers in Durham as it winds down production of an HPV vaccine,,US,1B-or-2000-jobs
155,2026-09-10T08:17:18Z,155,"L3Harris Virginia Advanced Propulsion Facilities (VAPF), Orange County",Aerospace and Defense,VA,2026-04,1265000000,350,n/a,pending,"ANNOUNCED; design/planning phase, not yet under construction",-1.0,-1.0,P,"Solid rocket motor production expansion (VAPF) more than doubling the existing 256,000 sq ft of manufacturing space (mixing, grinding, casting and final assembly) for DoD programs. Builds on a smaller ~$41M April 2024 modernization at the same site. Capital cited as ~$1.265B in the L3Harris release and rounded to $1.3B by Manufacturing Dive.",https://www.l3harris.com/newsroom/press-release/2026/04/l3harris-announces-billion-dollar-expansion-orange-county-virginia,https://www.manufacturingdive.com/news/l3harris-technologies-orange-virginia-expansion-advanced-propulsion-facilit/817591/,"Announcement date differs between sources: L3Harris release dated Apr 15, 2026; Manufacturing Dive article dated Apr 16, 2026. Capital figure differs: $1.265B (L3Harris release) vs $1.3B (Manufacturing Dive). No promised production/first-output date or groundbreaking date disclosed in either source (project in planning stage as of Apr 2026).",,2026-04-15,,,"Apr 15, 2026",tbd,pending,,US,1B-or-2000-jobs
156,2026-09-10T08:18:42Z,156,"Highland Materials Polysilicon Plant (Project Rocks), Phipps Bend TN",Solar,TN,2024-04,1000000000,400,2027 (late),pending,"PRE-CONSTRUCTION; engineering phase, on-site construction scheduled Q4 2026",-1.0,-1.0,P,"Solar-grade polysilicon plant ('Project Rocks') at former Phipps Bend nuclear site, Hawkins County (Surgoinsville), TN; classified Solar as a solar-supply-chain manufacturing facility (upstream polysilicon feedstock rather than cells/panels). Secured US$255.6M federal 48C tax credit April 2024. Initial capacity 16,000 t/yr rising to 20,000 t/yr within four years. ~140 acres of land secured. $1B total project cost from status_source. Construction start given as H2 2026 (pv-tech) / Q4 2026 (constructionreviewonline), consistent.",https://highlandmaterials.com/highland-materials-secures-us255-6-million-48c-tax-credit-to-build-polysilicon-plant-in-the-us/,https://constructionreviewonline.com/highland-materials-to-build-16000-mt-polysilicon-solar-manufacturing-facility-in-tennessee/,,https://www.pv-tech.org/highland-materials-to-begin-polysilicon-plant-construction-in-h2-2026/,2024-04-15,2027-10-01,,"April 23, 2024",reaching a commercial operation date in late 2027 or very early 2028,"actively progressing through its engineering phase, with on-site construction scheduled to begin in the fourth quarter of 2026",,US,1B-or-2000-jobs
157,2026-09-10T08:21:09Z,157,Martinez Renewable Fuels,Chemicals and Plastics,CA,2021-03,1200000000,,2022,2023-11-19,PRODUCING renewable diesel; operating amid USW Local 5 strike-turned-lockout and understaffing (2026),2.7,1.4,P,"Conversion of the idled 113-year-old Martinez, CA refinery to renewable diesel; full nameplate ~730 million gallons/year targeted with build to full capacity in 2023. First processing-unit startup Nov 19, 2023 caused a fatality-injury fire. Company laid off 700 workers in 2020 and had ~220 when it resumed operations as a renewable fuel refinery in 2023. Capital figure ~$1.2bn per promised_date_source (nsenergybusiness); the promise_source press release states no dollar figure or job count.",https://www.marathonpetroleum.com/Newsroom/Company-News/Marathon-Petroleum-to-Proceed-with-Conversion-of-Martinez-Refinery-to-Renewable-Fuels-Facility/,https://insideclimatenews.org/news/23072026/california-biofuel-refinery-worker-safety/,"promise_source and status_source both 403'd to WebFetch; read via curl with a browser user agent (HTTP 200). Lead summary says announced 2020; promise_source press release is dated Mar 2, 2021 (board approval to proceed) and is used as the anchor. No promised_jobs stated in any source; promised_capital_usd taken from promised_date_source (nsenergybusiness), as promise_source states no figure.",https://www.nsenergybusiness.com/projects/marathon-martinez-renewable-fuels-project/,2021-03-15,2022-07-01,2023-11-19,"Business News Mar 2, 2021 ... Marathon Petroleum Corporation (NYSE: MPC) announced today that its Board of Directors has approved plans to convert its Martinez, California, refinery into a renewable fuels manufacturing facility.","The Martinez facility is expected to start producing renewable diesel in 2022, with a build to full capacity in 2023.","Shortly after midnight on Nov. 19, 2023, while a processing unit at the Marathon Martinez Renewable Fuels refinery was starting up for the first time, hydrogen and diesel leaking from an overheated metal tube ignited into a massive blaze",,US,1B-or-2000-jobs
158,2026-09-10T08:28:52Z,158,"Enterprise Products PDH 2, Mont Belvieu",Chemicals and Plastics,TX,2019-09,,,2023 (first half),2023-07,"OPERATING; in service since July 2023 (PDH 2 listed as operating asset, 25 MBPD net capacity)",3.8,0.3,P,"Second propane dehydrogenation (PDH) plant at Enterprise's Mont Belvieu, Tex. complex; consumes up to 35,000 b/d of propane and produces up to 1.65 billion lb/year of polymer-grade propylene (per OGJ). FY2024 10-K asset table: PDH 2, Texas, 100.0% ownership, 25 MBPD plant capacity.",https://ir.enterpriseproducts.com/news-releases/news-release-details/enterprise-build-pdh-2-plant-supported-long-term-agreements/,https://www.sec.gov/Archives/edgar/data/1061219/000106121925000006/form10k.htm,"promise_source (Enterprise IR release) unreachable: WebFetch timed out on every attempt, curl returned HTTP 403, and no Wayback snapshot exists, so promised_capital_usd could not be confirmed from it. promised_date_source (OGJ) states the PDH 2 EPC and licensing contracts were disclosed 'without disclosing values of either the EPC or technology licensing contracts', and gives no jobs figure. No readable lead source states promised_capital_usd or promised_jobs, so the row may not clear the $1B-or-2000-jobs floor. Actual first output dated July 2023 per FY2024 10-K.",https://www.ogj.com/refining-processing/refining/article/14040697/enterprise-to-add-pdh-plant-at-mont-belvieu,2019-09-15,2023-04-01,2023-07-15,"Sept. 26, 2019",is scheduled to begin service in first-half 2023,"our PDH 2 facility, which was placed into service in July 2023",,US,1B-or-2000-jobs
159,2026-09-10T08:29:50Z,159,Baystar Ethane Cracker Port Arthur,Chemicals and Plastics,TX,2018-06,1700000000,60,2020,2022-07,PRODUCING; commercial operations since July 2022,4.1,2.0,P,"50/50 JV of Total/TotalEnergies and Novealis Holdings (a Borealis-NOVA Chemicals JV). 1 Mt/y ethylene capacity. Initial groundbreaking figure $1.7B; TotalEnergies startup release later cited 'almost $2 billion'. Peak construction jobs ~1,500 (not counted as direct); ~60 permanent full-time jobs once operational.",https://www.prnewswire.com/news-releases/bayport-polymers-llc-celebrates-groundbreaking-ceremony-for-new-ethane-cracker-in-port-arthur-texas-300659131.html,https://totalenergies.com/newsroom/united-states-totalenergies-announces-start-new-ethane-cracker-port/?lang=eng,,,2018-06-15,2020-07-01,2022-07-15,"celebrates groundbreaking ceremony for new ethane cracker in Port Arthur, Texas; June 4, 2018",expected to start up in 2020,"Bayport Polymers LLC (""Baystar""), a 50/50 joint venture (JV) between TotalEnergies and Borealis, today announces the start-up of commercial operations of a new ethane cracker",,US,1B-or-2000-jobs
160,2026-09-10T08:34:25Z,160,"NXTClean Fuels Renewable Fuels Facility (Port Westward, Clatskanie)",Other,OR,2019,2500000000,240,2028 (second half),pending,"PRE-CONSTRUCTION; not yet under construction, awaiting final federal permit (US Army Corps draft EIS in public comment through Apr 20, 2026; Corps decision expected summer 2026); operations targeted late 2028-2029",-1.0,-1.0,P,"~$2.5B greenfield renewable diesel and sustainable aviation fuel refinery at Port Westward, Columbia County, OR; up to 50,000 barrels/day. ~240 permanent jobs and 2,000 construction jobs per both sources. Oregon state permitting: removal-fill and air permits 2022, local land use permits 2024, DEQ 401 water permit approved Jan 7, 2025; final hurdle is the US Army Corps of Engineers federal permit. Formerly NEXT Renewable Fuels.",https://biodieselmagazine.com/articles/nxtclean-fuels-receives-oregon-water-permit-approval-for-25-billion-clean-fuels-facility,https://columbiacountyspotlight.com/2026/03/31/nxtclean-fuels-moves-closer-to-development-public-comment-open/,"announced given only as year 2019 in status_source (leasing began 2019 with intent to construct); no month stated in either lead source and searching the announcement date is out of scope, so the strict YYYY-MM anchor cannot be sourced. sector set to Other (candidate new sector: Renewable Fuels / Biofuels Refining) - a fuels refinery fits none of the closed vocabulary. Lead summary said ~3,500 construction jobs but both sources state 2,000 construction / 240 permanent. promise_source (Biodiesel Magazine) 403s a default client; read via curl browser UA over HTTP/1.1, article body parsed from the page's embedded Next.js data.",,2019-07-01,2028-10-01,,"In 2019, NXTClean Fuels began leasing a 90-acre site at Port Westward with the intention of constructing a facility to manufacture renewable diesel and sustainable aviation fuels","Construction will take roughly two years, so we are still looking at operations in late 2028 or in 2029.","Groundbreaking for the facility has been delayed as the company has gotten tied up in Oregon's strict permitting process ... “If we get federal approval this year, then we can start moving dirt and get into full construction,” a company spokesperson said",,US,1B-or-2000-jobs
161,2026-09-10T08:37:12Z,161,Montana Renewables MaxSAF Expansion (Great Falls),Chemicals and Plastics,MT,2024-10,1200000000,40,2028,unconfirmed,"PRODUCING; expansion ramping (~60M gal/yr SAF now, target ~200M gal/yr by end 2028)",-4.0,-4.0,P,"Expansion of Montana Renewables' Great Falls refinery, which has operated since late 2022 (~140M gal/yr biofuels; ~60M gal/yr SAF currently). Financing is a $1.67B DOE loan facility ($1.44B principal + $233M capitalized interest); conditional commitment Oct 16 2024, closed Jan 10 2025; Phase 1 $782M funded Feb 2025. Original MaxSAF expansion estimated ~$1.2B toward ~315M gal/yr; revised (Sep 2026) to ~$137M remaining capital, with the final DOE Phase 2 draw cut to $34M (from ~$658M) by repurposing adjacent Calumet asphalt-plant equipment. Ramp targets: >80M gal/yr end 2026, >120M spring 2027, ~200M gal/yr end 2028.",https://www.energy.gov/edf/articles/doe-announces-167-billion-montana-renewables-significantly-expand-us-sustainable,https://bioenergytimes.com/montana-renewables-cuts-saf-expansion-cost-targets-200-million-gallons-by-2028/,"promised_capital_usd uses the ~$1.2B original project estimate (status_source); promise_source headlines a $1.67B/$1.44B DOE loan facility, which is financing rather than project capital -- distinction recorded in notes. actual_first_output left unconfirmed (exit c): this is an expansion of a refinery already operating (SAF produced before the expansion), so no distinct first-output date applies. promised_jobs=40 direct operations jobs (450 peak construction jobs excluded); row is in scope on capital, not jobs.",,2024-10-15,2028-07-01,,"conditional commitment announced October 16, 2024",End of 2028: Reach approximately 200 million gallons per year,Montana Renewables currently produces SAF at an estimated rate of 60 million gallons per year following constraint-removal work completed during a spring 2026 turnaround.,,US,1B-or-2000-jobs
162,2026-09-10T08:38:08Z,162,USA BioEnergy Advanced Biorefinery Bon Wier,Chemicals and Plastics,TX,2022-02,1700000000,142,n/a,pending,"IN DESIGN & ENGINEERING; 1,600+ acres acquired, construction not yet started",-1.0,-1.0,P,"Scope later grown to a $2.8B re-announcement with ~200 permanent jobs (status_source, 2025-01-14) - not summed into promised_capital_usd per re-announcement discipline. 20-year SAF offtake agreement with Southwest Airlines (up to 680M gallons). Status source states construction expected to take ~2 years after engineering concludes, followed by a 6-8 month commissioning period, but gives no calendar year for first output.",https://gov.texas.gov/news/post/governor-abbott-announces-new-1.7-billion-usa-bioenergy-advanced-biorefinery-in-bon-wier,https://usabioenergy.com/bon-wier-land-purchase/,"No source states a calendar year for promised first output; status_source gives only a relative timeline (~2yr construction + 6-8mo commissioning after engineering completes), so promised_first_output left as n/a.",,2022-02-15,,,"February 15, 2022 | Austin, Texas",unconfirmed,"USABE's planned $2.8 billion greenfield facility in Bon Weir, Texas, is currently in detailed design and engineering",,US,1B-or-2000-jobs
163,2026-09-10T08:39:39Z,163,"World Energy SAF Hub Expansion, Paramount",Chemicals and Plastics,CA,2022-04,2000000000,,n/a,never,CANCELLED; Air Products terminated the expansion agreement and is exiting the site (Feb 2025); World Energy's pre-existing smaller SAF operations continue,-2.0,-2.0,P,$2B refinery-to-SAF conversion targeting 340M gal/yr (~700% output increase) using Honeywell UOP Ecofining technology. Air Products' exit is part of a pretax charge not to exceed $3.1B across three exited projects (also a Massena green hydrogen facility and a Texas carbon monoxide project).,https://www.prnewswire.com/news-releases/world-energy-secures-permits-will-completely-convert-its-southern-calif-refinery-to-create-north-americas-largest-worlds-most-advanced-sustainable-aviation-fuel-hub-301531135.html,https://www.biobased-diesel.com/post/air-products-to-exit-world-energy-s-saf-expansion-project-in-paramount-california,"promised_jobs omitted: release's 'more than 18,000 jobs' is a 2019-2024 regional economic-contribution figure, not direct jobs; no direct-jobs figure stated. No promised first-output date stated in either source, so promised_first_output=n/a. Expansion cancelled per status_source (Feb 2025), so actual_first_output=never.",,2022-04-15,,,"April 22, 2022",unconfirmed,"Air Products has terminated the agreement with World Energy for the sustainable aviation fuel (SAF) expansion project in Paramount, California, and is managing its overall exit from the site.",,US,1B-or-2000-jobs
164,2026-09-10T08:40:39Z,164,"Octapharma Critical-Care Manufacturing Facility, Rock Hill",Pharmaceuticals,SC,2026-07,1500000000,1500,2035,pending,"PRE-CONSTRUCTION; final approvals secured, production expected mid-2030s",-1.0,-1.0,P,"Octapharma's first U.S. manufacturing facility, a plasma-derived critical-care/biologics production campus at Palmetto Research Park (former Carolina Panthers HQ site), ~50-acre site in Rock Hill, York County. Press release states groundbreaking and construction timeline to be released later.",https://www.octapharma.com/news/press-release/2026/octapharma-to-build-1-5-billion-state-of-the-art-critical-care-manufacturing-facility-in-rock-hill-sc,https://www.wfae.org/business/2026-07-29/octapharma-finalizes-1-5-billion-rock-hill-project-bringing-1-500-jobs,Announcement date differs between sources: WFAE dates it 2026-07-29; Octapharma press-release stamp reads 30/07/2026 (both 2026-07). promised_first_output ('mid-2030s') stated only in status_source (WFAE); press release gives no production date. token 2035 is the mid-2030s midpoint.,,2026-07-15,2035-07-01,,30/07/2026,Production is expected to begin in the mid-2030s.,Production is expected to begin in the mid-2030s.,,US,1B-or-2000-jobs
165,2026-09-10T08:42:18Z,165,Microporous Lithium-Ion Battery Separator Plant (Southern Virginia Megasite),Battery,VA,2024-11,1350000000,2015,n/a,pending,"UNDER CONSTRUCTION; groundbreaking May 22, 2026; completion targeted Q3 2027; not yet producing",-1.0,-1.0,P,"Two-phase build on Lot 1 of the Southern Virginia Megasite (Berry Hill), Danville/Pittsylvania County. Original 2024-11 announcement: $1.35B and 2,015 direct jobs. Later cited $1.6B investment and 'more than 1,800' jobs at the May 2026 groundbreaking are re-announcements per rule 4; original anchor figures used. Distinct site/company from the ENTEK separator plant.",https://www.vedp.org/press-release/2024-11/microporous-pittsylvania,https://www.danville-va.gov/m/newsflash/home/detail/6587,"No source states a promised production/first-output date; status_source only dates construction completion (targeted Q3 2027), which is completion, not first output — promised_first_output left as n/a. actual_first_output pending: plant under construction as of the May 22, 2026 groundbreaking, not yet producing.",,2024-11-15,,,"Published: 11.13.2024 — ""RICHMOND, VA — Governor Glenn Youngkin today announced that Microporous LLC, a leading manufacturer of battery separators, will invest $1.35 billion to establish a new manufacturing facility in Pittsylvania County.""","Construction is expected to take 14 months, with completion targeted for Q3 2027.","The City of Danville, in partnership with Pittsylvania County, marked a major milestone for the region on Friday, May 22, celebrating the start of construction on the Microporous lithium-ion battery separator manufacturing facility.",,US,1B-or-2000-jobs
166,2026-09-10T08:44:39Z,166,"SSAB green steel hydrogen DRI plant, Perry County",Steel,MS,2024-03,,540,n/a,pending,"WITHDRAWN; SSAB pulled out of DOE up-to-$500M award negotiations (Jan 2025); project future uncertain, not explicitly cancelled",-1.0,-1.0,P,"DOE Industrial Demonstrations selection announced Mar 25, 2024; up to $500M federal cost share. The stated '$1 billion investment' in the promise source covers two facilities combined (Perry County, MS and Middletown, OH), not Perry County alone. Hydrogen-ready iron-making using HYBRIT fossil-free DRI, relying on green hydrogen from Hy Stor Energy, which in fall 2024 canceled an electrolyzer capacity reservation citing a 'difficult market environment' and whose founder departed in October 2024. Neither cited source states the ~$3.5B facility value mentioned in the lead summary.",https://magnoliatribune.com/2024/03/25/mississippi-selected-as-one-of-two-first-of-their-kind-green-steel-facilities/,https://www.canarymedia.com/articles/green-steel/ssab-quietly-pulls-out-of-500m-green-steel-award-negotiations,"promised_capital_usd left empty: the only dollar figure in the cited sources is a '$1 billion investment... being made in to two facilities - one in Perry County, Mississippi, and the other in Middletown, Ohio', so it cannot be attributed to this single project; the lead summary's ~$3.5B appears in neither source. Direct permanent jobs are 540, below the 2,000-jobs floor, so the row clears neither size threshold. actual_first_output left 'pending': the status source states SSAB withdrew from DOE award negotiations but that the project is not explicitly cancelled. No source states a promised or actual first-output date.",,2024-03-15,,,"Mississippi is getting one of the first two of their kind hydrogen-ready iron-making facilities, the Department of Energy's Office of Clean Energy Demonstrations has announced. (article published March 25, 2024)",unconfirmed,pending,,US,1B-or-2000-jobs
167,2026-09-10T08:46:09Z,167,Slate Auto Warsaw EV Assembly Plant,Auto Assembly,IN,2025-04,400000000,2000,2026-Q4,pending,"PRE-PRODUCTION; factory nearing production, deliveries targeted Q4 2026, not yet producing",-1.0,-1.0,P,"Conversion of the former RR Donnelly & Sons printing plant (1.4M sq ft) near Warsaw, Kosciusko County, IN. Slate Auto based in Troy, MI. Status source (June 30, 2026) reports 180,000+ reservations and base price $24,950.",https://www.21alivenews.com/2025/04/30/ev-startup-slate-auto-plans-warsaw-production-facility-bringing-2000-jobs/,https://www.inkfreenews.com/2026/06/30/slate-auto-begins-electric-truck-preorders-warsaw-factory-nears-production/,"promise_source (21alive) states 2,000+ jobs but no capital figure; promised_capital_usd of $400M taken from status_source ('The company is investing nearly $400 million'), approximate. status_source read via curl browser UA (HTTP 200) after WebFetch returned HTTP 403.",,2025-04-15,2026-11-15,,Slate first announced plans to redevelop the Warsaw plant in April 2025.,expecting to make its first customer deliveries by the end of next year,as the startup prepares to launch production at the refurbished RR Donnelly manufacturing plant in Warsaw,,US,1B-or-2000-jobs
168,2026-09-10T08:46:59Z,168,USA Rare Earth Blacksburg magnet and metal plant,Other,SC,2026-06,1200000000,490,2028-04,pending,"UNDER CONSTRUCTION; broke ground Sep 9, 2026",-1.0,-1.0,P,"800,000 sq ft on a 124-acre site in Bailey Industrial Park, Cherokee County; producing sintered NdFeB permanent magnets and strip-cast metal/alloy. Status source (groundbreaking release) states commissioning targeted to begin in 2028; the announcement release states operations online in April 2028.",https://governor.sc.gov/news/2026-06/usa-rare-earth-inc-selects-cherokee-county-first-south-carolina-operation,https://www.globenewswire.com/news-release/2026/09/09/3358813/0/en/usa-rare-earth-breaks-ground-on-advanced-rare-earth-metal-and-magnet-manufacturing-facility-in-blacksburg-south-carolina.html,"Other used; candidate new sector: Rare Earth Metals and Magnets. Announcement date discrepancy: lead summary says June 2, 2026, but the governor's release is dated/states June 3, 2026.",,2026-06-15,2028-04-15,,"USA Rare Earth, Inc. selecting Cherokee County for its first South Carolina operation (June 3, 2026)",Operations are expected to be online in April 2028,USA Rare Earth breaks ground on advanced rare earth metal and magnet manufacturing facility; commissioning targeted to begin in 2028,,US,1B-or-2000-jobs
169,2026-09-10T08:51:19Z,169,"Gevo Net-Zero 1 (NZ1 / ATJ-30), Lake Preston",Chemicals and Plastics,SD,2022-09,,90,2025,pending,"PRE-FID; withdrew DOE loan-guarantee application, pursuing alternative financing, targeting financing by end of 2026",-1.0,-1.0,P,"Net-Zero 1 SAF plant on 245 acres in Lake Preston, SD; designed for 55 MGPY SAF (65 MGPY total hydrocarbons) plus animal feed/protein and corn oil. Release says ~1,000 construction jobs and ~90 full-time once operational; official construction expected to begin in 2023 and construction financing to close in 2023. Project later rebranded ATJ-30. Status source (2026-04-15) notes withdrawal from DOE financing process.",https://investors.gevo.com/news-releases/news-release-details/gevo-breaks-ground-its-first-commercial-scale-sustainable,https://www.globenewswire.com/news-release/2026/04/15/3274935/23976/en/Gevo-Withdraws-from-Department-of-Energy-Financing-Process-and-is-Developing-Alternative-Financing-for-its-ATJ-30-Project.html,"promise_source timed out on WebFetch and 403s to curl; read via https://web.archive.org/web/2022/https://investors.gevo.com/news-releases/news-release-details/gevo-breaks-ground-its-first-commercial-scale-sustainable. Neither cited source states a project capital figure (promise release only says 'multi-billion-dollar business' as boilerplate; status release discloses no figure), so promised_capital_usd is left empty; direct jobs (~90) is the only size figure and is below the 2,000 floor, so the cited sources do not establish the size floor (the lead summary mentions ~$1B project cost and up to $1.46B DOE loan guarantee, but neither appears in the linked pages).",,2022-09-15,2025-07-01,,"ENGLEWOOD, Colo., Sept. 15, 2022 (GLOBE NEWSWIRE) -- Gevo, Inc. (NASDAQ: GEVO) is pleased to announce the groundbreaking of its first commercial-scale sustainable aviation fuel (SAF) facility, Net-Zero 1 (NZ1).",This project schedule is expected to allow Gevo to begin delivery of initial volumes of SAF in 2025 to fulfill a portion of existing supply agreements.,developing other funding opportunities to meet its goal of financing the company's Alcohol-to-Jet (ATJ)-30 plant by end of 2026,,US,1B-or-2000-jobs
170,2026-09-10T08:52:33Z,170,Smithfield Foods Sioux Falls Processing Facility,Food and Beverage,SD,2026-02,1300000000,,2028-Q4,pending,"PRE-CONSTRUCTION; in city permitting/TIF and regulatory approvals; site work targeted spring 2026, groundbreaking H1 2027, production by end of 2028",-1.0,-1.0,P,"Greenfield combined packaged-meats and fresh-pork facility (up to $1.3B, ~1.1M sq ft on a 211-acre Foundation Park site) that would replace the century-old Sioux Falls plant. Highly automated. Timeline contingent on infrastructure, permitting, construction conditions and final board design approval.",https://investors.smithfieldfoods.com/news-events/press-releases/detail/1432/smithfield-foods-to-build-new-state-of-the-art-processing-facility-in-sioux-falls-south-dakota,https://hpj.com/2026/03/28/smithfield-plans-1-3b-sioux-falls-plant/,"promised_jobs left empty: the 3,200 figure in the sources is current employment at the existing plant being replaced, not a count of new direct jobs promised for the highly-automated new facility; no new-jobs figure is published. Row clears the $1B floor on capital alone.",,2026-02-15,2028-11-15,,"Press release 'Smithfield Foods to Build New State-of-the-Art Processing Facility in Sioux Falls, South Dakota,' dated February 16, 2026",Production at the new facility is expected to start by the end of 2028 if the project moves forward.,"The project remains subject to permitting, regulatory approvals and final design approval by the company's board of directors.",,US,1B-or-2000-jobs
171,2026-09-10T08:54:07Z,171,ExxonMobil Baytown Chemical Expansion (Vistamaxx + Linear Alpha Olefins),Chemicals and Plastics,TX,2019-05,2000000000,,2022,2023-09-19,PRODUCING; both units in service since 2023-09-19,4.3,1.2,P,"$2B expansion adding a Vistamaxx performance-polymer unit (~400,000 t/yr) and a linear-alpha-olefins unit (~350,000 t/yr) at the Baytown, TX complex. Startup originally targeted for 2022; both units entered service Sept 19, 2023 per status source. Status source reports 200 direct employees at full operation.",https://corporate.exxonmobil.com/news/news-releases/2019/0502_exxonmobil-announces-2-billion-baytown-chemical-expansion-project,https://www.ogj.com/refining-processing/petrochemicals/article/14299153/exxonmobil-completes-chemical-expansion-at-baytown-complex,"promised_jobs left empty: promise_source cites only ~2,000 construction jobs (excluded as non-direct); the only direct-jobs figure (200 at full operation) comes from status_source, not the promise. Capital ($2B) clears the size floor.",,2019-05-15,2022-07-01,2023-09-19,"ExxonMobil announces $2 billion Baytown chemical expansion project (news release dated May 2, 2019)",expected to start up in 2022,"Entered into service on Sept. 19, the two units include a performance polymer line equipped to produce 400,000 tonnes/year (tpy) of Vistamaxx and Exact-branded polymer modifiers, as well as a linear alpha olefins unit designed to produce 350,000 tpy of Elevexx-branded products, ExxonMobil said.",,US,1B-or-2000-jobs
172,2026-09-10T08:56:42Z,172,Philip Morris International ZYN Campus (Aurora),Other,CO,2024-07,600000000,500,2025,2025-09,PRODUCING; ramping up (~170 of ~500 jobs filled),1.2,0.2,P,"Original July 2024 announcement: $600M over two years, 500 direct jobs. Later scaled to a planned $1.2B investment (2024-2028) as PMI adds capacity, equipment and infrastructure -- a re-announcement/expansion per rule 4, not summed into promised_capital_usd. Regular/volume production was promised for 2026 while preliminary operations (first products) were promised by end of 2025; first products actually made ~September 2025. 148-acre campus. Excludes ~1,000 indirect jobs and ~5,000 construction jobs.",https://www.pmi.com/media-center/press-releases/press-details?newsId=27881,https://www.axios.com/local/arapahoe/2026/07/27/philip-morris-zyn-production-campus-aurora,Other used; candidate new sector: Nicotine/Tobacco products. Size-floor caveat: the original anchor figures ($600M / 500 direct jobs) clear neither the $1B nor the 2000-job threshold; the ~$1.2B (2024-2028) is a later re-announcement/expansion per rule 4 and is not summed into promised_capital_usd. Axios status page 403s on default fetch; read via curl with a browser user agent.,,2024-07-15,2025-07-01,2025-09-15,"July 16, 2024-- Today, Philip Morris International Inc. (PMI) (NYSE: PM) announced an investment of $600 million over the next two years",plans to break ground on the new facility later this year and to begin preliminary operations by the end of 2025 with regular production starting in 2026,The company announced the site in 2024 as a $600 million project and began producing its first products last September,,US,1B-or-2000-jobs
173,2026-09-10T08:57:58Z,173,Integra Technologies Wichita OSAT Plant,Semiconductors,KS,2023-02,1800000000,2000,n/a,pending,"NOT STARTED; acquired by Micross Components Jan 2025, still contingent on federal CHIPS funding",-1.0,-1.0,P,"Greenfield ~1M sq ft OSAT plant and headquarters contingent on federal CHIPS Act funding; approved for state APEX incentives in 2023. Micross Components (NY) acquired Integra in Jan 2025. Announcement cited economic-impact estimate of ~3,161 indirect jobs (not counted).",https://www.kansascommerce.gov/2023/02/governor-kelly-announces-integra-technologies-to-invest-1-8b-create-nearly-2000-jobs-with-wichita-semiconductor-plant/,https://www.kwch.com/2025/01/18/ny-company-acquires-wichita-based-integra-technologies/,"Neither source states a promised first-output/production date, so promised_first_output left as n/a. Status source (Micross acquisition) confirms the project but does not report construction or production having begun; plant has not produced, so actual_first_output=pending.",,2023-02-15,,,"Governor Laura Kelly announced ... February 2, 2023 ... plans to invest $1.8 billion in a large-scale semiconductor facility in Wichita",unconfirmed,pending,,US,1B-or-2000-jobs
174,2026-09-10T08:58:40Z,174,MP Materials 10X Northlake,Other,TX,2026-02,1250000000,1500,2028,pending,"PRE-CONSTRUCTION; site selected, engineering and equipment acquisition underway, commissioning targeted 2028",-1.0,-1.0,P,"Greenfield 120-acre NdFeB rare-earth permanent-magnet manufacturing campus in Northlake, Denton County, TX; distinct from MP's existing Fort Worth 'Independence' magnet plant (<10 miles away). Capital 'more than $1.25 billion'; 'more than 1,500 direct manufacturing and engineering jobs'.",https://mpmaterials.com/news/mp-materials-selects-northlake-texas-as-the-site-of-10X-a-new-us-rare-earth-magnet-manufacturing-campus/,https://www.manufacturingdive.com/news/mp-materials-northlake-texas-10x-rare-earth-magnet-campus-defense-pentagon/813400/,Other used; candidate new sector: Rare-earth permanent magnets,,2026-02-15,2028-07-01,,02/26/2026,with commissioning set to commence in 2028,"Construction is forthcoming, though engineering and equipment acquisition are underway",,US,1B-or-2000-jobs
175,2026-09-10T09:00:00Z,175,GSK Upper Merion Biologics Flex Factory,Pharmaceuticals,PA,2025-09,1200000000,,n/a,pending,"PRE-CONSTRUCTION; construction expected to begin 2026, no groundbreaking reported",-1.0,-1.0,P,"New biologics 'flex' factory at GSK's existing Upper Merion (King of Prussia) campus, Montgomery County, PA, to make biologics for respiratory disease (COPD/asthma) and cancer. Part of GSK's broader $30bn US 5-year investment commitment.",https://www.gsk.com/en-gb/media/press-releases/gsk-to-invest-30-billion-in-rd-and-manufacturing-in-the-united-states-over-next-5-years/,https://dced.pa.gov/newsroom/gsks-new-investments-in-pennsylvania-will-further-boost-the-commonwealths-robust-life-sciences-industry/,"promised_capital_usd: the GSK release states 'The $1.2 billion investment includes: Construction of an additional new biologics flex factory at Upper Merion...' plus other capabilities; the $1.2bn is the package total and is not itemized to the factory alone. promised_first_output left as n/a: sources give only a construction start (2026), no promised production/first-output date. promised_jobs left empty: sources say only 'hundreds' of jobs, not quantified; capital clears the floor.",,2025-09-15,,,GSK to invest $30 billion in R&D and Manufacturing in the United States over next 5 years (17 September 2025),Construction is planned to commence in 2026,The company expects construction to begin in 2026,,US,1B-or-2000-jobs
176,2026-09-10T09:02:29Z,176,Ford Louisville Assembly Plant (Universal EV / Fathom),Auto Assembly,KY,2025-08,2000000000,2200,2027,pending,"RETOOLING COMPLETE; equipment install and quality verification continuing through end of 2026, preparing for Q1 2027 prototype production launch; not yet producing",-1.0,-1.0,P,"Sub-$30,000 midsize four-door electric pickup ('Fathom') on Ford's new Universal EV Production System; first plant to adopt it. Former home of Ford Escape / Lincoln Corsair. Investment secures ~2,200 hourly jobs (plant employed 3,000+ as of April 2024; retooled config ~600 fewer). Batteries from the separate $3B BlueOval Battery Park Michigan (not part of this project). Vehicle launch slated for 2027.",https://www.cnbc.com/2025/08/11/ford-louisville-assembly-plant-ev-investment.html https://www.detroitnews.com/story/business/autos/ford/2025/08/11/ford-louisville-assembly-investment-universal-ev-platform-production-system-assembly-tree/85582288007/,https://www.detroitnews.com/story/business/autos/ford/2026/08/13/ford-fathom-electric-ev-midsize-truck-louisville-assembly-plant/91278666007/,"Date discrepancy: status_source (Detroit News, Aug 13 2026) says 'Ford announced a $2 billion investment into the Louisville plant in October 2025', but promise_source (CNBC) and promised_date_source (Detroit News) both date the announcement Aug 11, 2025 (a Monday); announced=2025-08 follows the two Aug-11 sources. Detroit News pages returned 402/429 to direct fetch and were read via web.archive.org snapshots (originals paywalled); CNBC read via curl browser UA after WebFetch 403.",https://www.detroitnews.com/story/business/autos/ford/2025/08/11/ford-louisville-assembly-investment-universal-ev-platform-production-system-assembly-tree/85582288007/,2025-08-15,2027-07-01,,"Ford on Monday announced it would invest $2 billion in a Louisville, Kentucky, assembly plant aimed at rolling out more affordable electric vehicles.","The midsize, four-door pickup truck similar in exterior size to the Ford Maverick will launch in 2027 for the United States and export markets","the plant prepares for a first-quarter launch of prototype production of the sub-$30,000 Fathom",,US,1B-or-2000-jobs
177,2026-09-10T09:04:03Z,177,Hanwha Pine Bluff Arsenal Energetic Materials Plant,Aerospace and Defense,AR,2026-01,1300000000,,n/a,pending,"PRE-CONSTRUCTION; enhanced-use lease awarded, no groundbreaking yet",-1.0,-1.0,P,"U.S. Army awarded Hanwha Defense USA an enhanced-use lease covering approximately 1,065 acres at Pine Bluff Arsenal to build a ~$1.3B facility producing energetic materials (components used in explosives and propellants) for munitions. Agreement is preliminary, pending final negotiations and due diligence. Distinct from Hanwha's Philly Shipyard. Neither source states a promised or actual first-output date.",https://hanwhadefenseusa.com/news-articles/u-s-army-awards-lease-to-hanwha-at-pine-bluff-arsenal,https://www.deltaplexnews.com/local-news/pine-bluff-arsenal-receives-major-federal-funding-as-private-defense-projects-expand/,"promised_jobs omitted: only figure is ~200 stated as regional ('could create approximately 200 skilled jobs in the region'), which the direct-jobs rule excludes; capital alone clears the floor. status_source 403s to WebFetch; read via curl with browser user agent (step 2). No promised or actual first-output date stated by either source.",,2026-01-15,,,"Jan. 28, 2026",unconfirmed,pending,,US,1B-or-2000-jobs
178,2026-09-10T09:05:21Z,178,Encina Point Township Circular Manufacturing Facility,Chemicals and Plastics,PA,2022-04,1100000000,300,2024 (fall),never,CANCELLED; Encina withdrew the proposed project in April 2024 and it will not be built,-2.0,-2.0,P,"Advanced/chemical recycling (pyrolysis) plant to convert post-consumer plastics into BTX aromatic feedstock. Project proposed April 2022, never built. Inside Climate News (Apr 26 2024): 'A Giant Plastics Chemical Recycling Plant Planned for Pennsylvania Died After Two Years.' Encina said it was reviewing new, bigger locations overseas.",https://www.encina.com/encina-announces-1-1-billion-investment-in-new-advanced-manufacturing-facility-in-pennsylvania/,https://insideclimatenews.org/news/26042024/encina-pennsylvania-chemical-recycling-plant-canceled/,"Announcement date discrepancy: lead summary says April 21, 2022 but promise_source states April 7, 2022 (used 2022-04). status_source 403s to WebFetch; read via curl browser UA over HTTP/1.1.",,2022-04-15,2024-07-01,,"Northumberland, PA (April 7, 2022) – Encina announced plans today",the facility is expected to be fully operational by fall 2024,"Encina Development Group announced last week that it was pulling the plug on its proposed Point Township Circular Manufacturing Facility, two years after it announced the project would be built in a central Pennsylvania cornfield.",,US,1B-or-2000-jobs
