id,project,sector,state,announced,promised_capital_usd,promised_jobs,promised_first_output,actual_first_output,current_status,lag_years,slip_years,notes,promise_source,status_source,promised_date_source,announced_dt,promised_first_output_dt,actual_first_output_dt,actual_date_source,country,status,size_source,promised_capital_max
1,Micron Boise Idaho Memory Fab,Semiconductors,ID,2022-09,15000000000,2000,n/a,pending,"UNDER CONSTRUCTION; first fab scheduled to come online 2027, not yet producing",,,"Initial announcement was $15B through the end of the decade (Sep 1 2022); later scaled into a ~$50B two-fab Boise buildout per CNBC Aug 20 2026 - later figures are re-announcements/expansions, not summed. Announcement also cited 'over 17,000 new American jobs' total; 2,000 is the direct-Micron figure.",https://www.globenewswire.com/news-release/2022/09/01/2508617/0/en/Micron-to-Invest-15-Billion-in-New-Idaho-Fab-Bringing-Leading-Edge-Memory-Manufacturing-to-the-US.html,https://www.cnbc.com/2026/08/20/micron-boise-chip-fab-expansion.html,,2022-09-15,,,,US,under construction,,
2,Ford BlueOval City,Auto Assembly,TN,2021-09,5600000000,6000,2025,pending,"NOT IN PRODUCTION; delayed, EV plans dropped, gas-powered trucks now targeted for 2029",,,"An all-new $5.6 billion mega campus in Stanton, Tenn.; the $11.4B / ~11,000-jobs headline was the combined Tennessee + Kentucky announcement (Kentucky BlueOval SK Battery Park is a separate project). Original production target 2025. Ford-SK On JV (BlueOval SK) dissolved Dec 2025; Ford said it will no longer manufacture EVs at BlueOval City and will produce gas-powered Built Ford Tough trucks at the renamed Tennessee Truck Plant starting 2029; SK On Tennessee took full ownership of the battery plant (production targeted 2028).",https://media.ford.com/content/fordmedia/fna/us/en/news/2021/09/27/ford-to-lead-americas-shift-to-electric-vehicles.html,https://tennesseelookout.com/2026/07/23/what-to-know-about-fords-blueoval-city-plant-5-years-later/,,2021-09-15,2025-07-01,,,US,under construction,,
3,Steel Dynamics Sinton Flat Roll Steel Mill,Steel,TX,2019-07,1900000000,600,2021 (mid),2022 (early),OPERATING; ~2.2M tonnes produced 2024 vs ~2.7M-tonne nominal capacity,2.6,0.7,"Site selected/announced Jul 22, 2019 at ~$1.9B and ~600 direct jobs. Commencement of operations promised mid-2021 but startup slipped to 2022. Two EAFs, ~2,722k tpa nominal crude steel capacity; 2024 output ~2,204k tonnes (2,640k in 2023, 2,504k in 2022). GEM lists ~700 current workers.",https://www.prnewswire.com/news-releases/steel-dynamics-announces-planned-new-flat-roll-steel-mill-site-selection-300888920.html,https://www.sec.gov/Archives/edgar/data/1022671/000155837022002377/stld-20211231x10k.htm,,2019-07-15,2021-07-01,2022-03-01,https://www.sec.gov/Archives/edgar/data/1022671/000155837022002377/stld-20211231x10k.htm,US,producing,,
4,Qcells Cartersville Solar Factory,Solar,GA,2023-01,2500000000,2000,2024,2024-04,"PRODUCING; module assembly at full capacity, solar-cell production started, ramping to full vertical integration by Q3 2026",1.2,-0.2,"Vertically integrated Cartersville facility (ingots, wafers, cells, modules). The $2.5B is the combined January 2023 Georgia expansion figure (new Cartersville plant plus Dalton expansion); Qcells later cited over $3B total US investment (re-announcement, not summed). First finished modules rolled off at Cartersville ~April 2, 2024 (AJC); solar-cell production began June 9, 2026 (pv magazine USA), with full production expected Q3 2026.",https://georgia.org/press-release/qcells-more-double-production-georgia-create-2500-new-jobs,https://pv-magazine-usa.com/2026/06/09/qcells-begins-production-of-solar-cells-in-cartersville-georgia/,,2023-01-15,2024-07-01,2024-04-15,https://www.ajc.com/news/business/qcells-begins-producing-solar-panels-at-new-georgia-plant-in-cartersville/LA2MDGKHRFEK3GHQRBQ7YAB26E/,US,producing,,
5,"Formosa Plastics Sunshine Project (FG LA LLC), St. James Parish",Chemicals and Plastics,LA,2018-04,9400000000,1200,2025,pending,"NOT BUILT; major construction on hold, preconstruction permit extensions challenged in 2026 lawsuit; federal permits still outstanding",,,"Announced as the ~$9.4B 'Sunshine Project' petrochemical/plastics complex (ethylene, propylene, ethylene glycol, polymers). Promise source describes a 10-year, two-phase build with construction as soon as 2019; 2021 was the projected first year for hiring permanent jobs. No verbatim first-output date stated in the cited sources. Earthjustice (Feb 2026) notes the complex remains unbuilt eight years after announcement.",https://www.opportunitylouisiana.gov/news/formosa-selects-st-james-parish-for-9-4-billion-louisiana-project,https://earthjustice.org/press/2026/groups-sue-over-formosa-plastics-permit-extensions,,2018-04-15,2025-07-01,,,US,paused,,
6,TSMC Fab 21 Phoenix,Semiconductors,AZ,2020-05,12000000000,1600,2024,2024 (second half),AT VOLUME (N4 high-volume production),4.4,0.3,First fab (Fab 21 Phase 1) at high-volume N4 production since late 2024. Second/3nm fab accelerated toward 2027 (equipment install Q3 2026). $12B is the initial 2020 announcement figure; later Arizona expansion figures are re-announcements per rule 4 and not summed here.,https://pr.tsmc.com/english/news/2033,https://www.aztechcouncil.org/tsmc-moves-up-production-second-fab-html/,,2020-05-15,2024-07-01,2024-10-01,,US,producing,,
7,"SK Battery America Commerce, Georgia",Battery,GA,2018-11,1670000000,2000,n/a,2022 (first half),"OPERATING (downsized); 958 laid off Mar 2026, ~1,600 remain; pivoting to BESS after loss of Ford F-150 Lightning anchor",3.4,,"Two-phase site; status source cites a later ~$2.6B total investment across both plants (a re-announcement, not the original $1.67B anchor). Anchor customer Ford F-150 Lightning cancelled Dec 2025 and the SK-Ford battery JV ended; ~1,600 workers remain after the Mar 7, 2026 layoff of 958 (~37% of staff). Groundbreaking held Mar 19, 2019.",https://georgia.org/press-release/korean-battery-manufacturer-create-more-2000-jobs-jackson-county,https://gasiantimes.com/business/2026/03/09/nearly-1000-jobs-cut-at-sk-batterys-georgia-plant-as-ev-market-headwinds-intensify/,https://www.constructionequipmentguide.com/sk-battery-breaks-ground-on-167b-plant-in-jackson-county/44467,2018-11-15,,2022-04-01,https://gov.georgia.gov/press-releases/2023-01-30/gov-kemp-sk-battery-america-exceeds-hiring-goal-track-reach-3000-workers,US,producing,,
8,Chobani Rome Dairy Plant,Food and Beverage,NY,2025-04,1200000000,1000,n/a,pending,DELAYED; construction not substantially begun; Phase 1 slated spring 2027-summer 2028,,,"Announced/groundbreaking April 22, 2025 at Griffiss Business & Technology Park, Rome, Oneida County, NY; 1.4M sq ft, up to 28 production lines. Announcement stated no production date. Per status_source (Aug 2026), Chobani shifted priorities to existing facilities and delayed the Rome build; Phase 1 will initially run 4-6 lines with ~300-450 workers. Employment estimate later raised toward ~1,800 once fully operational, up from the original >1,000. A separate $500M Twin Falls, Idaho expansion was announced the prior month.",https://www.prnewswire.com/news-releases/building-for-the-future-chobani-invests-1-2-billion-in-upstate-new-york-to-build-third-us-dairy-processing-plant-302434586.html https://agriculture.ny.gov/news/governor-hochul-announces-chobani-make-nations-largest-investment-ever-natural-food-production,https://www.foodprocessing.com/business-of-food-beverage/capital-spending/news/55397882/chobani-updates-construction-status-on-12-billion-rome-new-york-facility,,2025-04-15,,,,US,announced,,
9,"Foxconn Wisconn Valley Science and Technology Park (Gen 10.5 LCD fab), Mount Pleasant",Semiconductors,WI,2017-07,10000000000,13000,2020,never,"PROMISED LCD FAB NEVER BUILT; site pivoted to AI data-center infrastructure; ~$717M invested and 1,242 jobs through Dec 31, 2024",,,"Re-announcement discipline: original July 2017 announcement was ~$10B / up to 13,000 jobs; Business Facilities later cited $10.7B. Dec 2025 status: newly announced $569M expansion, contract revised to ~2,616 jobs and ~$1.2B by 2029 (a re-announcement, not summed into promised_capital_usd).",https://www.wpr.org/economy/foxconn-build-10b-electronics-plant-wisconsin,https://www.constructiondive.com/news/foxconn-569m-expanding-mount-pleasant-wisconsin-open-ai-collaboration/806647/,https://businessfacilities.com/foxconn-mega-project-business-facilities-2017-deal-year/,2017-07-15,2020-07-01,,https://www.fox6now.com/news/foxconn-mount-pleasant-lcd-plant-4-years-later,US,cancelled,,
10,Intel Ohio One (Silicon Heartland) New Albany,Semiconductors,OH,2022-01,20000000000,3000,2025,pending,"DELAYED; under construction, first fab now targeted 2030-2031",,,"Initial investment of more than $20B for two leading-edge fabs on a ~1,000-acre Licking County mega-site that can accommodate up to eight fabs. Originally targeted 2025 production; as of WOSU Aug 26 2026, construction is slower but steady, no manufacturing equipment ordered yet, first fab now expected by 2031.",https://www.intc.com/news-events/press-releases/detail/1521/intel-announces-next-us-site-with-landmark-investment-in,https://www.wosu.org/2026-08-26/slow-progress-continues-at-intels-new-albany-semiconductor-fab-still-set-to-open-by-2031,,2022-01-15,2025-07-01,,,US,under construction,,
11,"Johnson & Johnson Biologics Manufacturing Campus, Wilson County NC",Pharmaceuticals,NC,2024-10,2000000000,420,n/a,pending,UNDER CONSTRUCTION; hiring ramping up,,,"Biologics (monoclonal antibody) manufacturing campus at Wilson Corporate Park. The Jan 9, 2026 status release primarily concerns a separate second Wilson County J&J facility (drug product, up to 500 jobs); the 420 jobs and >$2B figures here are for the original Oct 2024 facility.",https://www.jnj.com/media-center/press-releases/johnson-johnson-to-invest-more-than-2-billion-in-new-advanced-technology-manufacturing-facility-in-north-carolina-to-support-robust-portfolio-growth,https://governor.nc.gov/news/press-releases/2026/01/09/governor-stein-announces-johnson-johnson-will-build-second-major-facility-wilson-county,https://governor.nc.gov/news/press-releases/2024/10/01/governor-cooper-announces-2-billion-wilson-county-investment-johnson-johnson-new-manufacturing,2024-10-15,,,,US,under construction,,
12,Nucor Steel Brandenburg,Steel,KY,2019-03,1350000000,400,2022,2022-12-30,"IN COMMERCIAL PRODUCTION; grand opening Oct 2023, employs 440",3.8,0.5,"Scrap-fed EAF steel plate mill in Buttermilk Falls Industrial Park, Meade County; 1.2M tons/yr plate capacity, 1.5M sq ft. Initial announced capital $1.35B; cited at $1.7B by the Oct 2023 grand opening (cost escalation / re-announcement, not summed per rule 4).",https://ced.ky.gov/Newsroom/NewsPage/03272019_Nucor_Corp,https://www.lanereport.com/168380/2023/10/1-7-billion-nucor-steel-plate-mill-in-brandenburg-has-grand-opening/,,2019-03-15,2022-07-01,2022-12-30,https://www.prnewswire.com/news-releases/new-nucor-steel-brandenburg-plate-mill-rolls-first-plate-301712362.html,US,producing,,
13,Scout Motors Blythewood Assembly Plant,Auto Assembly,SC,2023-03,2000000000,4000,2026 (end),pending,UNDER CONSTRUCTION; not yet producing (body/paint/assembly shops being outfitted per July 2026 update),,,"$2B investment with potential for 4,000+ permanent jobs and up to 200,000 vehicles/yr at full capacity, in Blythewood, Richland County, SC. As of the July 2026 production-center update the plant is still under construction (body shop AC units installed, paint shop near completion, assembly conveyors being installed); the update does not state a revised customer-production date.",https://governor.sc.gov/news/2023-03/scout-motors-selects-south-carolina-production-site-plans-create-4000-jobs,https://blog.scoutmotors.com/july-2026-scout-motors-production-center-update/,,2023-03-15,2026-11-15,,,US,under construction,,
14,Samsung Taylor Fab,Semiconductors,TX,2021-11,17000000000,2000,2024 (second half),pending,"DELAYED; not yet operational, mass production slipped to 2027",,,"Advanced logic semiconductor fab for mobile, 5G, HPC and AI. Production target has slipped repeatedly: H2 2024 -> 2025 -> late 2026 -> 2027 (per TrendForce, June 2, 2026).",https://news.samsung.com/global/samsung-electronics-announces-new-advanced-semiconductor-fab-site-in-taylor-texas,https://www.trendforce.com/news/2026/06/02/news-samsung-accelerates-u-s-expansion-as-taylor-fab-targets-2027-start-hq-reportedly-moves-to-texas-in-2026/,https://gov.texas.gov/news/post/governor-abbott-announces-new-17-billion-samsung-manufacturing-facility-in-taylor,2021-11-15,2024-10-01,,,US,under construction,,
15,"Hyundai Metaplant America (Ellabell, Georgia)",Auto Assembly,GA,2022-05,5540000000,8100,2025 (first half),2024-10-03,"PRODUCING (Ioniq 5, Ioniq 9, Kia Sportage hybrid); ramping toward ~500,000-unit annual plan",2.4,-0.5,"First vehicle rolled off the line ahead of the promised first-half-2025 target. Initial announcement was ~$5.54B and an original 300,000-unit annual capacity; non-affiliated supplier investment of ~$1B is separate and not included in promised_capital_usd. As of Aug 2026 (CNBC), Hyundai is weighing expanding planned capacity from 500,000 to 700,000-800,000 units by 2028.",https://georgia.org/press-release/hyundai-motor-group-invest-554-billion-georgia-first-fully-dedicated-electric-vehicle https://www.prnewswire.com/news-releases/hyundai-motor-group-to-establish-first-dedicated-ev-plant-and-battery-manufacturing-facility-in-the-us-301552271.html,https://www.cnbc.com/2026/08/20/hyundai-georgia-metaplant-us-production.html,https://www.prnewswire.com/news-releases/hyundai-motor-group-to-establish-first-dedicated-ev-plant-and-battery-manufacturing-facility-in-the-us-301552271.html,2022-05-15,2025-04-01,2024-10-03,https://www.wtoc.com/2024/10/04/hyundai-produces-first-vehicle-ioniq-5-bryan-co-metaplant/,US,producing,,
16,First Solar Louisiana Manufacturing Facility (Iberia Parish),Solar,LA,2023-08,1100000000,700,2026 (first half),2025-07,OPERATIONAL; ramping toward 14 GW annual capacity by 2026,1.9,-0.7,"Series 7 PV module facility near Acadiana Regional Airport; ~2.4M sq ft. Started production July 2025, months ahead of the original H1 2026 target.",https://www.opportunitylouisiana.gov/news/first-solar-to-invest-up-to-1-1-billion-to-build-solar-panel-manufacturing-facility-in-acadiana-create-over-700-new-direct-jobs,https://taiyangnews.info/markets/first-solar-louisiana-factory-online,https://www.businesswire.com/news/home/20230921973269/en/First-Solar-Breaks-Ground-on-$1.1-Billion-3.5-GW-Louisiana-Manufacturing-Facility,2023-08-15,2026-04-01,2025-07-15,,US,producing,,
17,"Toyota Battery Manufacturing, North Carolina (TBMNC)",Battery,NC,2021-12,1290000000,1750,n/a,2025-11,"READY; first batteries slated to begin shipping April 2025, not yet confirmed producing per sources",3.9,,"Initial Dec 6, 2021 announcement: $1.29B and 1,750 jobs (anchor figures used). Later 2023 expansion re-announced the project to nearly $14B total investment and ~5,000 workers (14 battery production lines) per the status source; these are re-announcements and are not summed into promised_capital_usd/promised_jobs. Plant located at the Greensboro-Randolph Megasite in Liberty, Randolph County, NC.",https://governor.nc.gov/news/press-releases/2021/12/06/governor-cooper-announces-toyota-will-build-companys-first-north-american-battery-plant-north,https://www.utilitydive.com/news/toyota-begins-production-expanded-north-carolina-plant/739777/,,2021-12-15,,2025-11-15,,US,producing,,
18,"Eli Lilly LEAP Lebanon manufacturing sites (API & Advanced Therapies), Boone County IN",Pharmaceuticals,IN,2022-05,2100000000,500,n/a,pending,"UNDER CONSTRUCTION; first facility (Lilly Lebanon Advanced Therapies genetic-medicine plant) first phase opened May 6, 2026; Lebanon API site slated to open 2027; not yet producing",,,"Original 2022-05 announcement was $2.1B for two new sites (API + new therapeutic modalities/genetic medicines) with up to 500 direct Lilly roles (plus ~4 indirect per role and ~1,500 construction jobs, excluded). Per re-announcement rule, anchor kept at original $2.1B; later LEAP additions are separate/re-announcements (e.g. a further $4.5B announced May 6, 2026, bringing Lilly's total Indiana investment since 2020 to ~$21B per the status source).",https://investor.lilly.com/news-releases/news-release-details/lilly-plans-invest-21-billion-new-manufacturing-sites-indiana,https://nwitimes.com/news/state-regional/article_0acda37e-7b60-5cc8-94c9-08f7bdef4750.html,,2022-05-15,,,,US,under construction,,
19,Texas Instruments Sherman Fab (SM1),Semiconductors,TX,2022-05,30000000000,3000,2025,2025-12,PRODUCING; SM1 ramping according to customer demand,3.6,0.5,"Initial May 2022 groundbreaking cited a potential $30B for up to four Sherman fabs supporting as many as 3,000 direct jobs; anchor uses that original figure. The Dec 2025 status release's 'more than $60 billion across seven semiconductor fabs in Texas and Utah' is a company-wide re-announcement, not this site's figure. Start of production announced ~3.5 years after breaking ground.",https://www.ti.com/about-ti/newsroom/news-releases/2022/2022-05-18-texas-instruments-breaks-ground-on-new-300-mm-semiconductor-wafer-fabrication-plants-in-sherman--texas.html,https://www.ti.com/about-ti/newsroom/news-releases/2025/texas-instruments-begins-production-at-its-newest-300mm-semiconductor-manufacturing-facility-in-sherman-texas.html,,2022-05-15,2025-07-01,2025-12-15,,US,producing,,
20,Fujifilm Diosynth Biotechnologies Holly Springs,Pharmaceuticals,NC,2021-03,2000000000,725,2025 (first half),unconfirmed,"PHASE 1 OPENED (Sep 2025); 8 x 20,000L bioreactors for drug substance/product; finished-goods capabilities slated for 2026",,,"Original announcement (Mar 18, 2021): $2B / 725 jobs (by end of 2028). Contract Pharma (Sep 24, 2025) reports the site now cited at $3.2B, with a Phase 2 expansion announced in 2024 doubling capacity to 16 x 20,000L bioreactors; these later figures are re-announcements/expansions and are not summed into promised_capital_usd per re-announcement discipline.",https://www.prnewswire.com/news-releases/fujifilm-selects-north-carolina-as-the-location-to-build-the-largest-cell-culture-biopharmaceutical-cdmo-facility-in-north-america-301250547.html,https://www.contractpharma.com/breaking-news/fujifilm-opens-new-manufacturing-site-in-holly-springs-nc/,,2021-03-15,2025-04-01,,,US,producing,,
21,Mazda Toyota Manufacturing Huntsville,Auto Assembly,AL,2018-01,1600000000,4000,2021,2021-09-30,IN FULL OPERATION; building Mazda CX-50 and Toyota Corolla Cross for North America,3.7,0.2,"Investment later cited as ~$2.3B (re-announcement/expansion) — initial announced figure was $1.6B. Capacity ~300,000 vehicles/year. Canadian-market production suspended May 12, 2025 with overall U.S. volume increasing.",https://governor.alabama.gov/newsroom/2018/01/toyota-mazda-selects-alabama-for-1-6-billion-auto-plant-with-4000-jobs/,https://finance.yahoo.com/news/huntsville-mazda-toyota-plant-suspending-192204092.html,,2018-01-15,2021-07-01,2021-09-30,https://www.madeinalabama.com/2021/09/mazda-toyota-produces-job-1-vehicle-at-2-3-billion-alabama-plant/,US,producing,,
22,U.S. Steel Big River 2 (BR2) Osceola,Steel,AR,2022-01,3000000000,,2024,2024-10,"OPERATING; first coil Oct 31, 2024",2.7,0.3,"3.0 million tons/year advanced steelmaking capability (two EAFs, endless casting and rolling line); doubles Big River Steel Works campus capacity to 6 million tons/year. Broke ground Q1 2022; construction completed ahead of schedule in late 2025.",https://www.arkansasedc.com/news-events/newsroom/detail/2022/01/11/u.-s.-steel-selects-osceola-arkansas-as-location-for-most-advanced-steelmaking-facility-in-north-america,https://www.sec.gov/Archives/edgar/data/1163302/000116330225000018/x-20241231.htm,,2022-01-15,2024-07-01,2024-10-15,https://www.sec.gov/Archives/edgar/data/1163302/000116330224000065/ex99p1er241031.htm,US,producing,,
23,"Ultium Cells Lordstown, Ohio",Battery,OH,2019-12,2300000000,1100,n/a,2022-08,"RESTARTING after ~7-month shutdown (paused Jan 2026); ~1,400 workers recalled",2.7,,"50/50 GM-LG Chem (now LG Energy Solution) JV, Ultium Cells LLC; up to $2.3B by 2023, ~1,100 jobs, >30 GWh annual capacity. Production paused January 2026 on weak EV demand and restarting the week of the Aug 13, 2026 report with ~1,400 workers.",https://www.cnbc.com/2019/12/05/gm-lg-to-form-2point3-billion-joint-venture-for-battery-cell-production.html,https://gmauthority.com/blog/2026/08/ultium-cells-ohio-plant-production-restarting-after-7-month-shutdown/,,2019-12-15,,2022-08-15,https://www.vindy.com/news/local-news/2024/12/100-million-battery-cells-produced-at-lordstown-plant/,US,producing,,
24,Panasonic Energy Kansas Battery Factory (De Soto),Battery,KS,2022-07,4000000000,4000,n/a,2025-07,"PRODUCING; ramp to full capacity delayed; four production lines operating, ~1,800 employees, second wing under construction",3.0,,"Original 2022 announcement: up to $4B, up to 4,000 jobs, ~32 GWh EV lithium-ion cells in De Soto, Johnson County, KS. Mass production of 2170 cells began per Panasonic release dated July 14, 2025; Kansas Reflector (June 17, 2026) reports plant opened July 2025, four lines operating, ~1,800 of 4,000 projected employees, ramp delayed, second wing expected operational 2027. Received ~$830M in Kansas tax credits. Company is pivoting part of operations to data-center batteries (part of a ~$2.18B global investment; first data-center cells anticipated mid-to-late 2028 or early 2029) - a later, separate product line, not first output; these later investment figures are not summed into promised_capital_usd.",https://www.kansascommerce.gov/2022/07/kansas-lands-4b-4000-job-panasonic-energy-electric-vehicle-battery-plant/,https://kansasreflector.com/2026/06/17/panasonic-to-shift-some-kansas-production-lines-to-make-ai-data-center-batteries/,,2022-07-15,,2025-07-15,https://na.panasonic.com/news/panasonic-energy-begins-mass-production-at-new-automotive-lithium-ion-battery-factory-in-kansas-aiming-for-annual-capacity-of-32-gwh-to-accelerate-us-local-production,US,producing,,
25,"Golden Triangle Polymers Complex (CPChem/QatarEnergy), Orange TX",Chemicals and Plastics,TX,2022-11,8500000000,500,2026,pending,COMMISSIONING/STARTUP; full operation expected 2027,,,"~$8.5B integrated petrochemical complex: a 2,080 KTA ethane cracker plus two 1,000 KTA HDPE units producing Marlex polyethylene. ~500 permanent full-time jobs; ~4,500 peak construction jobs (excluded from promised_jobs). Module deliveries concluded mid-2025; units beginning commissioning/startup in 2026.",https://www.cpchem.com/media-events/news/news-release/chevron-phillips-chemical-and-qatarenergy-construct-integrated,https://www.bicmagazine.com/departments/operations/cpchem-golden-triangle-polymers-facility-startup-phase/,,2022-11-15,2026-07-01,,,US,under construction,,
26,Rivian East Atlanta Megasite EV Assembly Plant,Auto Assembly,GA,2021-12,5000000000,7500,2024,pending,"UNDER CONSTRUCTION; excavation for foundations underway, buildings targeted 2027, production expected 2028",,,"Announced at Stanton Springs North / East Atlanta Megasite near Social Circle, GA; capacity up to 400,000 vehicles/yr (first phase 300,000, R2 models). Construction paused March 2024; vertical construction resumed 2026.",https://gov.georgia.gov/press-releases/2021-12-16/gov-kemp-welcomes-rivian-single-largest-economic-development-project,https://www.ajc.com/business/2026/08/rivian-says-construction-progressing-well-at-5b-georgia-factory-site/,,2021-12-15,2024-07-01,,,US,under construction,,
27,Micron Megafab Clay (White Pine Commerce Park),Semiconductors,NY,2022-10,100000000000,9000,n/a,pending,"UNDER CONSTRUCTION; first concrete poured Jul 2026, ahead of schedule",,,"First-phase investment of $20B planned by the end of the decade; up to $100B over 20-plus years. ~9,000 direct Micron jobs (plus ~40,000+ community/construction jobs, excluded). Distinct from Boise, ID DRAM fab.",https://investors.micron.com/news/press-release/2022/Micron-Announces-Historic-Investment-of-up-to-100-Billion-to-Build-Megafab-in-Central-New-York-10-04-2022/default.aspx,https://spectrumlocalnews.com/nys/central-ny/news/2026/07/09/first-concrete-poured-at-micron-clay-facility-ahead-of-schedule,https://www.governor.ny.gov/news/hochul-schumer-mcmahon-announce-micron-coming-onondaga-county-micron-will-invest-unprecedented,2022-10-15,,,,US,under construction,,
28,LG Energy Solution Arizona Battery Complex (Queen Creek),Battery,AZ,2022-03,1400000000,,2024,pending,"UNDER CONSTRUCTION; ~60% complete, production targeted summer 2026; ESS plant suspended since June 2024",,,Two facilities totaling 43 GWh: a 27 GWh cylindrical EV cell plant and a 16 GWh LFP pouch-type ESS plant ($2.3B of the $5.5B). ESS plant suspended since June 2024. Sources cite only 'thousands of jobs' with no specific direct-job figure. The $5.5B March-2023 announcement is an expansion of an initial ~$1.4B plan (per azcommerce: 'nearly four times the initially-announced investment of $1.4 billion').,https://www.azcommerce.com/news-events/news/2022/4/queen-creek-to-house-high-tech-battery-facility/,https://www.abc15.com/news/business/lg-energy-solutions-queen-creek-battery-plant-nears-completion-hiring-ramps-up,https://www.azcommerce.com/news-events/news/2023/3/lg-energy-solution-to-invest-55-billion-to-build-battery-manufacturing-complex-in-queen-creek/,2022-03-15,2024-07-01,,,US,under construction,,
29,SK hynix Advanced Packaging Facility West Lafayette,Semiconductors,IN,2024-04,3870000000,1000,2028 (second half),pending,"UNDER CONSTRUCTION; groundbreaking Aug 27 2026, first cleanroom targeted Oct 2028",,,"$3.87B initial investment for HBM advanced packaging and R&D at Purdue Research Park; CNBC (Aug 2026) cites the project as a ~$4B factory. Construction began April 2026; ceremonial groundbreaking Aug 27, 2026.",https://news.skhynix.com/sk-hynix-signs-investment-agreement-of-advanced-chip-packaging-with-indiana/,https://www.cnbc.com/2026/08/27/sk-hynix-ceo-says-indiana-will-be-key-memory-production-base-by-2030.html,https://www.iedc.in.gov/events/news/details/2024/04/03/gov.-holcomb-announces-generational-multi-billion-dollar-investment-to-make-indiana-leader-in-semiconductor-packaging,2024-04-15,2028-10-01,,,US,under construction,,
30,Hyundai Steel Louisiana EAF Integrated Steel Mill (RiverPlex MegaPark),Steel,LA,2025-03,5800000000,1300,2029,pending,"PRE-CONSTRUCTION; ceremonial groundbreaking Sep 4 2026, site prep begun, awaiting air permit",,,"EAF-based integrated steel mill, 2.7M metric tons/yr, at RiverPlex MegaPark, Donaldsonville, Ascension Parish, LA; Hyundai-POSCO JV, distinct from Hyundai Metaplant auto plant in Georgia. Per WAFB (Sep 4 2026), commercial production expected early 2029.",https://www.prnewswire.com/news-releases/hyundai-steel-announces-5-8-billion-electric-arc-furnace-based-integrated-steel-mill-in-the-us-driving-sustainable-us-steel-production-and-creating-over-1-300-jobs-302409854.html,https://www.wafb.com/2026/09/04/58b-hyundai-posco-steel-plant-launches-ascension-parish-amid-some-opposition/,,2025-03-15,2029-07-01,,,US,announced,,
31,"Intel Fab 52 & Fab 62 (Ocotillo, Chandler AZ)",Semiconductors,AZ,2021-03,20000000000,3000,2024,2025-10,FULLY OPERATIONAL; Fab 52 first high-volume Intel 18A fab as of Oct 2025 (Fab 62 not yet reported operational),4.6,1.3,"Original $20B two-fab Arizona announcement was March 2021 (IDM 2.0); groundbreaking ceremony held Sept. 24, 2021 for Fab 52 and Fab 62 at the Ocotillo campus. Distinct AZ site from Intel's separately announced Ohio 'Silicon Heartland' campus. Promise also cited ~3,000 construction jobs (excluded; direct-jobs figure used). status_source dates Fab 52 fully operational to its Oct 10, 2025 article; Fab 62 status not stated there.",https://www.intc.com/news-events/press-releases/detail/1501/intel-breaks-ground-on-two-new-leading-edge-chip-factories,https://www.datacenterdynamics.com/en/news/intel-details-clearwater-forest-data-center-processor-architecture-announces-new-arizona-fab-52-is-fully-operational/,https://newsroom.intel.com/press-kit/press-kit-intel-builds-arizona,2021-03-15,2024-07-01,2025-10-15,,US,producing,,
32,SpaceX Terafab Grimes County,Semiconductors,TX,2026-08,16800000000,3000,n/a,pending,"PRE-CONSTRUCTION; JETI tax abatement finalized, groundbreaking expected within months",,,"First phase capital of more than $16.8B and 3,000 permanent direct jobs. As of Aug 2026 the county JETI tax-abatement agreements are signed and active and SpaceX calls it a 'done deal', but the plant is pre-construction; renderings expected within days and construction within months. 100-million-sq-ft vertically integrated fab (logic, memory, advanced packaging). Dated from the Aug 6, 2026 announcement of this site. Terafab was launched on Mar 21, 2026 for a different site, Giga Texas North Campus in Austin, at about $25B. SpaceX's May 2026 abatement application in Grimes County gave $55B for the first phase and up to $119B in all; the $16.8B first phase announced in Aug is the figure recorded.",https://gov.texas.gov/news/post/governor-abbott-announces-spacex-expansion-in-grimes-county,https://www.kbtx.com/2026/08/06/spacex-confirms-terefab-project-is-done-deal-reps-meet-face-to-face-with-grimes-county-residents/,,2026-08-15,,,,US,announced,,
33,"L-H Battery Company Plant (Jeffersonville, Ohio)",Battery,OH,2022-10,3500000000,2200,2025-Q4,2026-07-02,"PRODUCING; mass production of lithium-ion cells began July 2026, initially for energy-storage systems",3.7,0.6,"JV of Honda and LG Energy Solution (L-H Battery Company). Initial investment $3.5B; overall projected JV investment up to ~$4.4B. ~40 GWh planned annual capacity. Broke ground Feb 28, 2023. Plant originally built primarily for Honda EV battery cells; as the EV market slowed the JV shifted its initial production to energy-storage-system (ESS) cells while retaining flexibility for other applications (including HEV cells). Per UPI (Jul 3, 2026), Honda was in the process of buying out LG's JV stake (~$2.9B).",https://global.honda/en/newsroom/news/2022/c221011aeng.html,https://www.upi.com/Top_News/World-News/2026/07/03/biz-united-states-lg-energy-solution-honda/9031783130198/,https://global.honda/en/newsroom/news/2023/c230301eng.html,2022-10-15,2025-11-15,2026-07-02,,US,producing,,
34,"Anduril Arsenal-1 (Pickaway County, Ohio)",Aerospace and Defense,OH,2025-01,1000000000,4008,2026-07,2026-03,PRODUCING (first Ohio-built Fury rolled off the line 2026-07-27),1.2,-0.3,"Autonomous air systems (Fury, Roadrunner, Barracuda) near Rickenbacker International Airport; 5M sq ft at full buildout on 500 acres. Committed capital $910.5M (promise source rounds to 'nearly $1 billion'); in scope on the 4,008-jobs floor. Production began March 2026, ahead of the July 2026 target; first Ohio-built Fury rolled off the line July 27, 2026.",https://www.manufacturingdive.com/news/anduril-industries-columbus-ohio-1-billion-arsenal-1-hyperscale-facility/737780/,https://www.jobsohio.com/newsroom/news-press/first-ohio-built-fury-rolls-off-andurils-arsenal-1-production-line,,2025-01-15,2026-07-15,2026-03-15,,US,producing,,
35,JetZero Z4 Greensboro Assembly Campus (Piedmont Triad International Airport),Aerospace and Defense,NC,2025-06,4700000000,14560,n/a,pending,"UNDER CONSTRUCTION; broke ground 2026-06-15, first-phase NC Composite Center underway",,,"Described as the largest job commitment in state history. Groundbreaking June 15, 2026, one year after the June 12, 2025 site-selection announcement.",https://www.commerce.nc.gov/news/press-releases/2025/06/12/governor-stein-announces-jetzero-selects-north-carolina-4-billion-airplane-manufacturing-hub,https://aviationweek.com/aerospace/manufacturing-supply-chain/construction-starts-jetzeros-greensboro-assembly-site,https://www.jetzero.aero/jetzero-breaks-ground-on-greensboro-factory,2025-06-15,,,,US,under construction,,
36,Smucker's Uncrustables Facility McCalla,Food and Beverage,AL,2021-11,1100000000,750,2025,2024-11,"OPEN (celebrated Nov 7, 2024); production ramping across phases",3.0,-0.6,"~900,000 sq ft greenfield frozen-sandwich plant and distribution center in McCalla, Jefferson County, AL (JeffMet Industrial Complex). Third Uncrustables plant, after Scottsville, KY and Longmont, CO. Construction/production planned in three phases over multiple years.",https://investors.jmsmucker.com/news/news-details/2021/The-J.M.-Smucker-Co.-to-Accelerate-Smuckers-Uncrustables-Growth-Through-Investment-in-New-Manufacturing-Facility-in-McCalla-Alabama-11-18-2021/default.aspx,https://www.foodprocessing.com/business-of-food-beverage/capital-spending/news/55241732/jm-smuckers-new-mccalla-alabama-uncrustables-plant-opens,https://www.madeinalabama.com/2021/11/j-m-smucker-to-build-1-1-billion-alabama-manufacturing-plant-with-750-jobs/,2021-11-15,2025-07-01,2024-11-15,,US,producing,,
37,"Nucor Sheet Mill West Virginia (Apple Grove, Mason County)",Steel,WV,2022-01,2700000000,800,2024,pending,UNDER CONSTRUCTION; ~85% complete and in commissioning as of April 2026; not yet producing,,,"Scrap-fed EAF sheet mill, ~3 million tons/yr. Initial announced investment ~$2.7B; later revised higher (~$3.1B-$4B per lead summary). Broke ground Oct 2023. Commissioning runs through 2026 (pickle line, cold mill, galvanizing line, then EAF melt shop and hot mill); commercial shipments expected early 2027 with ramp-up through 2027-2028.",https://nucor.com/news-release/nucor-selects-west-virginia-as-location-for-new-state-of-the-art-sheet-mill-122736,https://www.steelmarketupdate.com/2026/04/28/nucor-west-virginia-mill-is-85-complete-commissioning-to-finish-in-2026/,https://www.dominionpost.com/2022/01/12/gov-justice-nucor-announce-2-7b-steel-mill-planned-for-mason-county/,2022-01-15,2024-07-01,,,US,under construction,,
38,Novo Nordisk Clayton Second Fill/Finish Facility,Pharmaceuticals,NC,2024-06,4100000000,1000,2029,pending,"PRE-CONSTRUCTION; site clearing/foundational work underway, not yet producing",,,"Second fill/finish aseptic manufacturing site at the existing Clayton campus, Johnston County, NC; ~1.4M sq ft. Construction to be completed progressively between 2027 and 2029; ~2,000 external contractors at peak construction. Described as one of Novo Nordisk's largest manufacturing investments and the largest life-sciences investment in NC history. Promised_first_output taken from 'expected to open in 2029'; sources give a 2027-2029 completion window rather than an explicit first-production date.",https://edpnc.com/news/june-2024-novo-nordisk-announcement/,https://www.pharmaceutical-technology.com/projects/novo-nordisk-aseptic-and-finished-product-manufacturing-facility-clayton-usa/,,2024-06-15,2029-07-01,,,US,announced,,
39,"LEGO Group US Factory, Chesterfield County",Chemicals and Plastics,VA,2022-06,1000000000,1760,n/a,pending,"UNDER CONSTRUCTION; structural steel topped out, production slated for 2027",,,"Over $1B investment, 1.7M-sq-ft precision plastic-brick facility at Meadowville Technology Park. Main plant not yet producing; a temporary packing facility has operated since 2023 to support U.S. demand. ~500 employees currently, projected to exceed 1,700 over ten years.",https://www.vedp.org/press-release/2022-06/lego-group-chesterfield-county,https://www.lego.com/en-us/aboutus/news/2025/october/lego-manufacturing-virginia-reaches-major-construction-milestone-at-new-u-s-factory-ahead-of-2027-opening,,2022-06-15,,,,US,under construction,,
40,Amkor Peoria Advanced Packaging Facility,Semiconductors,AZ,2023-12,2000000000,2000,2026,pending,"UNDER CONSTRUCTION; broke ground Oct 6, 2025; not yet producing, production expected early 2028",,,"Advanced semiconductor packaging and test facility on 55 acres in Peoria, AZ, to package/test chips produced for Apple at the nearby TSMC fab; applied for CHIPS Act funding. Later re-announced (Construction Dive, Oct 2025) as a ~$7B two-phase campus (>750,000 sq ft cleanroom); the $5B increase over the original $2B commitment is a re-announcement per rule 4 and is not summed into promised_capital_usd. Original promise was production 'in the next two to three years'; the expanded-scope timeline revised completion to mid-2027 and production to early 2028.",https://www.areadevelopment.com/newsItems/12-1-2023/amkor-technology-peoria-arizona.shtml,https://www.constructiondive.com/news/amkor-breaks-ground-peoria-semiconductor/802468/,,2023-12-15,2026-07-01,,,US,under construction,,
41,"BlueOval SK Battery Park (Glendale, Kentucky)",Battery,KY,2021-09,5800000000,,2025,2025-08-19,"CLOSED; production began Aug 2025, plant shuttered Dec 2025 (~1,600 laid off); Ford took sole ownership, repurposing under Ford Energy with restart slated late 2027",3.9,0.1,"Twin lithium-ion EV battery cell complex ($5.8B, each plant ~43 GWh) in Glendale, Hardin County, KY; separate site from BlueOval City in Tennessee. First EV battery rolled off Aug 19, 2025; six months later the Ford-SK On JV was dissolved and the plant closed in December 2025 after Congress ended the $7,500 EV tax credit, changes to a manufacturing credit program, and declining EV sales. Ford took sole ownership; subsidiary Ford Energy plans to hire 2,100 workers, repurpose the plant for grid/data-center energy storage, and restart production in late 2027.",https://www.cargroup.org/the-blueoval-investment-announcement/,https://www.wkyufm.org/news/2026-02-09/a-kentucky-town-bet-big-on-fords-ev-strategy-then-the-battery-plant-closed,,2021-09-15,2025-07-01,2025-08-19,https://www.wave3.com/2025/08/19/first-battery-produced-glendale-blueoval-sk-plant-rolls-off-assembly-line/,US,closed,,
42,StarPlus Energy Battery Plant Kokomo (Stellantis-Samsung SDI),Battery,IN,2022-05,2500000000,1400,2025-Q1,2024,PRODUCING (since 2024); Stellantis weighing withdrawal and sale of its StarPlus JV stake,2.1,-0.6,"JV StarPlus Energy (Stellantis + Samsung SDI). Initial capacity 23 GWh with aim to increase to 33 GWh. Announcement stated investment could gradually increase up to $3.1B; a second $3.2B Kokomo facility (~1,400 more jobs) was announced in 2023 (re-announcement/expansion, not summed into promised_capital_usd). Plant has shifted part of output toward energy-storage cells.",https://www.stellantis.com/en/news/press-releases/2022/may/stellantis-and-samsung-announce-battery-plant-in-kokomo,https://www.inkfreenews.com/2026/02/13/stellantis-considering-withdrawal-from-samsung-ev-battery-initiative/,,2022-05-15,2025-02-15,2024-07-01,,US,producing,,
43,"VinFast EV Assembly Plant (Triangle Innovation Point, Chatham County)",Auto Assembly,NC,2022-03,4000000000,7500,2024-07,pending,"DEFAULT / PAUSED; site abandoned since end-2024, permits lapsed; NC filed suit to claw back the land and ~$80M",,,"Announced up to $4B total investment (JDIG based on a $4 billion company investment); ~$2B committed to phase 1. Never produced a vehicle. State declared VinFast in default (Jan 2026) and filed suit in Wake County Superior Court to reclaim land and ~$80M already given; site largely abandoned since end-2024, construction contract lapsed, building/environmental permits expired. Reuters reported VinFast exiting manufacturing / selling its two Vietnam plants.",https://governor.nc.gov/news/press-releases/2022/03/29/governor-cooper-announces-vinfast-automotive-selects-north-carolina-electric-vehicle-assembly-plant,https://ncnewsline.com/2026/05/21/north-carolina-slams-brakes-on-ev-megafactory-deal-after-years-of-delay/,,2022-03-15,2024-07-15,,,US,paused,,
44,Wolfspeed Mohawk Valley Fab (Marcy),Semiconductors,NY,2019-09,1000000000,,2022,2022-04,"PRODUCING; 200mm SiC wafers, ~half of Wolfspeed quarterly revenue, ramping utilization",2.6,-0.2,"~$1B 200mm silicon-carbide device fab at the Marcy Nanocenter, Oneida County, NY; New York State providing a $500M grant. Grand opening April 25, 2022. Wolfspeed exited Chapter 11 in Sep 2025 and received ~$699M in CHIPS Act tax refunds; fab ramping utilization as of Dec 2025.",https://www.wolfspeed.com/company/news-events/news/cree-announces-update-to-capacity-expansion-plan/,https://www.manufacturingdive.com/news/wolfspeed-receives-700m-tax-refund-chips-act/807037/,,2019-09-15,2022-07-01,2022-04-15,https://www.wolfspeed.com/company/news-events/news/wolfspeed-opens-the-worlds-largest-200mm-silicon-carbide-fab-enabling-highly-anticipated-device-production/,US,producing,,
45,Blue Point Complex (CF Industries/JERA/Mitsui low-carbon ammonia),Chemicals and Plastics,LA,2022-08,2000000000,103,n/a,pending,UNDER CONSTRUCTION; commercial operations targeted 2029,,,"Greenfield low-carbon (carbon-capture) ammonia plant billed as world's largest, at the RiverPlex MegaPark, West Bank of Ascension Parish, LA. FID announced Apr 8, 2025 at ~$4B. Groundbreaking late Aug 2026 with ~4-year buildout (~3,900 construction jobs). Status source (Baton Rouge Business Report, Aug 2026) refers to the site as 'Blue Point One' and cites $3.7B plus ~$550M in shared infrastructure.",https://www.opportunitylouisiana.gov/news/cf-industries-announces-planned-2-billion-carbon-capture-ammonia-complex-in-ascension-parish,https://www.businessreport.com/ascension/blue-point-one-ushers-in-next-chapter-of-ascension-parishs-industrial-boom,,2022-08-15,,,,US,under construction,,
46,"Eli Lilly Parenteral Products and Device Facility, Concord",Pharmaceuticals,NC,2022-01,1000000000,600,n/a,2024 (second half),OPERATIONAL; producing and shipping commercial injectable products,2.7,,"Announcement figure was 'over $1 billion' with nearly 600 direct jobs; investment later doubled to ~$2B (re-announcement, not summed). ~1.3M sq ft site at The Grounds at Concord, Cabarrus County; opened/operational June 2024, producing injectable (parenteral) products and devices used for GLP-1 drugs.",https://www.prnewswire.com/news-releases/lilly-announces-1-billion-investment-in-new-manufacturing-facility-in-north-carolina-301470773.html,https://www.pharmaceutical-technology.com/projects/eli-lilly-parenteral-products-facility-concord/,,2022-01-15,,2024-10-01,https://www.fiercepharma.com/manufacturing/automation-robots-and-local-talent-guide-way-lillys-2b-north-carolina-injectables,US,producing,,
47,Wolfspeed John Palmour Manufacturing Center (Siler City),Semiconductors,NC,2022-09,5000000000,1800,n/a,2025 (first half),"PRODUCING; ramping, underutilized (post-Chapter 11)",2.5,,"Approx $5B over eight years; more than 1,800 direct jobs by 2030. SiC materials (200mm wafer) facility on the Chatham-Siler City Advanced Manufacturing site. Wolfspeed filed Chapter 11 June 30, 2025 and emerged September 29, 2025; Q1 FY2026 earnings (Oct 29, 2025) report the Siler City Fab running underutilized ($47M underutilization). Commercial launch of 200mm SiC materials portfolio announced September 10, 2025.",https://www.commerce.nc.gov/news/press-releases/2022/09/09/governor-cooper-announces-wolfspeed-selects-north-carolina-445-acre-manufacturing-campus,https://s29.q4cdn.com/278875087/files/doc_earnings/2026/q1/earnings-result/Wolfspeed_Q1_2026_Earnings_Release.pdf,,2022-09-15,,2025-04-01,https://www.sec.gov/Archives/edgar/data/895419/000119312525144083/d937053dex992.htm,US,producing,,
48,Redwood Materials Carolina Campus,Battery,SC,2022-12,3500000000,1500,2023,2025-11,PRODUCING; first SC operations online (critical-materials recovery),2.9,2.4,"Anode/cathode battery components plus recycling on a 600-acre campus at Camp Hall Commerce Park, Ridgeville, Berkeley County, SC. Nov 6, 2025 release: first facility now online, adding an initial 20,000 metric tons of annual materials production.",https://governor.sc.gov/news/2022-12/redwood-materials-establishing-operations-berkeley-county-largest-economic-development,https://www.redwoodmaterials.com/news/redwood-begins-critical-materials-recovery-in-south-carolina/,,2022-12-15,2023-07-01,2025-11-15,,US,producing,,
49,Novelis Bay Minette Aluminum Mill,Other,AL,2022-05,2500000000,1000,2025,pending,"UNDER CONSTRUCTION; cold-mill commissioning began Mar 2026, full commissioning expected before end-2026; not yet producing",,,"600 kilotonnes/yr finished aluminum; billed as first fully integrated aluminum mill built in U.S. in 40 years, at the South Alabama Mega Site, Bay Minette, Baldwin County. Initial budget $2.5B later grown to ~$5B per Construction Dive (Aug 2026 status) -- cost re-estimate on the same project, not summed. Promised timeline framed as commissioning mid-2025; has since slipped to full commissioning before end-2026.",https://investors.novelis.com/news-events/press-releases/detail/56/novelistobuild-2-5-billion-low-carbon-aluminum-recycling-and-rolling-plant,https://www.constructiondive.com/news/fluor-alabama-plant-construction-novelis/829026/,https://www.madeinalabama.com/2022/05/novelis-plans-2-5-billion-alabama-aluminum-plant-with-1000-jobs/,2022-05-15,2025-07-01,,,US,under construction,,
50,Methanex Geismar 3 (G3),Chemicals and Plastics,LA,2019-07,1300000000,62,2022 (second half),2024-07,PRODUCING; restarted May 2025 after Feb 2025 outage,5.0,1.8,"Methanol plant (1.8 MMT/yr) adjacent to Geismar 1 and 2 in Ascension Parish, LA. Construction paused in 2020, restarted Oct 2021. Commercial production initially delayed Feb 2024 due to autothermal reformer complications; first methanol produced late July 2024. Unplanned outage late Feb 2025, successfully restarted May 2025. Capital cited as a $1.3-1.4B range; the initial (lower) figure is recorded.",https://www.opportunitylouisiana.gov/news/methanex-announces-investment-in-third-louisiana-methanol-plant,https://www.methanex.com/news/release/methanex-announces-the-successful-restart-of-geismar-3-2/,,2019-07-15,2022-10-01,2024-07-15,https://www.methanex.com/news/release/geismar-3-g3-produces-first-methanol-and-methanex-reports-higher-second-quarter-2024-earnings/,US,producing,,
51,AstraZeneca Rivanna Futures API Plant (Albemarle County),Pharmaceuticals,VA,2025-07,4000000000,500,2030,pending,UNDER CONSTRUCTION; broke ground Oct 2025,,,"Drug-substance/API plant at Rivanna Futures, Albemarle County, VA producing for AZ's weight management/metabolic portfolio (oral GLP-1, baxdrostat, oral PCSK9) and ADC cancer portfolio. Cornerstone of AZ's $50B US-by-2030 plan. Original July 2025 announcement: ~$4B and ~500 direct jobs (no construction timeline disclosed then). On Oct 9, 2025 AZ increased the investment by $500m to $4.5B and added 100 direct jobs (to 600) plus 3,000 construction jobs; the 3,600 figure cited by the state/AZ is direct+indirect. Later $4.5B/600-job figures are re-announcements per rule 4; construction jobs excluded from promised_jobs.",https://virginiamercury.com/2025/07/22/astrazeneca-to-build-its-largest-ever-manufacturing-facility-in-virginia-creating-hundreds-of-jobs/ https://www.astrazeneca.com/media-centre/press-releases/2025/astrazeneca-plans-to-increase-investment-and-scope-of-its-virginia-manufacturing-facility-to-dollar45-billion-creating-3600-new-jobs.html,https://www.fiercepharma.com/manufacturing/astrazeneca-begins-construction-45b-api-plant-virginia,https://www.astrazeneca.com/media-centre/press-releases/2025/astrazeneca-plans-to-increase-investment-and-scope-of-its-virginia-manufacturing-facility-to-dollar45-billion-creating-3600-new-jobs.html,2025-07-15,2030-07-01,,,US,under construction,,
52,Maxeon Solar Albuquerque (Mesa del Sol),Solar,NM,2023-08,1000000000,1800,2025,never,"CANCELLED; lease abandoned Feb 2026, facility never built",,,"Initial Aug 2023 announcement cited over $1 billion; status source later cites a $1.9-billion facility (re-announcement, not summed). Maxeon applied for judicial management/restructuring in Singapore court (Form 6-K); pivoted to contracting third-party manufacturers using its back-contact cells.","https://mediaroom.maxeon.com/2023-08-10-Maxeon-Solar-Technologies-Selects-Albuquerque,-New-Mexico-as-Site-for-New-3-Gigawatt-Solar-Cell-and-Panel-Manufacturing-Facility",https://pv-magazine-usa.com/2026/04/06/maxeon-filing-reveals-the-company-has-applied-for-restructuring-in-singapore-court/,https://www.governor.state.nm.us/2023/08/10/gov-michelle-lujan-grisham-announces-a-billion-dollar-solar-manufacturing-project-in-new-mexico/,2023-08-15,2025-07-01,,,US,cancelled,,
53,Merck Biologics Center of Excellence Wilmington (CRISP),Pharmaceuticals,DE,2025-04,1000000000,500,2030,pending,UNDER CONSTRUCTION,,,"470,000-sq-ft biologics 'Center of Excellence' at Chestnut Run Innovation & Science Park (CRISP), Wilmington; makes next-generation biologics/antibody-drug conjugates (ADCs) and future U.S. home for KEYTRUDA. Lab component expected fully operational by 2028; production of investigational compounds by 2030. Potential expansion could add ~1,500 more full-time roles.",https://www.merck.com/news/merck-breaks-ground-on-new-1-billion-biologics-center-of-excellence-in-wilmington-delaware/,https://www.pharmaceutical-technology.com/projects/merck-wilmington-biotech-facility-delaware-usa/,,2025-04-15,2030-07-01,,,US,under construction,,
54,Gotion Battery Component Manufacturing Facility Big Rapids,Battery,MI,2022-10,2360000000,2350,n/a,never,CANCELLED; never built - Michigan declared Gotion in default in late 2025 and demanded repayment of its land grant; grant-repayment and township litigation ongoing,,,"Announced $2.36B, up to 2,350 direct jobs; multi-phase project on ~260 acres with two 550,000 sq ft production plants (150,000 tons/yr cathode; 50,000 tons/yr anode). Project halted after local opposition blocked permits; Michigan gave Gotion nearly $24M ($23.7M) to buy land in Green Charter Township and, after declaring breach in late 2025, demanded repayment in Jan 2026; land reported 'rendered undevelopable and useless to Gotion.'",https://www.michigan.gov/whitmer/news/press-releases/2022/10/05/whitmer-announces-new-battery-component-manufacturing-facility-in-big-rapids,https://www.michiganpublic.org/politics-government/2026-02-13/chinese-company-says-it-wont-pay-back-state-grant-after-plans-for-battery-plant-fail,,2022-10-15,,,,US,cancelled,,
55,Tesla Gigafactory Texas,Auto Assembly,TX,2020-07,1000000000,5000,n/a,2021 (second half),"OPERATIONAL; producing Model Y and Cybertruck; year-end 2025 workforce 16,506, down ~22% from 2024",1.2,,"Q2 2020 earnings-call announcement (Jul 22, 2020). Site to build Cybertruck, Semi, Model 3 and Model Y (CNBC). Initial promise 'over $1 billion' and 'at least 5,000 new jobs' per Texas governor's release; investment later exceeded $6.3B (TechCrunch, Apr 2026). Model Y builds began late 2021; first customer deliveries at the Apr 7, 2022 'Cyber Rodeo' opening.",https://www.cnbc.com/2020/07/22/tesla-will-build-its-next-gigafactory-near-austin-texas.html https://gov.texas.gov/news/post/governor-abbott-welcomes-tesla-to-texas,https://techcrunch.com/2026/04/03/teslas-texas-factory-workforce-reportedly-shrunk-22-in-2025/,,2020-07-15,,2021-10-01,https://electrek.co/2022/01/26/tesla-confirms-model-y-production-started-gigafactory-texas-working-final-certification/,US,producing,,
56,SkyWater Indiana Semiconductor Fab (Purdue Discovery Park District),Semiconductors,IN,2022-07,1800000000,750,2026,never,"CANCELLED; SkyWater released its land option, will not build (Apr 2024)",,,"Facility was contingent on CHIPS Act federal funding, which SkyWater ultimately did not receive; ~$70M in Indiana incentives went unclaimed. Never constructed or produced. No source states a promised first-output date; the announcements only tie jobs to 'within five years after it opens'.",https://www.businesswire.com/news/home/20220720005657/en/SkyWater-Plans-to-Build-Advanced-%241.8B-Semiconductor-Manufacturing-Facility-in-Partnership-with-the-State-of-Indiana-and-Purdue-University,https://www.ibj.com/articles/chip-maker-skywater-cancels-plans-for-indiana-plant-at-least-for-now,https://www.purdue.edu/newsroom/2022/Q3/skywater-technology-chooses-discovery-park-district-at-purdue-for-1-8b-semiconductor-fabrication-facility-to-create-750-jobs-in-5-years,2022-07-15,2026-07-01,,,US,cancelled,,
57,Air Products Louisiana Clean Energy Complex (LCEC),Chemicals and Plastics,LA,2021-10,4500000000,170,2026,never,CANCELLED,,,"Blue hydrogen (>750 MMSCFD) with carbon capture; balance made into blue ammonia, in Ascension Parish, LA. Capital cleared the $1B floor; 170 direct/permanent jobs (plus >2,000 construction jobs, which do not count). Costs later escalated toward ~$9B and in-service slipped from 2026 to 2028-2029 before cancellation. Air Products recorded pre-tax charges not expected to exceed $2.9B (~$2.2B after-tax) in its fiscal 2026 third quarter, primarily to write down assets and terminate contractual commitments related to the LCEC decision; cancellation based on expected financial returns not meeting return criteria.",https://www.opportunitylouisiana.gov/news/air-products-announces-4-5-billion-blue-hydrogen-clean-energy-complex,https://www.sec.gov/Archives/edgar/data/0000002969/000119312526289427/d97956dex991.htm,https://www.airproducts.com/company/news-center/2021/10/1014-air-products-blue-hydrogen-clean-energy-complex-in-louisiana,2021-10-15,2026-07-01,,,US,cancelled,,
58,GlobalWafers America 300mm Silicon Wafer Fab (Sherman),Semiconductors,TX,2022-06,5000000000,1500,2025,2025-05,RAMPING (low volume); grand opening 2025-05-15,2.9,-0.1,"Silicon wafers are the starting material for semiconductor fabs. UPI states the $5B investment figure; commerce.gov release says only 'billions.' Groundbreaking Dec 1-2, 2022. Later ~$4B additional US investment / further phases announced around the 2025-05 opening are re-announcements/expansions (per re-announcement rule) and are NOT summed into promised_capital_usd. GlobalWafers awarded up to ~$406M CHIPS Act direct funding across Sherman TX and St. Peters MO fabs.",https://www.commerce.gov/news/press-releases/2022/06/globalwafers-selects-sherman-texas-new-semiconductor-silicon-wafer-site https://www.upi.com/Top_News/US/2022/06/27/texas-taiwan-based-GlobalWafers-to-build-plant-Sherman-silicon-wafers-Intel-chip-shortage/6561656355528/,https://www.kxii.com/2025/05/15/globalwafers-opens-first-us-advanced-silicon-wafer-facility-sherman/,https://www.upi.com/Top_News/US/2022/06/27/texas-taiwan-based-GlobalWafers-to-build-plant-Sherman-silicon-wafers-Intel-chip-shortage/6561656355528/,2022-06-15,2025-07-01,2025-05-15,,US,producing,,
59,ArcelorMittal Calvert NOES Electrical Steel Facility,Steel,AL,2025-02,1200000000,200,2027,pending,"UNDER CONSTRUCTION; process-equipment manufacturing commenced, production targeted 2H 2027",,,"Initial announcement figure is $1.2B gross. Per ArcelorMittal FY2025 (year ended 2025-12-31) SEC filing, estimated net capital expenditure increased to $1.3B (previously $0.9B), net of $0.3B of planned federal/state/local support, due to tariffs, added work and higher labor/prices; NOES capacity revised to ~155kt/yr. The supporting 1.5Mt Calvert EAF produced its first slabs in June 2025 and is ramping (that EAF is a separate, already-running unit, not the NOES facility's first output).",https://governor.alabama.gov/newsroom/2025/02/governor-ivey-announces-that-arcelormittal-plans-1-2-billion-alabama-mill-to-produce-electrical-steel/,https://www.sec.gov/Archives/edgar/data/1243429/000124342926000020/mt-20251231.htm,,2025-02-15,2027-07-01,,,US,under construction,,
60,Aluminum Dynamics Columbus Aluminum Flat-Rolled Mill,Other,MS,2022-11,1900000000,700,2025,2025-06,"PRODUCING; ramp (two of three cold mills operational, third commissioning)",2.6,0.0,"650,000 metric tons/yr finished capacity. Q2 2026: 53,000 metric tons of flat-rolled shipments, 84,000 metric tons hot band; automotive qualifications achieved, automotive sales expected before end of 2026. Later cost figures cited above the original $1.9B announcement (areadevelopment $2.5B; ~$2.7B reported later) are treated as re-announcements, not summed.",https://ir.steeldynamics.com/steel-dynamics-announces-planned-state-of-the-art-aluminum-flat-rolled-mill-site-selection/,https://ir.steeldynamics.com/steel-dynamics-reports-second-quarter-2026-results/,https://www.areadevelopment.com/newsitems/11-7-2022/steel-dynamics-columbus-mississippi.shtml,2022-11-15,2025-07-01,2025-06-15,https://www.aluminummarketupdate.crugroup.com/global-trade/aluminum-dynamics-ships-first-coil-from-mississippi-mill/,US,producing,,
61,BlueOval Battery Park Michigan,Battery,MI,2023-02,3500000000,2500,2026,pending,PILOT PRODUCTION; first market-ready LFP cells expected later in 2026,,,"Greenfield LFP EV battery cell-and-pack plant on the Marshall Megasite, Calhoun County. Original announcement: more than $3.5B, 2,500 jobs, ~35 GWh annual capacity. Per June 2026 status source, Ford plans 800 workers by end of 2026, eventually 1,700, with cells produced under a CATL technology license.",https://www.michiganbusiness.org/press-releases/2023/02/marshall-ford-investment/,https://www.electrive.com/2026/06/18/ford-to-produce-first-lfp-cells-this-year-thanks-to-catl/,https://www.detroitnews.com/story/business/autos/ford/2023/02/13/ford-details-3-5-billion-ev-battery-plant-to-be-built-in-marshall/69898581007/,2023-02-15,2026-07-01,,,US,under construction,,
62,"First Solar Lawrence County (Trinity, Alabama)",Solar,AL,2022-11,1100000000,700,2025,unconfirmed,INAUGURATED Sep 2024; production start not dated in sources,,,"3.5 GW/yr nameplate PV thin-film module capacity at Mallard Fox West Industrial Complex, Trinity. Status source (Sept 26, 2024 inauguration) cites 'over 800' jobs vs the announcement's 'over 700'; promised_jobs uses the original announcement figure. Distinct from First Solar's separately-announced Iberia Parish, Louisiana plant.",https://governor.alabama.gov/newsroom/2022/11/governor-ivey-announces-first-solar-to-open-1-1-billion-alabama-facility-creating-over-700-clean-energy-manufacturing-jobs-in-lawrence-county/,https://www.madeinalabama.com/2024/09/first-solar-inaugurates-1-1-billion-alabama-manufacturing-facility/,,2022-11-15,2025-07-01,,,US,producing,,
63,Envision AESC Gigafactory Bowling Green,Battery,KY,2022-04,2000000000,2000,2027,pending,UNDER CONSTRUCTION; not yet producing,,,"30 GWh lithium-ion EV battery gigafactory at the Kentucky Transpark, Bowling Green, Warren County. Groundbreaking August 2022. As of June 2025 construction continuing and company reaffirmed the $2B / 2,000-job commitment.",https://newkentuckyhome.ky.gov/Newsroom/NewsPage/20220413_EnvisionAESC,https://bgdailynews.com/2025/06/09/news_aesc061025/,,2022-04-15,2027-07-01,,,US,under construction,,
64,"Bristol Myers Squibb Generation Park Campus, Houston",Pharmaceuticals,TX,2026-08,2300000000,500,n/a,pending,"ANNOUNCED; not yet under construction, early planning",,,"Modular, multi-modal ~600,000 sq ft campus producing small molecules, biologics and antibody-drug conjugates at Generation Park. ~500 direct permanent jobs plus ~2,000 construction/indirect jobs.",https://news.bms.com/news/corporate-financial/2026/Bristol-Myers-Squibb-Advances-U-S--Manufacturing-Investment-with-New-2-3-Billion-Campus-in-Houston-Texas/default.aspx,https://www.manufacturingdive.com/news/bristol-myers-squibb-invest-2b-manufacturing-campus-houston/828245/,,2026-08-15,,,,US,announced,,
65,GlobalFoundries Fab 8 Expansion Malta,Semiconductors,NY,2024-02,11600000000,1500,n/a,pending,UNDER CONSTRUCTION (inferred),,,"Expansion of the existing operating Fab 8 site: immediate expansion of the existing facility plus a new 358,000 sq ft 300mm fab and advanced packaging. Per Manufacturing Dive (Jun 4, 2025) GF later raised its total U.S. commitment to $16B across New York and Vermont ($13B prior plus $3B additional) with an advanced packaging and testing center upcoming on the Malta campus; that is a later re-announcement, not summed into promised_capital_usd.",https://www.esd.ny.gov/esd-media-center/press-releases/governor-hochul-celebrates-globalfoundries-11-6-billion-investment-expand-semiconductor-manufacturing-plant-saratoga-county,https://www.manufacturingdive.com/news/globalfoundries-commits-16-billion-expanding-new-york-vermont-facilities/749766/,,2024-02-15,,,,US,under construction,,
66,Texas Instruments LFAB2 Lehi,Semiconductors,UT,2023-02,11000000000,800,2026,pending,UNDER CONSTRUCTION,,,"New 300-mm analog/embedded wafer fab (LFAB2) adjacent to TI's existing Lehi fab (LFAB1); distinct from TI's Sherman, Texas fabs. Broke ground Nov 2, 2023.",https://www.ti.com/about-ti/newsroom/news-releases/2023/2023-02-15-texas-instruments-selects-lehi--utah--for-its-next-300-millimeter-semiconductor-wafer-fab.html,https://www.ti.com/about-ti/company/ti-at-a-glance/manufacturing/lehi.html,https://www.ti.com/about-ti/newsroom/news-releases/2023/2023-11-02-texas-instruments-breaks-ground-on-new-300-mm-semiconductor-wafer-fabrication-plant-in-utah.html,2023-02-15,2026-07-01,,,US,under construction,,
67,Gron Fuels Renewable Fuel Complex (Port of Greater Baton Rouge),Other,LA,2020-11,9200000000,1025,n/a,pending,PRE-FID; operational target pushed to 2027 (as of April 2024),,,"Greenfield renewable-fuels complex (sustainable aviation fuel, renewable diesel, renewable naphtha, renewable propane) at Port of Greater Baton Rouge, near Port Allen, LA. Capital up to $9.2B over several phases; FID originally expected 2021, all phases potentially by 2030. Design re-phased to build the SAF portion first while awaiting finalized IRA rules; operational target pushed from 2025 to 2027. No public update found since the April 29, 2024 status source, so the project appears to have gone quiet/stalled.",https://www.opportunitylouisiana.gov/news/gron-fuels-announces-potential-9-2-billion-renewable-fuel-complex-in-louisiana,https://www.1012industryreport.com/projects/heres-the-latest-on-baton-rouges-massive-gron-fuels-project/,,2020-11-15,,,,US,announced,,
68,Ascension Clean Energy (ACE),Chemicals and Plastics,LA,2022-10,7500000000,350,2027,pending,"PROPOSED; pre-construction, awaiting final investment decision",,,"Clean Hydrogen Works' greenfield blue-ammonia complex at Donaldsonville, Ascension Parish, LA; ~7.2M tonnes/yr with up to 98% carbon capture. Original announcement hoped for FID and construction start in 2024 with initial production in 2027. As of Feb 10, 2026 the project remains proposed/pre-construction and no commercial-scale blue ammonia plants are yet operating.",https://www.opportunitylouisiana.gov/news/energy-start-up-proposes-7-5-billion-investment-in-ascension-parish,https://lailluminator.com/2026/02/10/ammonia-louisiana/,,2022-10-15,2027-07-01,,,US,announced,,
69,Eli Lilly Generation Park API Facility (Houston),Pharmaceuticals,TX,2025-09,6500000000,615,2030,pending,"UNDER CONSTRUCTION; site earthwork/shell construction underway, targeted completion 2030",,,"Next-generation synthetic-medicine API facility on a 236-acre Generation Park site; ~615 permanent direct jobs plus ~4,000 construction jobs. Second of four new U.S. Lilly manufacturing sites announced in 2025. Initial shell building projected to finish end of 2027; overall project on track for 2030 completion per Lilly.",https://www.prnewswire.com/news-releases/lilly-plans-to-build-a-new-6-5-billion-facility-to-manufacture-active-pharmaceutical-ingredients-in-texas-302563621.html,https://communityimpact.com/lake-houston-humble-kingwood/development/construction-begins-on-eli-lillys-65b-manufacturing-campus-in-generation-park/,https://gov.texas.gov/news/post/governor-abbott-announces-new-eli-lilly-manufacturing-investment-in-harris-county,2025-09-15,2030-07-01,,,US,under construction,,
70,Nacero Penwell gas-to-gasoline plant,Other,TX,2021-04,6500000000,350,n/a,pending,"STALLED; Clean Air Act construction permits canceled Oct. 10, 2024; project delayed by at least six years, never built",,,"Greenfield natural-gas-to-gasoline (GTG) facility in Penwell, Ector County, TX. Announced capital stated as a range $6.5B-$7B; recorded the lower/initial $6.5B. Phase one 70,000 bbl/day, phase two 100,000 bbl/day of lower-carbon gasoline. 350 direct permanent jobs is below the 2,000-jobs floor, but capital clears the $1B floor.",https://www.rigzone.com/news/7b_gasoline_manufacturing_facility_planned_for_texas-26-apr-2021-165256-article/,https://news.oilandgaswatch.org/template/brief/permits-canceled-for-proposed-natural-gas-to-liquids-plant-in-west-texas,,2021-04-15,,,,US,paused,,
71,Eli Lilly API Facility Huntsville,Pharmaceuticals,AL,2025-12,6000000000,450,2032,pending,"ANNOUNCED; construction to begin 2026, completion targeted 2032; not yet under construction or producing",,,"Next-generation synthetic-medicine API facility for small molecule synthetic and peptide medicines, including oral GLP-1 orforglipron, on a ~260-acre Greenbrier South site along Interstate 565 in Huntsville (Limestone County), AL. 450 direct/permanent jobs plus ~3,000 construction jobs (3,450 total). Described as Lilly's ninth U.S. manufacturing site announced since 2020.",https://investor.lilly.com/news-releases/news-release-details/lilly-build-6-billion-facility-manufacture-active-pharmaceutical,https://www.madeinalabama.com/2025/12/pharmaceutical-giant-lilly-plans-6-billion-advanced-manufacturing-plant-in-huntsville/,,2025-12-15,2032-07-01,,,US,announced,,
72,HIF Matagorda eFuels Facility,Chemicals and Plastics,TX,2022-04,6000000000,125,2026,pending,"Fully permitted to begin construction; pre-FEED and FEED completed and power interconnect secured, per HIF's own project page. Construction has not started. Electric Hydrogen selected as electrolyzer supplier (Sept 2025); not yet producing",,,"~200M gallons/yr of carbon-neutral eFuels from captured CO2 and green hydrogen. ~3,000 direct construction-phase jobs promised (not counted in promised_jobs, which counts only the 125+ permanent operating jobs).",https://www.prnewswire.com/news-releases/hif-global-selects-matagorda-county-texas-for-efuels-facility-301535725.html,https://eh2.com/hif-global-texas-efuels-project/ https://hifglobal.com/locations/matagorda,https://gov.texas.gov/news/post/governor-abbott-announces-highly-innovative-fuels-selection-of-matagorda-county-for-efuels-facility-in-bay-city,2022-04-15,2026-07-01,,,US,announced,,
73,Hyundai-SK Battery Manufacturing America (HSBMA) Bartow County,Battery,GA,2022-12,5000000000,3500,2025 (second half),2026-06,"PRODUCING; early-stage initial cell production, ramping up",3.5,0.7,"50/50 JV (Hyundai-SK Battery Manufacturing America, HSBMA); 35 GWh annual capacity, ~300,000 EVs/yr. First announced by Gov. Kemp Dec 8, 2022 (~$4-5B, 3,500+ jobs); JV formalized Apr 25, 2023 at ~$5B. Distinct from Hyundai Metaplant America assembly plant. Batteries designated for nearby Hyundai Metaplant.",https://www.hyundainews.com/releases/3711 ; https://gov.georgia.gov/press-releases/2022-12-08/gov-kemp-hyundai-motor-group-and-sk-build-ev-battery-facility-bartow ; https://www.hyundai.com/worldwide/en/newsroom/detail/hyundai-motor-group-and-sk-on-to-establish-ev-battery-cell-production-joint-venture-in-us-0000000237,https://www.ajc.com/business/2026/07/sk-and-hyundai-open-new-5b-ev-battery-plant-northwest-of-atlanta/,https://www.hyundai.com/worldwide/en/newsroom/detail/hyundai-motor-group-and-sk-on-to-establish-ev-battery-cell-production-joint-venture-in-us-0000000237,2022-12-15,2025-10-01,2026-06-15,,US,producing,,
74,Eli Lilly Goochland County API and Drug Product Facility (West Creek),Pharmaceuticals,VA,2025-09,5000000000,650,2030,pending,"PRE-CONSTRUCTION; 227-acre parcel purchased ($38.39M, July 2026), site work not yet begun, plan of development pending",,,"First dedicated, fully integrated API and drug product facility for Lilly's bioconjugate platform and monoclonal antibody portfolio (antibody-drug conjugates / ADCs, primarily cancer). First of four new U.S. sites Lilly plans, part of $50B in U.S. capital expansion commitments since 2020. 1,800 construction jobs cited (not counted in promised_jobs). July 2026: Lilly paid $38.39M for a 227-acre parcel at 12575 West Creek Parkway from Markel; a Dominion 230-kV transmission line to serve the site was still awaiting SCC route approval as of June 2026.",https://investor.lilly.com/news-releases/news-release-details/lilly-announces-plans-build-5-billion-manufacturing-facility,https://richmondbizsense.com/2026/07/23/breaking-news-eli-lilly-pays-38m-to-secure-land-for-massive-west-creek-pharma-facility/,,2025-09-15,2030-07-01,,,US,announced,,
75,Hanwha Philly Shipyard $5B Expansion,Other,PA,2025-08,5000000000,,n/a,unconfirmed,"PRODUCING; ~1 ship/year today, $5B buildout underway toward up to 20 ships/year",,,"$5B infrastructure plan to expand an already-operating yard (Hanwha acquired Philly Shipyard in Dec 2024 for $100M). Buildout adds docks/quays and reviewed block-assembly facility to raise output from ~1 ship/year to up to 20; product mix is LNG carriers, MR oil/chemical tankers, and naval modules/blocks. Source notes 'first tanker expected to be delivered by early 2029' for Hanwha Shipping's tanker order (not a stated completion date for the buildout). Hanwha also weighing a second U.S. yard.",https://www.prnewswire.com/news-releases/hanwha-announces-5-billion-philly-shipyard-investment-as-part-of-s-koreas-commitment-to-us-shipbuilding-growth-302539519.html,https://maritime-executive.com/article/report-hanwha-ocean-looks-to-expand-in-us-with-possible-second-shipbuilder,,2025-08-15,,,,US,producing,,
76,St. Charles Clean Fuels Blue Ammonia (St. Rose),Chemicals and Plastics,LA,2023-04,4600000000,216,2027,pending,PROPOSED; project underwent de-risking process,,,"JV of Copenhagen Infrastructure Partners (majority stake, acquired per Feb 23, 2023 CIP release) and Sustainable Fuels Group. Two 4,000 MTD trains, ~2.8-3.0M tonnes/yr, >90% CO2 capture; ~230-acre IMTT site at St. Rose, St. Charles Parish.",https://www.opportunitylouisiana.gov/news/st-charles-clean-fuels-proposes-4-6-billion-reduced-carbon-ammonia-facility-in-st-rose,https://www.cip.com/projects/our-projects/st-charles/,https://www.globenewswire.com/news-release/2023/02/23/2613972/0/en/Copenhagen-Infrastructure-Partners-Acquires-Majority-Stake-in-Blue-Ammonia-Project-in-the-Gulf-Coast.html,2023-04-15,2027-07-01,,,US,announced,,
77,"HL-GA Battery Company (Hyundai-LG Energy Solution JV), Bryan County GA",Battery,GA,2023-05,4300000000,,2025-Q4,pending,NOT PRODUCING; construction resumed Nov 2025 after Sept 4 2025 ICE raid halt; targeting H1 2026,,,"Battery-cell JV (distinct from co-located Hyundai Metaplant vehicle assembly). 30 GWh/yr, supporting ~300,000 EVs annually. JV first announced May 2023 (LGES release states JV at over USD 4.3B). Georgia Aug 31 2023 release frames an additional $2B expansion as raising the JV total to more than $4.3B, creating another 400 jobs, with an 8,500 overall/regional jobs figure cited. Original promised start end-2025; delayed to first-half 2026 per Nov 2025 reporting.",https://gov.georgia.gov/press-releases/2023-08-31/gov-kemp-hyundai-motor-group-and-lg-energy-solution-invest-additional-2b,https://www.wtoc.com/2025/11/14/construction-resumes-hl-ga-battery-company-two-months-after-ice-raid/,https://news.lgensol.com/company-news/press-releases/1780/,2023-05-15,2025-11-15,,,US,under construction,,
78,"GM Orion Assembly EV Pickup Conversion (Orion Township, MI)",Auto Assembly,MI,2022-01,4000000000,2350,2025 (second half),pending,UNDER CONSTRUCTION; retooling for gas-powered SUVs and pickups from 2027 after GM dropped the EV pickup plan,,,"The $4B Orion conversion is one site in a larger $7B four-site Michigan package (GM's largest single investment announcement); the other sites (Ultium Cells Lansing $2.6B; Lansing Delta Township / Grand River $510M) are separate projects. In addition to new jobs, ~1,000 jobs retained at Orion. Original promise: EV Silverado/Sierra production late 2025; the page carries an Oct 2023 editor's note that Orion EV truck timing was updated; June 2025 status: EV plan dropped at Orion, plant to build gas-powered vehicles from 2027 with EV truck production moved to Factory ZERO in Detroit-Hamtramck.",https://pressroom.gm.com/gmbx/us/en/pressroom/home/news.detail.html/Pages/news/us/en/2022/jan/0125-michigan-investment.html,https://oaklandcounty115.com/2025/06/11/gms-orion-plant-once-slated-for-ev-production-now-to-produce-gas-powered-suvs-and-pickups/,,2022-01-15,2025-10-01,,,US,under construction,,
79,"Emirates Global Aluminium (EGA) primary aluminium smelter, Tulsa Port of Inola",Other,OK,2025-05,4000000000,1000,2029,pending,"PLANNING/PERMITTING; JV formed (EGA 60%/Century 40%), upsized to ~750,000 t/yr, air permit filed; Oklahoma AG lawsuit pending",,,"Initial announcement ~$4B, ~600,000 t/yr, up to 1,000 direct jobs, construction expected after feasibility study by end of 2026, first hot metal by end of decade. Status (Manufacturing Dive, Aug 2026): Century Aluminum joined as 40% JV partner (EGA 60%), plant upsized to 750,000+ t/yr; $500M DOE grant and $255M Oklahoma incentives cited; Oklahoma AG filed suit June 2026 on public-nuisance/pollution grounds, DOJ filed statement of interest supporting the project. okcommerce MOU was contingent on Oklahoma Legislature approval.",https://media.ega.ae/ega-progresses-plans-to-build-first-new-primary-aluminium-production-plant-in-the-us-since-1980-in-oklahoma/,https://www.manufacturingdive.com/news/oklahoma-ag-files-to-halt-inola-smelter-project-ega-century-aluminum/822134/,https://www.okcommerce.gov/oklahoma-selected-for-4-billion-investment-from-emirates-global-aluminium/,2025-05-15,2029-07-01,,,US,announced,,
80,Air Products–AES Green Hydrogen Facility (Wilbarger County),Chemicals and Plastics,TX,2022-12,4000000000,115,2027,never,CANCELLED; JV dissolved November 2024 when Air Products withdrew before a final investment decision; hydrogen plant not built.,,,"Mega-scale renewable-power-to-hydrogen project: ~1.4 GW wind and solar plus electrolyzers producing >200 metric tons/day of green hydrogen. Promised jobs figure 115 counts direct permanent operations jobs only; the release also cited more than 1,300 construction and about 200 transportation and distribution jobs (not counted as direct). Per the Vernon Daily Record (Nov 21, 2024), AES took over 100% of the project after Air Products pulled out but remains committed only to the solar and wind farms that would have powered the proposed hydrogen plant.",https://www.airproducts.com/company/news-center/2022/12/1208-air-products-and-aes-to-invest-to-build-first-mega-scale-green-hydrogen-facility-in-texas,https://www.vernonrecord.com/2024/11/21/green-hydrogen-project-fizzles/,,2022-12-15,2027-07-01,,,US,cancelled,,
81,Toyota Texas San Antonio Tacoma Assembly Line Expansion,Auto Assembly,TX,2026-07,3600000000,2000,2030,pending,"ANNOUNCED; planning stage, new assembly line not yet under construction",,,Second vehicle assembly line at Toyota Texas (San Antonio) to assemble the Tacoma alongside Tundra and Sequoia; adds 2.5M sq ft. Tacoma production shifts from Toyota Motor Manufacturing Baja California (Mexico) over an approximate four-year period. A separate rear axle facility on the same campus is nearing startup and begins production this fall (2026).,https://pressroom.toyota.com/toyota-announces-3-6b-expansion-2000-new-jobs-at-its-san-antonio-plant/,https://www.foxbusiness.com/markets/toyota-invest-3-6b-plant-expansion-shift-tacoma-production-from-mexico-texas,,2026-07-15,2030-07-01,,,US,announced,,
82,Tesla Gigafactory Nevada 4680 & Semi Expansion,Auto Assembly,NV,2023-01,3600000000,3000,2024,2026-04,"PRODUCING; first Semi off high-volume line, ramp beginning",3.2,1.8,"~$3.6B expansion of Gigafactory Nevada (Sparks/Storey County) adding a 100 GWh 4680 cell plant and a dedicated high-volume Tesla Semi factory (~4M sq ft added, ~3,000 direct jobs). Musk said he expected to exceed $3.6B, possibly over $4B; kept the initial $3.6B blog-post figure per re-announcement discipline.",https://www.forbes.com/sites/alanohnsman/2023/01/24/tesla-pouring-36-billion-into-nevada-plant-for-ev-battery-semi-production/,https://electrek.co/2026/04/29/tesla-semi-first-truck-high-volume-production-line/,,2023-01-15,2024-07-01,2026-04-15,,US,producing,,
83,Lake Charles Methanol II,Chemicals and Plastics,LA,2024-02,3240000000,123,2027 (second half),pending,"PRE-CONSTRUCTION; in FEED, FID anticipated Q2 2026",,,"Greenfield low-carbon ('blue') methanol plant (~3.6M tonnes/yr) at the Port of Lake Charles/Westlake, LA, with carbon capture (~1M tpy CO2). Zachry Group awarded FEED (Nov 2025). FID slipped from mid-2024 (promise source) to Q2 2026 (Zachry release).",https://www.opportunitylouisiana.gov/news/lake-charles-methanol-announces-plan-for-new-3-2-billion-manufacturing-plant-in-southwest-louisiana,https://zachrygroup.com/press-releases/Zachry_Group_Selected_for_FEED_Scope_on_Worlds_Largest_Low_Carbon_Blue_Methanol_Project.html,,2024-02-15,2027-10-01,,,US,announced,,
84,Intel Fab 9 Rio Rancho,Semiconductors,NM,2021-05,3500000000,700,n/a,2024-01,PRODUCING; Fab 9 opened 2024-01-24 as first operational site for mass production of Foveros 3D advanced packaging,2.7,,"Intel to invest $3.5B to equip Rio Rancho, New Mexico operations for advanced semiconductor packaging (Foveros 3D). Announcement also cited 1,000 construction jobs and 3,500 supported jobs (excluded; 700 direct high-tech jobs recorded). Fab 9 (with Fab 11X) opened 2024-01-24 as Intel's first co-located operational site for mass production of 3D advanced packaging.",https://www.intc.com/news-events/press-releases/detail/1464/intel-to-invest-3-5-billion-to-expand-new-mexico,https://www.intc.com/news-events/press-releases/detail/1670/intel-opens-fab-9-in-new-mexico,,2021-05-15,,2024-01-15,,US,producing,,
86,LG Chem Clarksville Cathode Plant,Battery,TN,2022-11,3200000000,860,2025 (second half),pending,"UNDER CONSTRUCTION; groundbreaking Dec 19, 2023; mass production now targeted 2026",,,"First US cathode facility for LG Chem; NCMA cathode materials for EV batteries. First-phase investment ~2 trillion won (~$1.6B); full ~$3.2B. Target ~120,000 tons/yr by 2027 (60,000 tons by 2026).",https://tnecd.com/news/governor-lee-commissioner-mcwhorter-announce-lg-chem-to-invest-more-than-3-billion-to-establish-manufacturing-operations-in-clarksville/,https://www.kedglobal.com/batteries/newsView/ked202312200013,https://www.lgcorp.com/media/release/25594,2022-11-15,2025-10-01,,,US,under construction,,
87,Texas Instruments RFAB2 Richardson,Semiconductors,TX,2019-04,3100000000,488,n/a,2022-09,IN PRODUCTION; both RFAB1 and RFAB2 ramping to full volume,3.4,,"Second 300mm analog/embedded wafer fab (RFAB2) in North Richardson, TX. Jobs stated as 'more than 488' direct. Both Richardson fabs in production per TI facility page.",https://communityimpact.com/top-stories/2019/04/18/texas-instruments-commits-to-3-1-billion-north-richardson-expansion-project/,https://www.ti.com/about-ti/manufacturing/richardson.html,,2019-04-15,,2022-09-15,,US,producing,,
88,DG Fuels St. James Parish SAF Complex,Chemicals and Plastics,LA,2023-03,3100000000,1055,n/a,pending,"PRE-CONSTRUCTION; pre-FEED, final investment decision targeted Q3 2026",,,"Original 2023 announcement: ~$3.1B, 1,055 direct jobs, up to 178 million gal/yr SAF on a 3,000-acre site in St. James Parish. Scope later grown to ~$8B and ~200 million gal/yr with Samsung E&A appointed contractor (Nov 2025) - treated as a re-announcement per rule 4, not summed into promised_capital_usd. Neither cited source states an explicit commercial-production year.",https://www.opportunitylouisiana.gov/news/dg-fuels-proposes-3-1-billion-sustainable-aviation-fuel-complex-in-st-james-parish,https://dgfuels.com/2025/11/10/dg-fuels-appoints-samsung-ea-as-contractor-for-saf-project-in-st-james/,,2023-03-15,,,,US,announced,,
89,"GM-Samsung SDI Battery Cell Plant (SynergyCells), New Carlisle IN",Battery,IN,2023-04,3000000000,,2026,pending,NOT YET OPERATIONAL; mass production delayed from 2026 to 2027; Samsung SDI acquired GM's stake for full ownership,,,"Plant later sited in New Carlisle, Indiana. Capacity announced as 'more than 30 GWh'. As of Aug 2026 production postponed to 2027 and Samsung SDI acquired GM's ~50% stake to take full ownership (first fully owned cell factory in North America), with the plant pivoting toward energy-storage-system cells amid slower EV demand. Later ~$3.5B figure is a re-announcement per rule 4.",https://investor.gm.com/news-releases/news-release-details/general-motors-and-samsung-sdi-plan-invest-more-3-billion-expand/,https://www.electrive.com/2026/08/11/gm-exits-samsung-sdi-battery-cell-joint-venture/,,2023-04-15,2026-07-01,,,US,under construction,,
90,Micron Manassas Fab Expansion,Semiconductors,VA,2018-08,3000000000,1100,2020 (first half),unconfirmed,"PRODUCING; began 1-alpha (1a) DRAM production at Manassas May 2026 (billed as most advanced memory made in the U.S.); ~3,100 direct jobs",,,"2018 $3B-by-2030 expansion of the existing Manassas memory fab (in production since 2002), primarily supporting DRAM and NAND technology transitions plus a modest capacity increase. Initial clean room expansion targeted for completion fall 2019 with production ramp in H1 2020. The new building was finished at the end of 2019 (VEDP). In May 2021 Micron's CEO said phase one would be completed later that year, with increased output from the end of 2021 and a ramp in 2022 (InsideNoVa, May 27, 2021). No source found confirms when the expanded space first produced, so first output is unconfirmed. The May 2026 start of 1-alpha DRAM production belongs to a later program at the same fab, the ~$2B modernization announced Dec 2024 with up to $275M in CHIPS funding, and is not this promise's first output. Direct jobs grew from 1,100 promised to ~3,100 supported.",https://investors.micron.com/news-releases/news-release-details/micron-announces-investment-its-semiconductor-manufacturing,https://www.potomaclocal.com/2026/05/25/most-advanced-memory-chip-ever-made-in-usa-now-in-production-at-micron-manassas/,,2018-08-15,2020-04-01,,,US,producing,,
91,Saronic Port Alpha Shipyard,Aerospace and Defense,TX,2026-07,3000000000,10000,2028,pending,"SITE SELECTED; construction not yet begun (anticipated 2026), operations targeted 2028",,,"More-than-$3B next-generation shipyard to mass-produce autonomous/unmanned naval vessels at the Port of Brownsville, Cameron County, TX. Capital recorded as $3B ('more than $3 billion'); up to 10,000 direct jobs. Saronic's existing Franklin, LA facility is already producing the Marauder vessel, but Port Alpha itself is not yet under construction or producing.",https://www.prnewswire.com/news-releases/saronic-to-build-port-alpha-americas-next-generation-shipyard-in-brownsville-texas-302827961.html,https://www.navalnews.com/naval-news/2026/07/saronic-port-alpha-shipyard-texas-autonomous-naval-vessels/,,2026-07-15,2028-07-01,,,US,announced,,
92,Eli Lilly Pleasant Prairie Expansion,Pharmaceuticals,WI,2024-12,3000000000,750,n/a,pending,"UNDER CONSTRUCTION; Village of Pleasant Prairie site/operations plan approved March 17, 2025; operations targeted March 2026, no production yet",,,"Parenteral (injectable) product manufacturing; expansion of the former Nexus Pharmaceuticals facility to make injectable medicines (Mounjaro, Zepbound) with device assembly and packaging. The $3B is the initial expansion figure; total planned Wisconsin investment of $4B includes the earlier acquisition plus additional land and an adjacent warehouse, per re-announcement discipline. ~2,000 construction jobs cited but not counted as direct jobs.",https://investor.lilly.com/news-releases/news-release-details/lilly-announces-3-billion-expansion-its-recently-acquired,https://constructionreviewonline.com/pleasant-prairie-approves-eli-lillys-multibillion-dollar-expansion-plan/,,2024-12-15,,,,US,under construction,,
93,"Merck Center of Excellence for Pharmaceutical Manufacturing, Elkton",Pharmaceuticals,VA,2025-10,3000000000,500,2029,pending,"UNDER CONSTRUCTION; groundbreaking Oct 2025, completion targeted 2029; not yet producing",,,"Active pharmaceutical ingredient and small-molecule drug-product plant at Merck's existing Elkton (Rockingham County), Virginia site. Per virginiabusiness.com, the $3B/500-job scope is an increase from the original scope of a $2 billion facility creating 300 jobs. 400,000 sq ft; ~8,000 construction jobs cited (not counted as direct promised jobs).",https://www.merck.com/news/merck-breaks-ground-on-3-billion-center-of-excellence-for-pharmaceutical-manufacturing-in-elkton-virginia/,https://virginiabusiness.com/merck-3-billion-pharma-manufacturing-facility-elkton/,,2025-10-15,2029-07-01,,,US,under construction,,
94,"Ultium Cells / LG Energy Solution Lansing (Delta Township, MI)",Battery,MI,2022-01,2600000000,1700,2024 (late),2026-08-18,"PRODUCING; start of production Aug 18, 2026, ~900 employees ramping toward 1,700",4.6,1.9,GM-LG Energy Solution JV (Ultium Cells) at announcement; GM exited its stake in 2024 and the facility is now LG Energy Solution Michigan-Lansing. Promised late-2024 opening; production began 2026-08-18. Original plan ~50 GWh NMC EV cells; now LFP energy-storage plus NMC EV cells targeting 35+ GWh.,https://inside.lgensol.com/en/2022/01/gm-and-lg-energy-solution-investing-2-6-billion-to-build-3rd-ultium-cells-manufacturing-plant-in-lansing/,https://news.lgensol.com/company-news/press-releases/5163/,,2022-01-15,2024-10-01,2026-08-18,,US,producing,,
95,Project YaREN Blue Ammonia (Ingleside),Chemicals and Plastics,TX,2023-03,2600000000,,2027,pending,"IN PERMITTING; no FID or construction start (Nov 2025 special use permit first reading passed 4-2, second reading set Dec 9, 2025)",,,"JV Ingleside Clean Ammonia Partners (Yara Clean Ammonia and Enbridge, equal partners). Total project investment stated as US$2.6-2.9 billion (2.6B recorded; range in notes). Capacity 1.2-1.4 Mtpa per PR release; status source cites ~2.8 Mtpa across two units. ~200 permanent jobs and up to 4,000 construction jobs per status source (construction excluded). ~95% of CO2 captured for geologic storage.",https://www.prnewswire.com/news-releases/yara-and-enbridge-to-develop-and-construct-a-low-carbon-blue-ammonia-project-at-enbridge-ingleside-energy-center-301786710.html,https://www.kristv.com/news/local-news/in-your-neighborhood/san-patricio-county/ingleside/city-of-ingleside-moves-forward-with-first-reading-for-yaren-ammonia-project,,2023-03-15,2027-07-01,,,US,announced,,
96,Ultium Cells Spring Hill,Battery,TN,2021-04,2300000000,1300,2023 (second half),2024-03-21,PRODUCING; retrofitting (~$70M) to add LFP cells for stationary ESS,2.9,0.5,"Second U.S. Ultium plant (after Warren, OH). Produces NMCA EV battery cells since 2024; distinct site from the Lordstown, OH JV plant. Mar 2026: ~$70M retrofit announced to also make LFP cells for stationary energy storage (LFP transition first announced July 2025). A later $275M expansion (Dec 2022) is a re-announcement, not summed into promised_capital_usd.",https://www.tn.gov/ecd/news/2021/4/16/governor-lee--commissioner-rolfe-announce-general-motors-and-lg-energy-solution-to-invest--2-3-billion-to-build-ultium-cells-manufacturing-plant-in-spring-hill.html,https://www.electrive.com/2026/03/20/ultium-cells-to-produce-lfp-battery-cells-for-stationary-storage-in-spring-hill/,,2021-04-15,2023-10-01,2024-03-21,https://www.ultiumcell.com/newsroom/latest-news/2024/04/02/Ultium-Cells-Spring-Hill-Hits-Key-Target-Ships-First-Completed-Battery-Cells-to-General-Motors,US,producing,,
97,Factory ZERO (GM Detroit-Hamtramck Assembly),Auto Assembly,MI,2020-01,2200000000,2200,n/a,2021-12,"PRODUCING; repeated multi-week production pauses (latest Mar 16-Apr 13, 2026) amid weak EV demand",1.9,,"$2.2B conversion of Detroit-Hamtramck into dedicated EV plant 'Factory ZERO'. Production began Dec 2021 with GMC Hummer EV; later added Silverado EV, Sierra EV, Cadillac Escalade IQ. ~1,140 jobs eliminated end of 2025; near-continuous disruption since mid-2025 (pauses in Apr 2025 and Sep-Oct 2025); next-gen full-size electric-truck program delayed indefinitely.",https://www.fox2detroit.com/news/gm-investing-2-2-billion-in-detroit-hamtramck-plant-creating-2200-jobs,https://www.electrive.com/2026/03/31/gm-enforces-four-week-production-break-at-ev-factory/,https://investor.gm.com/news-releases/news-release-details/gm-marks-progress-toward-all-electric-future-unveiling-factory,2020-01-15,,2021-12-15,https://news.gmc.com/newsroom.detail.html/Pages/news/us/en/2021/dec/1217-hummer.html,US,producing,,
98,U.S. Steel Mon Valley Works Hot Strip Mill (Edgar Thomson),Steel,PA,2026-06,2500000000,,n/a,pending,PLANNING; pre-construction — hot strip mill not yet under construction (as of July 2026),,,"New hot strip mill at Edgar Thomson Works, Braddock PA, replacing an 87-year-old mill at the Irvin Plant (West Mifflin) that will be decommissioned. Part of Nippon Steel's larger promised ~$11B U.S. Steel investment (Nippon expects to complete overall investment by end of 2028). Sources cite preservation of roughly 3,000 existing Mon Valley Works jobs plus nearly 3,200 indirect and induced jobs over three years — no new direct-job-creation figure stated. New slag recycler expected to break ground September 2026; hot strip mill construction estimated at ~2 years.",https://www.publicsource.org/us-steel-plan-mon-valley-investment/,https://www.axios.com/local/pittsburgh/2026/07/17/us-steel-mon-valley-upgrades-project,,2026-06-15,,,,US,announced,,
99,Nutrien Geismar Clean Ammonia Facility,Chemicals and Plastics,LA,2022-05,2000000000,,2027,never,CANCELLED,,,"Announced May 18, 2022 as an ~$2B, 1.2 Mt/yr clean ('blue') ammonia facility at Geismar, LA with >=90% CO2 capture; FID expected 2023, construction 2024, full production by 2027. Work halted indefinitely in 2023 over rising costs and uncertain clean-ammonia demand, then formally cancelled in June 2024 as Nutrien refocused on core agriculture. Never reached production.",https://www.sec.gov/Archives/edgar/data/1725964/000119312522154155/d265331dex991.htm,https://www.theglobeandmail.com/business/article-nutrien-says-it-is-no-longer-pursuing-clean-ammonia-project-in/,,2022-05-15,2027-07-01,,,US,cancelled,,
100,Regeneron Saratoga Springs Biologics Plant,Pharmaceuticals,NY,2025-11,2000000000,1000,n/a,pending,"ANNOUNCED; site acquired, construction not yet begun",,,"Biologics drug-manufacturing plant at former Quad Graphics magazine factory (~1.1M sq ft, 56 Duplainville Road), Saratoga Springs, Saratoga County, NY. ~500 short-term design/construction jobs in addition to the 1,000 permanent jobs. Part of Regeneron US onshoring push. The Regeneron investor release (promised_date_source) principally announces a separate FUJIFILM Diosynth Biotechnologies partnership in Holly Springs, NC (est. >$3B) and references the over-1-million-sq-ft Saratoga property acquisition but gives no production timeline.",https://esd.ny.gov/esd-media-center/press-releases/governor-hochul-announces-regeneron-invest-more-2-billion-saratoga,https://www.fiercepharma.com/manufacturing/regeneron-pours-2b-saratoga-springs-plant-acquired-recent-onshoring-push,https://investor.regeneron.com/news-releases/news-release-details/regeneron-announces-new-investment-manufacturing-its-industry,2025-11-15,,,,US,announced,,
101,Gotion Manteno Battery Plant,Battery,IL,2023-09,2000000000,2600,2024,2025-Q2,PRODUCING; ramping below plan (~300 employees vs 450 target for end-2025),1.7,0.9,"Converted 1.5M-sq-ft former Kmart distribution center on 153 acres in Manteno, Kankakee County. First output was commercial/residential/industrial energy-storage units on early assembly lines; EV LFP battery-cell production scheduled to begin ~Sept 2025. State incentives ~$536M. Distinct from Gotion's Green Charter Township, Michigan site.",https://www.manufacturingdive.com/news/gotion-2-billion-ev-lithium-battery-plant-manteno-illinois/693223/,https://www.shawlocal.com/daily-journal/2025/11/18/gotion-gives-updates-on-manteno-plant/,,2023-09-15,2024-07-01,2025-05-15,https://autotechinsight.spglobal.com/news/5283484/gotion-to-start-ev-battery-production-in-manteno-in-september-with-five-production-lines,US,producing,,
102,"Amplify Cell Technologies Battery Cell Factory (Marshall County, MS)",Battery,MS,2024-07,2000000000,2000,2027,pending,"UNDER CONSTRUCTION; DELAYED, production postponed from 2027 to 2028",,,"~2 million sq ft, 500-acre site, ~21 GWh/yr LFP battery cells; JV of Accelera by Cummins (30%), Daimler Truck (30%), PACCAR (30%) with EVE Energy as technology partner (10%). Committed capital stated as a range of $2 to $3 billion; recorded the low end ($2B). Per PACCAR's quarterly report (electrive, 2025-10-22), start of production postponed from 2027 to 2028.",https://northamerica.daimlertruck.com/news-stories/2024/amplify-cell-technologies-a-joint-venture-between-accelera-by-cummins-daimler-truck-and-paccar-begins-construction-of-mississippi-battery-cell-factory,https://www.electrive.com/2025/10/22/us-cell-production-by-truck-alliance-delayed-til-2028/,,2024-07-15,2027-07-01,,,US,under construction,,
103,ExxonMobil Baytown Chemical Expansion (Vistamaxx + Linear Alpha Olefins),Chemicals and Plastics,TX,2019-05,2000000000,,2022,2023-09-19,PRODUCING; both units in service since 2023-09-19,4.3,1.2,"$2B expansion adding a Vistamaxx performance-polymer unit (~400,000 t/yr) and a linear-alpha-olefins unit (~350,000 t/yr) at the Baytown, TX complex. Startup originally targeted for 2022; both units entered service Sept 19, 2023 per status source. Status source reports 200 direct employees at full operation.",https://corporate.exxonmobil.com/news/news-releases/2019/0502_exxonmobil-announces-2-billion-baytown-chemical-expansion-project,https://www.ogj.com/refining-processing/petrochemicals/article/14299153/exxonmobil-completes-chemical-expansion-at-baytown-complex,,2019-05-15,2022-07-01,2023-09-19,,US,producing,,
104,GM Spring Hill Assembly EV Conversion (Cadillac LYRIQ),Auto Assembly,TN,2020-10,2000000000,,n/a,2022-03,PRODUCING; reducing from two shifts to one for the first five months of 2026 amid slower EV demand,1.4,,"Plant now also builds the Cadillac Vistiq; GM plans to add Chevy Blazer combustion production at Spring Hill in 2027. GM's investor.gm.com release 403s to automated clients, so the promise is cited via GM's PR Newswire distribution of the same Oct 20, 2020 announcement.",https://www.prnewswire.com/news-releases/gm-investing-2-billion-to-transition-spring-hill-tennessee-plant-to-build-electric-vehicles-including-cadillac-lyriq-301155945.html,https://www.electrive.com/2025/09/05/general-motors-slows-down-on-electric-suv-production/,,2020-10-15,,2022-03-15,https://news.gm.com/home.detail.html/Pages/news/us/en/2022/mar/0321-lyriq.html,US,producing,,
105,"UCB Biologics Manufacturing Facility (Rowen, Gwinnett County)",Pharmaceuticals,GA,2026-03,2000000000,330,n/a,pending,ANNOUNCED; planning/pre-construction phase,,,"The '$5 billion' cited in the promise headline is total economic impact, not capital investment; the ~$2B capital investment figure comes from the pharmaceutical-technology status source. ~330 permanent direct jobs are below the 2,000-job floor, so capital ($2B) is what clears the size floor. No promised or actual first-output date stated in either source (newly announced).",https://www.prnewswire.com/news-releases/ucb-selects-georgia-for-new-us-biologics-manufacturing-facility-5b-economic-impact-and-330-permanent-jobs-302723535.html,https://www.pharmaceutical-technology.com/news/ucb-2bn-georgia-gwinnett-county-biologics-manufacturing-facility/,,2026-03-15,,,,US,announced,,
106,"World Energy SAF Hub Expansion, Paramount",Chemicals and Plastics,CA,2022-04,2000000000,,n/a,never,CANCELLED; Air Products terminated the expansion agreement and is exiting the site (Feb 2025); World Energy's pre-existing smaller SAF operations continue,,,$2B refinery-to-SAF conversion targeting 340M gal/yr (~700% output increase) using Honeywell UOP Ecofining technology. Air Products' exit is part of a pretax charge not to exceed $3.1B across three exited projects (also a Massena green hydrogen facility and a Texas carbon monoxide project).,https://www.prnewswire.com/news-releases/world-energy-secures-permits-will-completely-convert-its-southern-calif-refinery-to-create-north-americas-largest-worlds-most-advanced-sustainable-aviation-fuel-hub-301531135.html,https://www.biobased-diesel.com/post/air-products-to-exit-world-energy-s-saf-expansion-project-in-paramount-california,,2022-04-15,,,,US,cancelled,,
107,Ford Louisville Assembly Plant (Universal EV / Fathom),Auto Assembly,KY,2025-08,2000000000,2200,2027,pending,"RETOOLING COMPLETE; equipment install and quality verification continuing through end of 2026, preparing for Q1 2027 prototype production launch; not yet producing",,,"Sub-$30,000 midsize four-door electric pickup ('Fathom') on Ford's new Universal EV Production System; first plant to adopt it. Former home of Ford Escape / Lincoln Corsair. Investment secures ~2,200 hourly jobs (plant employed 3,000+ as of April 2024; retooled config ~600 fewer). Batteries from the separate $3B BlueOval Battery Park Michigan (not part of this project). Vehicle launch slated for 2027.",https://www.cnbc.com/2025/08/11/ford-louisville-assembly-plant-ev-investment.html https://www.detroitnews.com/story/business/autos/ford/2025/08/11/ford-louisville-assembly-investment-universal-ev-platform-production-system-assembly-tree/85582288007/,https://www.detroitnews.com/story/business/autos/ford/2026/08/13/ford-fathom-electric-ev-midsize-truck-louisville-assembly-plant/91278666007/,https://www.detroitnews.com/story/business/autos/ford/2025/08/11/ford-louisville-assembly-investment-universal-ev-platform-production-system-assembly-tree/85582288007/,2025-08-15,2027-07-01,,,US,under construction,,
108,LG Energy Solution Holland Plant Expansion (Michigan),Battery,MI,2022-03,1700000000,1200,2024,2025-05,PRODUCING LFP cells for ESS; two of three lines operating,3.2,0.9,"Announced 22 Mar 2022 as a ~$1.7B expansion (capacity 5 GWh -> ~25 GWh) originally for NMC EV cells, scheduled to open 2024. Plant pivoted to LFP cells for grid/ESS storage as EV demand cooled and began LFP production in May 2025 (16.5 GWh ESS lines, two of three operating), while also onshoring NMC cells for the Ford Mustang Mach-E. promise_source states 'scheduled to open in 2024' (opening wording, not production); actual first output of the expansion (May 2025) is dated directly by status_source.",https://news.lgensol.com/company-news/supplementary-stories/681/,https://cleantechnica.com/2025/06/28/lg-energy-solution-opens-new-lfp-battery-cell-lines-in-michigan-to-support-energy-storage-as-demand-cools-from-ev-manufactures/,https://www.industryweek.com/supply-chain/article/21236916/lg-energy-solution-to-expand-michigan-battery-plant-create-1200-jobs,2022-03-15,2024-07-01,2025-05-15,,US,producing,,
109,Bosch Roseville Silicon Carbide Fab,Semiconductors,CA,2023-04,1900000000,700,2026,pending,"PRE-PRODUCTION; sample production underway, first commercial 200mm SiC production targeted 2026; more than 300 associates on site",,,"Site assets acquired from TSI Semiconductors (intention announced April 2023, acquisition closed August 2023). Converting Roseville into Bosch's largest SiC semiconductor production site. Capital figure reported as Bosch's own $1.9B investment, $2.1B total including $225M U.S. Dept. of Commerce CHIPS Program direct funding and a $25M California Competes Tax Credit. Lead summary notes an original ~$1.5B figure later scaled to ~$1.9-2B; the ~$1.5B original is not stated in these sources. Part of up to $7.5B Bosch plans to invest in U.S. operations through 2031.",https://www.abc10.com/article/news/local/bosch-investment-in-roseville-facility/103-16dd2627-147c-401e-ab1a-58b8eb0d79b5,https://us.bosch-press.com/pressportal/us/en/press-release-31424.html,,2023-04-15,2026-07-01,,,US,under construction,,
110,Linde Clean Hydrogen Complex Beaumont,Chemicals and Plastics,TX,2023-02,1800000000,,2025,pending,"UNDER CONSTRUCTION; co-located ammonia plant ~97% complete, Linde hydrogen supply expected 2026",,,"Linde-owned clean-hydrogen and industrial-gas complex (autothermal reforming with carbon capture plus a large air-separation unit) in Beaumont, TX, supplying clean hydrogen and nitrogen over-the-fence to OCI's (now Woodside) 1.1 MTPA blue ammonia plant. Originally announced start-up 2025; per late-2025 status the neighboring ammonia plant reached first production late 2025 and Linde's hydrogen supply is expected from 2026.",https://www.linde.com/news-and-media/2023/linde-to-invest-1-8-billion-to-supply-clean-hydrogen-to-oci-s-world-scale-blue-ammonia-project-in-the-u-s-gulf-coas,https://www.pv-magazine.com/2025/10/24/the-hydrogen-stream-woodside-progresses-with-its-ammonia-and-hydrogen-projects-in-texas-and-western-australia/,,2023-02-15,2025-07-01,,,US,under construction,,
111,Integra Technologies Wichita OSAT Plant,Semiconductors,KS,2023-02,1800000000,2000,n/a,pending,"NOT STARTED; acquired by Micross Components Jan 2025, still contingent on federal CHIPS funding",,,"Greenfield ~1M sq ft OSAT plant and headquarters contingent on federal CHIPS Act funding; approved for state APEX incentives in 2023. Micross Components (NY) acquired Integra in Jan 2025. Announcement cited economic-impact estimate of ~3,161 indirect jobs (not counted).",https://www.kansascommerce.gov/2023/02/governor-kelly-announces-integra-technologies-to-invest-1-8b-create-nearly-2000-jobs-with-wichita-semiconductor-plant/,https://www.kwch.com/2025/01/18/ny-company-acquires-wichita-based-integra-technologies/,,2023-02-15,,,,US,announced,,
112,Baystar Ethane Cracker Port Arthur,Chemicals and Plastics,TX,2018-06,1700000000,60,2020,2022-07,PRODUCING; commercial operations since July 2022,4.1,2.0,"50/50 JV of Total/TotalEnergies and Novealis Holdings (a Borealis-NOVA Chemicals JV). 1 Mt/y ethylene capacity. Initial groundbreaking figure $1.7B; TotalEnergies startup release later cited 'almost $2 billion'. Peak construction jobs ~1,500 (not counted as direct); ~60 permanent full-time jobs once operational.",https://www.prnewswire.com/news-releases/bayport-polymers-llc-celebrates-groundbreaking-ceremony-for-new-ethane-cracker-in-port-arthur-texas-300659131.html,https://totalenergies.com/newsroom/united-states-totalenergies-announces-start-new-ethane-cracker-port/?lang=eng,,2018-06-15,2020-07-01,2022-07-15,,US,producing,,
113,"FREYR Giga America (Coweta County, GA)",Battery,GA,2022-11,1700000000,720,n/a,never,"CANCELLED; site sold, plant never built or produced",,,"Single Nov 11, 2022 announcement: initial ~34 GWh module at ~$1.7B, with total capital investments 'to more than $2.6 billion by 2029' (a phased total within the same announcement, not a separate re-announcement). Cancelled Feb 2025 citing rising interest rates and falling battery prices; 368-acre site sold for $50M gross (~$22.5M net after repaying state/local grants). FREYR since rebranded T1 Energy and pivoted to solar.",https://ir.freyrbattery.com/ir-news/press-releases/news-details/2022/FREYR-Battery-Announces-Plans-for-U.S.-Gigafactory-in-Georgia/default.aspx,https://www.ess-news.com/2025/02/10/freyr-cancels-2-6-billion-gigafactory-in-georgia-sells-site/,,2022-11-15,,,,US,cancelled,,
114,Detroit Assembly Complex - Mack,Auto Assembly,MI,2019-02,1600000000,3850,2020-Q4,2021-03,PRODUCING; intermittent production pauses and layoffs amid ~11% Grand Cherokee sales decline while transitioning to the 2026 model (Apr 2025),2.1,0.3,"The $1.6B / 3,850-jobs figures are the Mack/Detroit-specific portion broken out within FCA's broader Feb 26, 2019 announcement of a $4.5B Michigan investment adding ~6,500 jobs across several plants. First new auto assembly plant in Detroit in ~30 years. The three-row Grand Cherokee L was first output (March 2021); the two-row Grand Cherokee followed later in 2021.",https://media.stellantisnorthamerica.com/newsrelease.do?id=20661,https://www.cbtnews.com/stellantis-pauses-detroit-production-to-transition-to-2026-jeep-grand-cherokee-amid-sales-decline/,,2019-02-15,2020-11-15,2021-03-15,https://media.stellantisnorthamerica.com/newsrelease.do?id=329,US,producing,,
115,USA BioEnergy Advanced Biorefinery Bon Wier,Chemicals and Plastics,TX,2022-02,1700000000,142,n/a,pending,"IN DESIGN & ENGINEERING; 1,600+ acres acquired, construction not yet started",,,"Scope later grown to a $2.8B re-announcement with ~200 permanent jobs (status_source, 2025-01-14) - not summed into promised_capital_usd per re-announcement discipline. 20-year SAF offtake agreement with Southwest Airlines (up to 680M gallons). Status source states construction expected to take ~2 years after engineering concludes, followed by a 6-8 month commissioning period, but gives no calendar year for first output.",https://gov.texas.gov/news/post/governor-abbott-announces-new-1.7-billion-usa-bioenergy-advanced-biorefinery-in-bon-wier,https://usabioenergy.com/bon-wier-land-purchase/,,2022-02-15,,,,US,announced,,
116,Our Next Energy ONE Circle Gigafactory (Van Buren Township),Battery,MI,2022-10,1600000000,2112,2024,2023-11,"PRODUCING (pilot LFP cells); pivoted from EV to defense/rail/grid after losing largest EV customer, ~45% staff cut, ~60% of building vacant",1.1,-0.6,"20 GWh capacity, full capacity promised by end of 2027; ~$215-237M state incentives (MEDC disbursed $70M of up to $237M, then paused). Pilot LFP cell production started Nov 2023, ahead of promised 2024. Jan 2026: lost largest EV customer, suspended EV battery investment, retooled for defense/rail/grid storage cells.",https://one.ai/news/onecircle,https://www.detroitnews.com/story/business/autos/2026/01/21/novi-battery-firm-our-next-energy-cuts-staff-after-losing-ev-contract/88284636007/,https://www.crainsdetroit.com/manufacturing/our-next-energy-plans-16-billion-factory-van-buren-township,2022-10-15,2024-07-01,2023-11-15,https://www.prnewswire.com/news-releases/our-next-energy-one-begins-pilot-production-of-lfp-battery-cells-at-20-gwh-michigan-factory-301974117.html,US,producing,,
117,Röhm Bay City MMA Plant,Chemicals and Plastics,TX,2021-06,1600000000,70,2024 (first half),2025 (first half),AT VOLUME,3.8,1.0,"First C2-based MMA plant in North America, 250,000 t/yr, using Röhm's LiMA technology; Röhm owned by Advent International, OQ Chemicals supplies feedstock. Groundbreaking Oct 27, 2022. Officially opened / reached worldwide-first full industrial scale June 2026; ~90 employees reported at status. Promised completion shifted: announcement targeted mechanical completion 2023, groundbreaking release said completion early 2024.",https://www.roehm.com/en/detail/rohm-to-build-mma-plant-on-us-gulf-coast,https://www.chemicalprocessing.com/industrynews/news/55382793/rohm-reaches-full-scale-operation-at-16b-texas-methyl-methacrylate-plant,https://www.roehm.com/en/detail/rohm-and-oq-chemicals-break-ground-on-new-world-scale-methyl-methacrylate-production-plant-at-bay-city-texas,2021-06-15,2024-04-01,2025-04-01,https://www.roehm.com/en/detail/rohm-completes-ramp-up-four-reactor-mma-production-now-fully-running-in-bay-city,US,producing,,
118,Rivian Normal Plant R2 Expansion,Auto Assembly,IL,2024-05,1500000000,550,n/a,2026-04,PRODUCING; R2 ramping with accelerated hiring,1.9,,"Expansion of Rivian's existing Normal, IL EV assembly plant to add R2 SUV production, raising total site capacity to 215,000 units/yr; R2 run rate targeted at up to 155,000 units/yr when fully scaled.",https://gov-pritzker-newsroom.prezly.com/gov-pritzker-and-rivian-announce-15-billion-investment-in-normal-facility,https://www.25newsnow.com/2026/05/19/rivian-ramps-up-r2-production-normal-hiring-accelerates/,,2024-05-15,,2026-04-15,,US,producing,,
119,ENTEK Lithium Separators Terre Haute,Battery,IN,2023-03,1500000000,642,2026,pending,UNDER CONSTRUCTION; DOE disbursed first $77.2M of up-to-$1.3B loan (Sept 2025),,,"Lithium-ion battery separator plant, Vigo County Industrial Park II, Terre Haute. DOE (Sept 17, 2025) announced disbursement of $77,217,590 against an up-to-$1.3B DOE loan; DOE cites ~763 construction jobs and 635 operations jobs upon completion.",https://entek.com/news/posts/entek-announces-location-of-first-lithium-battery-separator-plant-in-indiana-to-power-growing-domestic-electric-vehicle-market/,https://www.energy.gov/edf/articles/doe-approves-loan-disbursement-entek-supporting-american-manufacturing-and-securing,,2023-03-15,2026-07-01,,,US,under construction,,
120,"Octapharma Critical-Care Manufacturing Facility, Rock Hill",Pharmaceuticals,SC,2026-07,1500000000,1500,2035,pending,"PRE-CONSTRUCTION; final approvals secured, production expected mid-2030s",,,"Octapharma's first U.S. manufacturing facility, a plasma-derived critical-care/biologics production campus at Palmetto Research Park (former Carolina Panthers HQ site), ~50-acre site in Rock Hill, York County. Press release states groundbreaking and construction timeline to be released later.",https://www.octapharma.com/news/press-release/2026/octapharma-to-build-1-5-billion-state-of-the-art-critical-care-manufacturing-facility-in-rock-hill-sc,https://www.wfae.org/business/2026-07-29/octapharma-finalizes-1-5-billion-rock-hill-project-bringing-1-500-jobs,,2026-07-15,2035-07-01,,,US,announced,,
121,Diamond Green Diesel Port Arthur,Chemicals and Plastics,TX,2021-01,1450000000,,2023 (second half),2022 (late),"PRODUCING; ~470M gal/yr renewable diesel, SAF upgrade underway (expected Q1 2025)",1.7,-1.0,"50/50 JV of Darling Ingredients and Valero Energy, adjacent to Valero's Port Arthur refinery. Capacity ~470 million gal/yr renewable diesel. Began operations late 2022, ahead of the announced second-half-2023 target. A $315M SAF upgrade (converting ~50% of capacity to sustainable aviation fuel) was expected to complete Q1 2025 per Jan 2024 reporting. No promised_jobs figure stated in the sources.",https://www.sec.gov/Archives/edgar/data/916540/000091654021000003/exhibit991pressreleasedgd.htm,https://biofuels-news.com/news/joint-saf-project-in-texas-due-for-completion-in-2025/,,2021-01-15,2023-10-01,2022-10-01,,US,producing,,
122,"Natron Energy Sodium-Ion Battery Gigafactory (Kingsboro Megasite, Edgecombe County)",Battery,NC,2024-08,1400000000,1000,n/a,never,"CANCELLED; Natron ceased all operations Sept 3, 2025 before construction; facility never built",,,"Nearly 1.2 million sq. ft. facility at the 437-acre Kingsboro megasite; planned 24 GWh annual sodium-ion battery capacity. Governor's release cites 1,062 JDIG-tied jobs and $3.4B economic growth over 12 years. Natron closed its Michigan and California facilities (~95 layoffs) after failing to raise funding; no NC incentive payments were made since targets were never met.",https://www.businesswire.com/news/home/20240815622233/en/Natron-Energy-Announces-Plans-for-$1.4-Billion-Giga-Scale-Sodium-Ion-Battery-Manufacturing-Facility-in-North-Carolina,https://www.wral.com/story/battery-maker-natron-closes-shop-killing-plans-for-1-000-jobs-in-north-carolina/22144342/,https://governor.nc.gov/news/press-releases/2024/08/15/governor-cooper-announces-1000-new-jobs-edgecombe-county-natron-energy-selects-kingsboro-megasite,2024-08-15,,,,US,cancelled,,
123,Southern Energy Renewables Green Methanol and SAF Facility (St. Charles Parish),Chemicals and Plastics,LA,2026-03,1400000000,120,2029 (second half),pending,"PRE-CONSTRUCTION; construction planned late 2027, commercial operations targeted late 2029; no ground broken",,,"Greenfield plant converting regional wood-waste biomass into green methanol and sustainable aviation fuel (SAF). First commercial-scale U.S. facility for Southern Energy Renewables. LED cites 120 direct new jobs (avg salary $97,267) and 514 total/regional job opportunities; 514 is a regional figure, not direct. Project positioned ahead of a proposed merger with DevvStream.",https://www.opportunitylouisiana.gov/news/southern-energy-renewables-announce-1-4-billion-methanol-and-sustainable-aviation-fuel-facility-in-st-charles-parish,https://www.hydrocarbonprocessing.com/news/2026/03/southern-energy-renewables-announce-14-b-methanol-and-saf-complex-in-louisiana/,,2026-03-15,2029-10-01,,,US,announced,,
124,AbbVie Durham Manufacturing Campus,Pharmaceuticals,NC,2026-04,1400000000,734,2028,pending,"PRE-CONSTRUCTION; construction slated to begin 2026, no groundbreaking reported",,,"185-acre campus near Research Triangle Park; first-phase small-volume parenteral (SVP) sterile-injectable drug-product manufacturing plus next-gen labs and warehouse, serving immunology, neuroscience and oncology medicines. Described as AbbVie's largest-ever single-campus capital investment; U.S. center of excellence for SVP manufacturing.",https://news.abbvie.com/2026-04-22-AbbVie-Selects-North-Carolina-for-New-1-4-Billion-Manufacturing-Campus,https://www.commerce.nc.gov/news/press-releases/2026/04/22/governor-stein-announces-abbvie-build-new-14-billion-manufacturing-campus-durham,,2026-04-15,2028-07-01,,,US,announced,,
125,Toyota Indiana BEV SUV (Princeton),Auto Assembly,IN,2024-04,1400000000,340,n/a,pending,PRE-PRODUCTION; Princeton BEV SUV line not yet in production,,,"$1.4B is the initial April 25, 2024 announcement for the Princeton (Toyota Indiana) facility; the release also cites $8B cumulative total investment in Toyota Indiana and $18.6B across all US operations since 2021 (cumulative context, not this project). Adds a battery-pack assembly line using lithium-ion cells from Toyota Battery Manufacturing North Carolina. Distinct from Toyota's separate $1.3B Kentucky BEV SUV project.",https://pressroom.toyota.com/toyota-charges-up-investment-and-jobs-in-u-s-manufacturing/,https://www.carscoops.com/2026/04/toyota-us-ev-lineup-expansion/,,2024-04-15,,,,US,under construction,,
126,Microporous Lithium-Ion Battery Separator Plant (Southern Virginia Megasite),Battery,VA,2024-11,1350000000,2015,n/a,pending,"UNDER CONSTRUCTION; groundbreaking May 22, 2026; completion targeted Q3 2027; not yet producing",,,"Two-phase build on Lot 1 of the Southern Virginia Megasite (Berry Hill), Danville/Pittsylvania County. Original 2024-11 announcement: $1.35B and 2,015 direct jobs. Later cited $1.6B investment and 'more than 1,800' jobs at the May 2026 groundbreaking are re-announcements per rule 4; original anchor figures used. Distinct site/company from the ENTEK separator plant.",https://www.vedp.org/press-release/2024-11/microporous-pittsylvania,https://www.danville-va.gov/m/newsflash/home/detail/6587,,2024-11-15,,,,US,under construction,,
127,"Albemarle Lithium Mega-Flex Facility (Richburg, SC)",Battery,SC,2023-03,1300000000,300,n/a,pending,PAUSED; groundbreaking deferred (Mar 2024) amid lithium-price collapse; no restart confirmed,,,"~$1.3B battery-grade lithium hydroxide 'Mega-Flex' processing plant near Richburg, Chester County, SC; ~50,000 t/yr initially, expandable to 100,000 t/yr. Promise source states construction expected to begin late in 2024 (not a first-output date). Mar 18, 2024 status: Albemarle told investors it would hold off building the facility as lithium prices tanked from 2022 highs; groundbreaking deferred. No credible source confirms a restart since.",https://investors.albemarle.com/news-and-events/news/news-details/2023/Albemarle-Corporation-Announces-New-U.S.-Lithium-Mega-Flex-Processing-Facility-in-South-Carolina/default.aspx,https://scdailygazette.com/2024/03/18/major-electric-vehicle-lithium-project-paused-other-sc-battery-recycling-investments-continue/,,2023-03-15,,,,US,paused,,
128,Cleveland-Cliffs Middletown Works green-steel DRI project,Steel,OH,2024-03,1300000000,170,n/a,never,CANCELLED; hydrogen/DRI green-steel plan abandoned. Per late-Feb 2026 Ohio EPA air-permit filing Cliffs now plans to refurbish the existing coal blast furnace and add a waste-gas cogeneration plant.,,,"Middletown Works, Middletown OH. Original plan: replace coal blast furnace with hydrogen-ready flex-fuel DRI plant plus two electric melting furnaces (near-zero-emissions green steel). DOE grant of up to $575M total (Middletown share cited as ~$500M) via the $6.3B Industrial Demonstrations Program (IRA-funded). Promise source states no explicit production/first-output date; only construction 'primarily starting in 2025 and expected to conclude by 2029'. As of Mar 2026 reporting the DOE grant reportedly remains intact but its revised use is unresolved; Cliffs now intends to start construction on its 'Energy Recovery and Advanced Efficient Ironmaking Project' on Sept. 29, 2026.",https://www.clevelandcliffs.com/news/news-releases/detail/629/cleveland-cliffs-selected-to-receive-575-million-in-us,https://ohiocapitaljournal.com/2026/03/27/whats-next-for-ohios-former-green-steel-project-more-coal-it-seems/,,2024-03-15,,,,US,cancelled,,
129,Toyota TMMK Georgetown BEV (three-row Highlander EV),Auto Assembly,KY,2024-02,1300000000,,n/a,pending,"DELAYED; production not started, now targeted January 2027 at the earliest (initially H2 2026)",,,"$1.3B builds on a prior May 2023 $591M announcement per the KY release; the initial production timing (H2 2026) is stated by the status source, as the Feb 2024 promise release gave no production date.",https://newkentuckyhome.ky.gov/Newsroom/NewsPage/20240206_ToyotaBEV,https://electrek.co/2026/09/02/toyota-delaying-3-row-highlander-electric-suv-again/,,2024-02-15,,,,US,under construction,,
130,"Braidy Industries Aluminum Rolling Mill (Unity Aluminum), Greenup County KY",Other,KY,2017-04,1300000000,550,2020,never,"CANCELLED; never built — missed financing deadlines, renamed Unity Aluminum, project relocated out of KY; state recouped $15M and ~205-acre site donated back by Sept 2022",,,"Capital later cited ~$1.6B; original announcement figure ($1.3B) used per re-announcement discipline. ~1,000 construction jobs excluded from promised_jobs (direct only = 550). Company renamed Unity Aluminum; Steel Dynamics partnered and relocated the aluminum-mill project out of Kentucky. Kentucky recouped its $15M seed investment by Sept 2022 and ~205 acres plus a spec building were donated back to the Northeast Kentucky Regional Industrial Authority. Mill never produced anything, as construction never commenced.",https://www.lanereport.com/76442/2017/04/braidy-industries-to-create-550-jobs-with-1-3b-aluminum-rolling-mill-in-eastern-kentucky/,https://www.kentuckytoday.com/news/state-recoups-15-million-from-failed-braidy-industries-project/article_f0bd2e70-4029-11ed-8faf-33fbfd4f4fec.html,,2017-04-15,2020-07-01,,,US,cancelled,,
131,Smithfield Foods Sioux Falls Processing Facility,Food and Beverage,SD,2026-02,1300000000,,2028-Q4,pending,"PRE-CONSTRUCTION; in city permitting/TIF and regulatory approvals; site work targeted spring 2026, groundbreaking H1 2027, production by end of 2028",,,"Greenfield combined packaged-meats and fresh-pork facility (up to $1.3B, ~1.1M sq ft on a 211-acre Foundation Park site) that would replace the century-old Sioux Falls plant. Highly automated. Timeline contingent on infrastructure, permitting, construction conditions and final board design approval.",https://investors.smithfieldfoods.com/news-events/press-releases/detail/1432/smithfield-foods-to-build-new-state-of-the-art-processing-facility-in-sioux-falls-south-dakota,https://hpj.com/2026/03/28/smithfield-plans-1-3b-sioux-falls-plant/,,2026-02-15,2028-11-15,,,US,announced,,
132,Hanwha Pine Bluff Arsenal Energetic Materials Plant,Aerospace and Defense,AR,2026-01,1300000000,,n/a,pending,"PRE-CONSTRUCTION; enhanced-use lease awarded, no groundbreaking yet",,,"U.S. Army awarded Hanwha Defense USA an enhanced-use lease covering approximately 1,065 acres at Pine Bluff Arsenal to build a ~$1.3B facility producing energetic materials (components used in explosives and propellants) for munitions. Agreement is preliminary, pending final negotiations and due diligence. Distinct from Hanwha's Philly Shipyard. Neither source states a promised or actual first-output date.",https://hanwhadefenseusa.com/news-articles/u-s-army-awards-lease-to-hanwha-at-pine-bluff-arsenal,https://www.deltaplexnews.com/local-news/pine-bluff-arsenal-receives-major-federal-funding-as-private-defense-projects-expand/,,2026-01-15,,,,US,announced,,
133,"L3Harris Virginia Advanced Propulsion Facilities (VAPF), Orange County",Aerospace and Defense,VA,2026-04,1265000000,350,n/a,pending,"ANNOUNCED; design/planning phase, not yet under construction",,,"Solid rocket motor production expansion (VAPF) more than doubling the existing 256,000 sq ft of manufacturing space (mixing, grinding, casting and final assembly) for DoD programs. Builds on a smaller ~$41M April 2024 modernization at the same site. Capital cited as ~$1.265B in the L3Harris release and rounded to $1.3B by Manufacturing Dive.",https://www.l3harris.com/newsroom/press-release/2026/04/l3harris-announces-billion-dollar-expansion-orange-county-virginia,https://www.manufacturingdive.com/news/l3harris-technologies-orange-virginia-expansion-advanced-propulsion-facilit/817591/,,2026-04-15,,,,US,announced,,
134,"Wanhua Chemical MDI Complex (Convent, St. James Parish)",Chemicals and Plastics,LA,2018-11,1250000000,170,2021,never,"CANCELLED; Wanhua dropped its St. James Parish land-use application, project off",,,"Site selection/confirmation announced Nov 2018 ($1.25B, 170 direct jobs, 1,000 construction jobs, MDI for polyurethane, Convent). Project dropped per WWLTV Sep 9, 2019 amid cost escalation (St. James Parish President cited the price tag ballooning from $1.25B to more than $2B), U.S. steel/aluminum tariffs, and community/environmental opposition (RISE St. James); the later >$2B figure is a cost increase, not a re-announced expansion. Wanhua stated it would change the project scope and was reviewing a new location; still committed to a smaller U.S. plant elsewhere. Complex never built.",https://www.opportunitylouisiana.gov/news/wanhua-selects-louisiana-site-for-1-25-billion-chemical-complex,https://www.wwltv.com/article/news/local/chinese-company-drops-plans-for-new-chemical-plant-in-st-james-parish/289-2e2f83de-1ff1-4d4b-a30e-2ecedddd03ed,https://www.bicmagazine.com/projects-expansions/downstream/wanhua-confirms-louisiana-mdi-complex-site/,2018-11-15,2021-07-01,,,US,cancelled,,
135,Shintech Plaquemine PVC/VCM Expansion,Chemicals and Plastics,LA,2021-01,1250000000,30,2023-Q4,2024,PRODUCING (expansion completed 2024),3.5,0.6,"$1.3B package covered Plaquemine (Iberville Parish, ~$1.25B) plus Addis (West Baton Rouge Parish); the Plaquemine portion is this row. Distinct from Shintech's separate ~$3.4B Plaquemine chlor-alkali/ethylene/VCM expansion announced March 2026 (targeted for completion by end of 2030).",https://www.opportunitylouisiana.gov/news/shintech-announces-1-3-billion-expansion-for-plastics-facilities,https://cen.acs.org/business/petrochemicals/Shintech-invest-34-billion-US/104/web/2026/03,,2021-01-15,2023-11-15,2024-07-01,,US,producing,,
136,MP Materials 10X Northlake,Other,TX,2026-02,1250000000,1500,2028,pending,"PRE-CONSTRUCTION; site selected, engineering and equipment acquisition underway, commissioning targeted 2028",,,"Greenfield 120-acre NdFeB rare-earth permanent-magnet manufacturing campus in Northlake, Denton County, TX; distinct from MP's existing Fort Worth 'Independence' magnet plant (<10 miles away). Capital 'more than $1.25 billion'; 'more than 1,500 direct manufacturing and engineering jobs'.",https://mpmaterials.com/news/mp-materials-selects-northlake-texas-as-the-site-of-10X-a-new-us-rare-earth-magnet-manufacturing-campus/,https://www.manufacturingdive.com/news/mp-materials-northlake-texas-10x-rare-earth-magnet-campus-defense-pentagon/813400/,,2026-02-15,2028-07-01,,,US,announced,,
137,American Battery Factory Tucson Gigafactory,Battery,AZ,2022-12,1200000000,1000,n/a,pending,PRE-PRODUCTION; offtake secured and financing being finalized; production slated late 2027,,,"~$1.2B capital investment, ~2M sq ft LFP battery cell gigafactory on Pima County Aerospace Research Campus. Broke ground Oct 26, 2023. Announcement promised initial factory module built within 18-24 months and first-phase construction completed by 2025; per March 2026 status, ABF secured 4.5+ GWh binding offtake and production is now slated for late 2027.",https://www.prnewswire.com/news-releases/american-battery-factory-selects-tucson-arizona-as-site-for-its-first-battery-cell-gigafactory-in-united-states-301696158.html,https://currentcells.com/article/american-battery-factory-45gwh-offtake-arizona-lfp-2026/,https://www.azcommerce.com/news-events/news/2023/10/american-battery-factory-breaks-ground-on-largest-us-lithium-iron-phosphate-battery-cell-gigafactory-in-tucson/,2022-12-15,,,,US,under construction,,
138,Eastman Molecular Recycling Facility Longview,Chemicals and Plastics,TX,2024-03,1200000000,200,n/a,pending,ON HOLD; under review after DOE revoked $375M grant (May 2025),,,"Second U.S. molecular recycling (methanolysis) facility, ~110,000 metric tonnes/yr of hard-to-recycle plastic; over 200 full-time jobs plus ~1,000 temporary construction jobs. DOE revoked a $375M grant in May 2025; Eastman reassessing scope, timing and location. Capital figure ($1.2B) stated in status_source.",https://longviewusa.com/about/news-updates/eastman-announces-plans-for-molecular-recycling-facility-in-longview-texas,https://news-journal.com/2026/04/09/moran-says-loss-of-375m-grant-for-eastman-project-devastating-hopes-it-will-be-restored/,,2024-03-15,,,,US,paused,,
139,"KORE Power KOREPlex Battery Cell Gigafactory (Buckeye, AZ)",Battery,AZ,2021-07,1200000000,3000,2024,never,"CANCELLED; site listed for sale, DOE $850M loan never closed",,,"214-acre Buckeye site purchased April 6, 2022; construction started 2022. Capital cited as $1.2B (incl. $850M federal loan) in promise_source and $1.25B in status_source. Cancelled/shelved as of Feb 6, 2025: founder/CEO Lindsay Gorrill stepped down (Jay Bellows hired as new CEO), a general contractor filed a ~$10.4M lien, and the conditional $850M DOE loan never materialized.",https://www.americanprogress.org/article/arizona-koreplex-battery-manufacturing-plant/,https://www.manufacturingdive.com/news/kore-power-nixes-plans-for-1-25-billion-battery-cell-plant-buckeye-arizona/739430/,,2021-07-15,2024-07-01,,,US,cancelled,,
140,Martinez Renewable Fuels,Chemicals and Plastics,CA,2021-03,1200000000,,2022,2023-11-19,PRODUCING renewable diesel; operating amid USW Local 5 strike-turned-lockout and understaffing (2026),2.7,1.4,"Conversion of the idled 113-year-old Martinez, CA refinery to renewable diesel; full nameplate ~730 million gallons/year targeted with build to full capacity in 2023. First processing-unit startup Nov 19, 2023 caused a fatality-injury fire. Company laid off 700 workers in 2020 and had ~220 when it resumed operations as a renewable fuel refinery in 2023. Capital figure ~$1.2bn per promised_date_source (nsenergybusiness); the promise_source press release states no dollar figure or job count.",https://www.marathonpetroleum.com/Newsroom/Company-News/Marathon-Petroleum-to-Proceed-with-Conversion-of-Martinez-Refinery-to-Renewable-Fuels-Facility/,https://insideclimatenews.org/news/23072026/california-biofuel-refinery-worker-safety/,https://www.nsenergybusiness.com/projects/marathon-martinez-renewable-fuels-project/,2021-03-15,2022-07-01,2023-11-19,,US,producing,,
141,USA Rare Earth Blacksburg magnet and metal plant,Other,SC,2026-06,1200000000,490,2028-04,pending,"UNDER CONSTRUCTION; broke ground Sep 9, 2026",,,"800,000 sq ft on a 124-acre site in Bailey Industrial Park, Cherokee County; producing sintered NdFeB permanent magnets and strip-cast metal/alloy. Status source (groundbreaking release) states commissioning targeted to begin in 2028; the announcement release states operations online in April 2028.",https://governor.sc.gov/news/2026-06/usa-rare-earth-inc-selects-cherokee-county-first-south-carolina-operation,https://www.globenewswire.com/news-release/2026/09/09/3358813/0/en/usa-rare-earth-breaks-ground-on-advanced-rare-earth-metal-and-magnet-manufacturing-facility-in-blacksburg-south-carolina.html,,2026-06-15,2028-04-15,,,US,under construction,,
142,Montana Renewables MaxSAF Expansion (Great Falls),Chemicals and Plastics,MT,2024-10,1200000000,40,n/a,unconfirmed,"PRODUCING; expansion ramping (~60M gal/yr SAF now, target ~200M gal/yr by end 2028)",,,"Expansion of Montana Renewables' Great Falls refinery, which has operated since late 2022 (~140M gal/yr biofuels; ~60M gal/yr SAF currently). Financing is a $1.67B DOE loan facility ($1.44B principal + $233M capitalized interest); conditional commitment Oct 16 2024, closed Jan 10 2025; Phase 1 $782M funded Feb 2025. Original MaxSAF expansion estimated ~$1.2B toward ~315M gal/yr; revised (Sep 2026) to ~$137M remaining capital, with the final DOE Phase 2 draw cut to $34M (from ~$658M) by repurposing adjacent Calumet asphalt-plant equipment. Ramp targets: >80M gal/yr end 2026, >120M spring 2027, ~200M gal/yr end 2028.",https://www.energy.gov/edf/articles/doe-announces-167-billion-montana-renewables-significantly-expand-us-sustainable,https://bioenergytimes.com/montana-renewables-cuts-saf-expansion-cost-targets-200-million-gallons-by-2028/,,2024-10-15,,,,US,producing,,
144,Encina Point Township Circular Manufacturing Facility,Chemicals and Plastics,PA,2022-04,1100000000,300,2024 (fall),never,CANCELLED; Encina withdrew the proposed project in April 2024 and it will not be built,,,"Advanced/chemical recycling (pyrolysis) plant to convert post-consumer plastics into BTX aromatic feedstock. Project proposed April 2022, never built. Inside Climate News (Apr 26 2024): 'A Giant Plastics Chemical Recycling Plant Planned for Pennsylvania Died After Two Years.' Encina said it was reviewing new, bigger locations overseas.",https://www.encina.com/encina-announces-1-1-billion-investment-in-new-advanced-manufacturing-facility-in-pennsylvania/,https://insideclimatenews.org/news/26042024/encina-pennsylvania-chemical-recycling-plant-canceled/,,2022-04-15,2024-10-15,,,US,cancelled,,
145,Amgen Holly Springs Second Drug Substance Facility,Pharmaceuticals,NC,2024-12,1000000000,370,n/a,pending,"UNDER CONSTRUCTION; broke ground Jan 24, 2025",,,Second drug-substance (biologics) plant at the existing Holly Springs campus; this $1B investment brings total planned regional investment to ~$1.5B including a prior $550M 2022 commitment (not summed per re-announcement rule). Carolina Journal cites 'more than 700 jobs to Wake County by 2030' as a combined/regional figure; the 370 here is the direct new-jobs figure from Amgen's release.,https://www.amgen.com/newsroom/press-releases/2024/12/amgen-announces-$1-billion-manufacturing-expansion-in-north-carolina,https://www.carolinajournal.com/amgen-breaks-ground-on-holly-springs-expansion/,,2024-12-15,,,,US,under construction,,
146,BMW Plant Spartanburg EV Expansion,Auto Assembly,SC,2022-10,1000000000,,n/a,pending,"NOT YET PRODUCING; investment complete, iX5 assembly scheduled before end of 2026",,,"$1.7B total US investment announced 2022-10-19 = $1B to prepare Plant Spartanburg for EV production + a separate $700M high-voltage battery assembly plant in Woodruff, SC (a different site, 300 jobs, not summed here per one-site-one-project). Announcement stated at least six fully electric BMW X models by 2030; the iX5 will be the first fully electric BMW assembled in the US, per the 2026 status release the $1.7B investment is complete.",https://www.sccommerce.com/news/bmw-investing-17-billion-expand-sc-manufacturing-capacity-and-footprint,https://www.press.bmwgroup.com/global/article/detail/T0458864EN/bmw-group-completes-1-7-billion-u-s-investment-and-premieres-new-bmw-x5-at-%E2%80%9Chome-of-x%E2%80%9D-event-in-spartanburg-sc?language=en,,2022-10-15,,,,US,under construction,,
147,Graphic Packaging International Waco CRB Mill,Other,TX,2023-02,1000000000,230,n/a,2025-10,"PRODUCING; first saleable rolls Oct 2025, ramping to full production in 12-18 months",2.7,,"Greenfield coated recycled paperboard (CRB) mill on a 119-acre campus in Texas Central Park, Waco (McLennan County); 640,000 sq ft, 500,000 tons/yr capacity, ~230 direct jobs at ~$65,000 avg salary. Began operating ahead of schedule. East Angus, Quebec plant to close Dec 23, 2025 once Waco is operational.",https://wacoeconomicdevelopment.com/about-us/news/graphic-packaging-international-to-build-manufacturing-facility-in-waco-texas-invest-usd1-billion-in-community,https://www.packagingdive.com/news/graphic-packaging-international-q3-2025-earnings-waco-east-angus/804589/,,2023-02-15,,2025-10-15,,US,producing,,
148,Enel 3Sun USA Solar Gigafactory (Tulsa Port of Inola),Solar,OK,2023-05,1000000000,1000,2024,pending,"ON HOLD; work stalled spring 2024, proceeds only if a US investor takes majority stake (as of late 2024)",,,"3 GW/yr bifacial heterojunction (HJT) cells and modules in a 2M+ sq ft plant, scalable to 6 GW with ~900 more phase-two jobs. ~1,800 construction jobs cited separately (excluded from promised_jobs). Enel CEO Cattaneo said the project advances only with a majority US investor; no 2025-2026 update located.",https://www.prnewswire.com/news-releases/enel-selects-oklahoma-as-site-for-planned-solar-pv-cell--panel-manufacturing-facility-301830698.html,https://www.okenergytoday.com/2024/11/enels-1-billion-oklahoma-solar-plant-deal-up-in-the-air/,,2023-05-15,2024-07-01,,,US,paused,,
149,Ascend Elements Apex 1 Hopkinsville,Battery,KY,2022-08,1000000000,400,2023 (late),never,"CANCELLED; Chapter 11 bankruptcy (spring 2026), ~50% built, never operational; sold at bankruptcy auction to Turner-Kokosing JV for $31.7M (June 2026)",,,$310M Phase 1 within an announced up-to-$1B multi-phase investment; ~400 direct jobs; groundbreaking anticipated Q4 2022. Makes lithium-ion battery cathode active material (pCAM) via Hydro-to-Cathode recycling. Filed Chapter 11 in spring 2026; facility ~50% complete and never operational; sold at bankruptcy auction to a Turner-Kokosing joint venture for $31.7M in early June 2026; new owners seeking a buyer to finish it.,https://www.prnewswire.com/news-releases/ascend-elements-to-invest-up-to-1-billion-in-southwest-kentucky-ev-battery-materials-manufacturing-facility-301597102.html,https://christiancountynow.com/news/267762-ascend-elements-abandons-unfinished-christian-county-plant-facility-up-for-grabs/,,2022-08-15,2023-10-01,,,US,cancelled,,
150,Leprino Foods Lubbock Plant,Food and Beverage,TX,2022-06,1000000000,600,2025-02-01,2025-01,"PRODUCING; first phase ramping (~300 employees by March 2025, ~600 by 2026)",2.6,0.0,"Greenfield 850,000-sq-ft mozzarella cheese and dairy-nutrition plant on 258 acres in East Lubbock; described by Lubbock EDA as the city's largest-ever private investment. Groundbreaking summer 2022 (site groundbreaking image dated 2022-06-16). Second phase slated to bring total employment to ~600 by 2026.",https://lubbockeda.org/the-global-leader-in-mozzarella-cheese-production-announces-selection-of-lubbock-awarding-lubbocks-largest-private-investment-to-date/,https://www.kcbd.com/2025/01/15/leprino-foods-world-leader-production-mozzarella-cheese-celebrates-opening-lubbock/,,2022-06-15,2025-02-01,2025-01-15,,US,producing,,
151,Boeing South Carolina 787 Final Assembly Expansion (North Charleston),Aerospace and Defense,SC,2024-12,1000000000,1000,2028,pending,UNDER CONSTRUCTION (broke ground 2025-11-07),,,New ~1.2M-sq-ft final assembly building near Charleston International Airport to raise 787 output to a rate of 10 airplanes per month in 2026. Groundbreaking held 2025-11-07; site/staging work underway as of Aug 2025.,https://boeing.mediaroom.com/2025-11-07-Boeing-South-Carolina-Breaks-Ground-on-787-Site-Expansion,https://www.postandcourier.com/business/aerospace/boeing-sc-north-charleston-787-dreamliner-kelly-ortberg/article_685d3eac-b4f8-4624-b77f-73d0e333aab0.html,,2024-12-15,2028-07-01,,,US,under construction,,
152,Mercedes-Benz EV Production Vance/Tuscaloosa (EQ SUV),Auto Assembly,AL,2017-09,1000000000,600,2020,2022,"PRODUCING; builds EQS SUV, EQE SUV and Maybach EQS SUV, battery packs from Bibb County plant",4.8,2.0,"$1B initial 2017 announcement (EV production at Vance/Tuscaloosa assembly plant plus a new lithium-ion battery plant in Bibb County, more than 600 new jobs). Cumulative ~$6.8B total once all expansions complete is later re-announcement per rule 4, not summed. Bibb County battery plant is operational and supplies packs to the assembly line.",https://www.madeinalabama.com/2017/09/mercedes-to-launch-electric-vehicle-production-in-1b-alabama-project/,https://autos.yahoo.com/ev-and-future-tech/articles/mercedes-building-electric-flagship-alabama-193000399.html,,2017-09-15,2020-07-01,2022-07-01,,US,producing,,
153,"Monolith Materials Olive Creek 2 (OC2), Hallam NE",Chemicals and Plastics,NE,2021-01,1000000000,,2025-12-31,pending,"NOT STARTED; construction not yet begun as of ~March 2026, company plans to begin construction later in 2026",,,"Methane-pyrolysis plant making carbon black and low-carbon ammonia. Promise source states 'hundreds of good-paying advanced manufacturing jobs' with no specific number, so promised_jobs left empty. Original conditional ~$1B DOE Title XVII loan guarantee lost (status source: 'halted last year when Monolith lost more than $900M in loan guarantees from the US Department of Energy'); project since rescoped to four production units (~220,000 t/yr carbon black, largest US carbon black plant) and shifting feedstock from natural gas to heavy residual fuel oil.",https://dailyenergyinsider.com/news/28576-monolith-materials-proposes-1b-expansion-of-olive-creek-power-facility-in-nebraska/,https://www.notchconsulting.com/post/monolith-details-expansion-plans-for-nebraska-methane-pyrolysis-plant,,2021-01-15,2025-12-31,,,US,announced,,
154,"Lyten Lithium-Sulfur Gigafactory (Reno AirLogistics Park, Stead)",Battery,NV,2024-10,1000000000,1000,2027,never,CANCELLED (Jan 2026); lease with Reno-Tahoe Airport Authority not agreed; Lyten pivoted to acquiring ex-Northvolt plants in Europe. Never broke ground or produced.,,,"Announced >$1B, 1.25M sq ft, up to 10 GWh/yr, initially 200 jobs growing to more than 1,000. Cancelled January 2026.",https://lyten.com/2024/10/15/lyten-announces-plans-to-build-the-worlds-first-lithium-sulfur-battery-gigafactory-in-nevada/,https://mynews4.com/news/local/no-more-gigafactory-lyten-plan-to-build-lithium-sulfur-facility-in-reno-stead-falls-through,,2024-10-15,2027-07-01,,,US,cancelled,,
155,DENSO Manufacturing Tennessee (DMTN) Maryville electrification expansion,Other,TN,2017-10,1000000000,1000,n/a,2018-12,PRODUCING; plant operating and manufacturing inverters for hybrid vehicles and electrification components,1.2,,"Expansion of DENSO's existing Maryville plant (DMTN, established 1988) to add electrification (EV inverter) and advanced-safety production, making it a North American hub. Lead reports ~4,500 employees across DENSO's Tennessee sites as of 2025.",https://tnecd.com/news/governor-haslam-commissioner-rolfe-and-denso-announce-1-billion-investment-expansion-in-maryville/,https://www.denso.com/us-ca/home/about-us/company-information/us/dmtn/,,2017-10-15,,2018-12-15,https://www.prnewswire.com/news-releases/denso-announces-us-production-of-electrification-product-as-automakers-shift-to-electric-vehicles-300765821.html https://www.autocarpro.in/news-international/denso-begins-electrification-in-us-with-nextgen-inverters-41601,US,producing,,
156,Waaree Solar Americas Brookshire,Solar,TX,2023-12,1000000000,1500,2024-Q4,2025-01,PRODUCING; expanding capacity,1.1,0.2,"Initial nameplate promised 3 GW/yr; commercial production commenced January 2025 at 1.6 GW. April 2025 the company announced doubling Texas capacity to 3.2 GW; further expansion targets 5 GW by 2027 and an integrated solar cell facility. 546,000 sq ft in Brookshire, TX (outside Houston).",https://www.solarpowerworldonline.com/2023/12/waaree-to-open-3-gw-solar-panel-manufacturing-factory-in-texas-in-2024/,https://www.pv-magazine.com/2025/04/10/waaree-energies-to-double-its-solar-module-manufacturing-in-texas/,,2023-12-15,2024-11-15,2025-01-15,https://www.pv-magazine.com/2025/01/24/waarees-1-6-gw-solar-factory-in-texas-starts-commercial-production/,US,producing,,
157,Analog Devices Beaverton Wafer Fab Expansion,Semiconductors,OR,2023-07,1000000000,,2024,unconfirmed,EXPANSION IN PROGRESS; existing fab producing (Jan 2025 CHIPS non-binding memo up to $105M across 3 sites),,,"Expansion of ADI's Beaverton fab (built 1978, ADI's largest wafer fab by volume): cleanroom to ~118,000 sq-ft, nearly doubling 180nm-and-above capacity, on top of ~950 existing Oregon employees. Jan 16, 2025 CHIPS non-binding memorandum for up to $105M covers Beaverton + Camas WA + Chelmsford MA (~500 jobs across all sites, not Beaverton-specific).",https://www.analog.com/en/newsroom/press-releases/2023/7-26-2023-adi-invests-more-than-1billion-semiconductor-facility-oregon.html,https://oregoncapitalchronicle.com/2025/01/16/high-tech-company-with-operations-in-beaverton-wins-105-million-in-chips-funding/,,2023-07-15,2024-07-01,,,US,producing,,
159,"Johnson & Johnson Cell Therapy Manufacturing Facility (Lower Gwynedd, PA)",Pharmaceuticals,PA,2026-02,1000000000,500,n/a,pending,PRE-CONSTRUCTION,,,"Cell therapy manufacturing for cancer/immune-mediated/neurological diseases on a 154-acre parcel in Lower Gwynedd Township, Montgomery County, PA. Capital stated as 'more than $1 billion' (recorded as the $1B floor). 500 figure is direct biomanufacturing jobs; the 4,000 construction jobs are excluded. Distinct from J&J's separate ~$2B Wilson, NC biologics site. Per WHYY, Pennsylvania is committing $41.5 million in tax credits and grants. Lead summary's claimed timeline (construction 2H 2026, production 2031) is NOT stated in either cited source, so it is not recorded on the row.",https://www.jnj.com/media-center/press-releases/johnson-johnson-expands-u-s-footprint-with-more-than-1-billion-investment-in-next-generation-cell-therapy-manufacturing-facility-in-pennsylvania,https://whyy.org/articles/johnson-and-johnson-cell-therapy-plant-pennsylvania/,,2026-02-15,,,,US,announced,,
160,"Highland Materials Polysilicon Plant (Project Rocks), Phipps Bend TN",Solar,TN,2024-04,1000000000,400,2027 (late),pending,"PRE-CONSTRUCTION; engineering phase, on-site construction scheduled Q4 2026",,,"Solar-grade polysilicon plant ('Project Rocks') at former Phipps Bend nuclear site, Hawkins County (Surgoinsville), TN; classified Solar as a solar-supply-chain manufacturing facility (upstream polysilicon feedstock rather than cells/panels). Secured US$255.6M federal 48C tax credit April 2024. Initial capacity 16,000 t/yr rising to 20,000 t/yr within four years. ~140 acres of land secured. $1B total project cost from status_source. Construction start given as H2 2026 (pv-tech) / Q4 2026 (constructionreviewonline), consistent.",https://highlandmaterials.com/highland-materials-secures-us255-6-million-48c-tax-credit-to-build-polysilicon-plant-in-the-us/,https://constructionreviewonline.com/highland-materials-to-build-16000-mt-polysilicon-solar-manufacturing-facility-in-tennessee/,https://www.pv-tech.org/highland-materials-to-begin-polysilicon-plant-construction-in-h2-2026/,2024-04-15,2027-10-01,,,US,announced,,
161,Slate Auto Warsaw EV Assembly Plant,Auto Assembly,IN,2025-04,400000000,2000,2026-Q4,pending,"PRE-PRODUCTION; factory nearing production, deliveries targeted Q4 2026, not yet producing",,,"Conversion of the former RR Donnelly & Sons printing plant (1.4M sq ft) near Warsaw, Kosciusko County, IN. Slate Auto based in Troy, MI. Status source (June 30, 2026) reports 180,000+ reservations and base price $24,950.",https://www.21alivenews.com/2025/04/30/ev-startup-slate-auto-plans-warsaw-production-facility-bringing-2000-jobs/,https://www.inkfreenews.com/2026/06/30/slate-auto-begins-electric-truck-preorders-warsaw-factory-nears-production/,,2025-04-15,2026-11-15,,,US,under construction,,
162,Stellantis Belvidere Assembly Plant,Auto Assembly,IL,2025-01,1200000000,1500,2027,pending,"DELAYED; retooling underway (>$60M spent through July 2026); pilot production slipped to H1 2028, retail production H2 2029",,,"Belvidere idled Feb 2023 after Jeep Cherokee production ended. A late-2023 UAW contract agreement to reopen was reversed/delayed; Stellantis recommitted on Jan 24, 2025 to build an all-new mid-size pickup (targeted 2027). $335M DOE grant awarded July 2024 for EV conversion was put on hold. Investment $600M (announced fall 2025) later raised to more than $800M (Aug 2026); more than $60M spent through July 2026 on stamping, body, paint and general assembly. Plant to build the next-gen Jeep Cherokee on the new STLA One platform (minimum two vehicles, two shifts). Oct 2025 statement cited ~3,300 jobs and a 2027 launch; timeline has since slipped to pilot production H1 2028 / retail production H2 2029.",https://www.manufacturingdive.com/news/stellanitis-commits-reopening-belvidere-assembly-uaw-build-new-truck-2027/738187/ https://www.cbsnews.com/chicago/news/stellantis-belvidere-illinois-auto-plant-investment/,https://www.rockfordnewsfirst.com/2026/08/14/work-underway-reopen-belvidere-assembly-plant-stellantis-outlines-production-timeline/,,2025-01-15,2027-07-01,,,US,under construction,,
163,"Gulf Coast Growth Ventures (Gregory, TX)",Chemicals and Plastics,TX,2019-06,10000000000,600,2022,2022-01-20,OPERATIONAL,2.6,-0.4,"50/50 ExxonMobil-SABIC petrochemical complex: 1.8 million t/yr ethane steam cracker, two polyethylene units and a monoethylene glycol unit near Gregory, San Patricio County, TX. Construction began Q3 2019 (~6,000 construction jobs). FAQ states project startup was completed in Q4 2021; BIC reports operations began Jan 20, 2022 with a community startup celebration on Mar 23, 2022.",https://corporate.exxonmobil.com/news/news-releases/2019/0613_exxonmobil-and-sabic-to-proceed-with-gulf-coast-growth-ventures-project,https://www.bicmagazine.com/projects-expansions/downstream/gcgv-celebrates-successful-startup-at-massive-community-event/,https://www.gcgv.com/our-story/faq,2019-06-15,2022-07-01,2022-01-20,,US,producing,,
164,ExxonMobil Baytown Low-Carbon Hydrogen Facility,Chemicals and Plastics,TX,2023-01,7000000000,,2027,pending,PAUSED,,,"Blue-hydrogen facility at ExxonMobil's Baytown, TX complex: ~1 billion cubic feet/day of low-carbon hydrogen with >98% CO2 capture (~7 Mt/yr) plus low-carbon ammonia. FEED (front-end engineering and design) awarded to Technip Energies on 2023-01-30. Final investment decision targeted 2024, later updated to 2025, and startup later updated to 2029, per the release footnote. Cancelled/paused as reported Nov 2025 after failing to secure offtake customers and the spring-2025 withdrawal of a ~$332M DOE grant.",https://corporate.exxonmobil.com/news/news-releases/2023/0130_exxonmobil-awards-feed-for-worlds-largest-low-carbon-hydrogen-facility,https://www.canarymedia.com/articles/hydrogen/exxon-halts-massive-texas-low-carbon-hydrogen-facility,,2023-01-15,2027-07-01,,,US,paused,,
165,"NXTClean Fuels Renewable Fuels Facility (Port Westward, Clatskanie)",Other,OR,2018-08,1100000000,210,2021,pending,"PRE-CONSTRUCTION; not yet under construction, awaiting final federal permit (US Army Corps draft EIS in public comment through Apr 20, 2026; Corps decision expected summer 2026); operations targeted late 2028-2029",,,"Greenfield renewable diesel and sustainable aviation fuel refinery at Port Westward, Columbia County, OR; up to 50,000 barrels/day. $1.1B is the initial Aug 2018 announcement figure (proposed as Waterside Energy / NEXT Energy Group); the project was later cited at >$1B on the Sep 2019 port lease, ~$2B c. 2021 and ~$2.5B by 2025 - re-announcements per rule 4, not summed here. ~240 permanent jobs and 2,000 construction jobs per both sources. Oregon state permitting: removal-fill and air permits 2022, local land use permits 2024, DEQ 401 water permit approved Jan 7, 2025; final hurdle is the US Army Corps of Engineers federal permit. Formerly NEXT Renewable Fuels.",https://tdn.com/news/local/port-to-consider-1-1-billion-renewable-diesel-plant-in-clatskanie/article_c9a7346e-f795-5011-94cf-d8775f7d76d3.html,https://columbiacountyspotlight.com/2026/03/31/nxtclean-fuels-moves-closer-to-development-public-comment-open/,https://biodieselmagazine.com/articles/nxtclean-fuels-receives-oregon-water-permit-approval-for-25-billion-clean-fuels-facility,2018-08-15,2021-07-01,,,US,announced,,
