id,date,project_id,field,result,value_checked,page,matches,checked_by,backs_current_value
1,2026-09-11,5,announced,confirmed,2018-04,https://www.opportunitylouisiana.gov/news/formosa-selects-st-james-parish-for-9-4-billion-louisiana-project,1,ashwin@industriousaf.org,yes
2,2026-09-11,5,promised_capital_usd,confirmed,9400000000,https://www.opportunitylouisiana.gov/news/formosa-selects-st-james-parish-for-9-4-billion-louisiana-project,3,ashwin@industriousaf.org,yes
3,2026-09-11,5,promised_jobs,confirmed,1200,https://www.opportunitylouisiana.gov/news/formosa-selects-st-james-parish-for-9-4-billion-louisiana-project,2,ashwin@industriousaf.org,yes
4,2026-09-11,1,promised_capital_usd,confirmed,15000000000,https://web.archive.org/web/20220901232321id_/https://www.globenewswire.com/news-release/2022/09/01/2508617/0/en/Micron-to-Invest-15-Billion-in-New-Idaho-Fab-Bringing-Leading-Edge-Memory-Manufacturing-to-the-US.html,5,ashwin@industriousaf.org,yes
5,2026-09-11,1,announced,confirmed,2022-09,https://web.archive.org/web/20220901232321id_/https://www.globenewswire.com/news-release/2022/09/01/2508617/0/en/Micron-to-Invest-15-Billion-in-New-Idaho-Fab-Bringing-Leading-Edge-Memory-Manufacturing-to-the-US.html,3,ashwin@industriousaf.org,yes
6,2026-09-11,1,promised_jobs,confirmed,2000,https://web.archive.org/web/20220901232321id_/https://www.globenewswire.com/news-release/2022/09/01/2508617/0/en/Micron-to-Invest-15-Billion-in-New-Idaho-Fab-Bringing-Leading-Edge-Memory-Manufacturing-to-the-US.html,1,ashwin@industriousaf.org,yes
7,2026-09-11,1,current_status,not stated on the page,"UNDER CONSTRUCTION; first fab scheduled to come online 2027, not yet producing",https://www.cnbc.com/2026/08/20/micron-boise-chip-fab-expansion.html,1,ashwin@industriousaf.org,no
8,2026-09-11,1,promised_first_output,confirmed,2027,https://web.archive.org/web/20220901232321id_/https://www.globenewswire.com/news-release/2022/09/01/2508617/0/en/Micron-to-Invest-15-Billion-in-New-Idaho-Fab-Bringing-Leading-Edge-Memory-Manufacturing-to-the-US.html,0,ashwin@industriousaf.org,no
9,2026-09-11,1,actual_first_output,confirmed,pending,https://www.cnbc.com/2026/08/20/micron-boise-chip-fab-expansion.html,2,ashwin@industriousaf.org,yes
10,2026-09-13,1,current_status,confirmed,"UNDER CONSTRUCTION; first fab scheduled to come online 2027, not yet producing",https://www.cnbc.com/2026/08/20/micron-boise-chip-fab-expansion.html,1,lucas@industriousaf.org,yes
11,2026-09-13,1,promised_first_output,not stated on the page,2027,https://web.archive.org/web/20220901232321id_/https://www.globenewswire.com/news-release/2022/09/01/2508617/0/en/Micron-to-Invest-15-Billion-in-New-Idaho-Fab-Bringing-Leading-Edge-Memory-Manufacturing-to-the-US.html,0,lucas@industriousaf.org,no
12,2026-09-13,2,announced,confirmed,2021-09,https://web.archive.org/web/20210928020723id_/https://media.ford.com/content/fordmedia/fna/us/en/news/2021/09/27/ford-to-lead-americas-shift-to-electric-vehicles.html,2,lucas@industriousaf.org,yes
13,2026-09-13,2,promised_capital_usd,confirmed,5600000000,https://web.archive.org/web/20210928020723id_/https://media.ford.com/content/fordmedia/fna/us/en/news/2021/09/27/ford-to-lead-americas-shift-to-electric-vehicles.html,1,lucas@industriousaf.org,yes
14,2026-09-13,2,promised_jobs,confirmed,6000,https://web.archive.org/web/20210928020723id_/https://media.ford.com/content/fordmedia/fna/us/en/news/2021/09/27/ford-to-lead-americas-shift-to-electric-vehicles.html,3,lucas@industriousaf.org,yes
15,2026-09-13,2,promised_first_output,confirmed,2025,https://web.archive.org/web/20210928020723id_/https://media.ford.com/content/fordmedia/fna/us/en/news/2021/09/27/ford-to-lead-americas-shift-to-electric-vehicles.html,4,lucas@industriousaf.org,yes
16,2026-09-13,2,current_status,confirmed,"NOT IN PRODUCTION; delayed, EV plans dropped, gas-powered trucks now targeted for 2029",https://web.archive.org/web/20260724035905id_/https://tennesseelookout.com/2026/07/23/what-to-know-about-fords-blueoval-city-plant-5-years-later/,4,lucas@industriousaf.org,yes
17,2026-09-13,2,actual_first_output,confirmed,pending,https://web.archive.org/web/20260724035905id_/https://tennesseelookout.com/2026/07/23/what-to-know-about-fords-blueoval-city-plant-5-years-later/,4,lucas@industriousaf.org,yes
18,2026-09-13,3,announced,confirmed,2019-07,https://www.prnewswire.com/news-releases/steel-dynamics-announces-planned-new-flat-roll-steel-mill-site-selection-300888920.html,2,lucas@industriousaf.org,yes
19,2026-09-13,3,promised_capital_usd,confirmed,1900000000,https://www.prnewswire.com/news-releases/steel-dynamics-announces-planned-new-flat-roll-steel-mill-site-selection-300888920.html,1,lucas@industriousaf.org,yes
20,2026-09-13,3,promised_jobs,confirmed,600,https://www.prnewswire.com/news-releases/steel-dynamics-announces-planned-new-flat-roll-steel-mill-site-selection-300888920.html,1,lucas@industriousaf.org,yes
21,2026-09-13,3,promised_first_output,confirmed,2021 (mid),https://www.prnewswire.com/news-releases/steel-dynamics-announces-planned-new-flat-roll-steel-mill-site-selection-300888920.html,1,lucas@industriousaf.org,yes
22,2026-09-13,3,actual_first_output,confirmed,2022,https://www.gem.wiki/Steel_Dynamics_Sinton_plant,4,lucas@industriousaf.org,no
23,2026-09-13,3,current_status,confirmed,OPERATING; ~2.2M tonnes produced 2024 vs ~2.7M-tonne nominal capacity,https://www.gem.wiki/Steel_Dynamics_Sinton_plant,1,lucas@industriousaf.org,yes
24,2026-09-13,4,announced,confirmed,2023-01,https://web.archive.org/web/20230111150947id_/https://www.georgia.org/press-release/qcells-more-double-production-georgia-create-2500-new-jobs,0,lucas@industriousaf.org,yes
25,2026-09-13,4,promised_capital_usd,confirmed,2500000000,https://web.archive.org/web/20230111150947id_/https://www.georgia.org/press-release/qcells-more-double-production-georgia-create-2500-new-jobs,0,lucas@industriousaf.org,yes
26,2026-09-13,4,promised_jobs,confirmed,2000,https://web.archive.org/web/20230111150947id_/https://www.georgia.org/press-release/qcells-more-double-production-georgia-create-2500-new-jobs,0,lucas@industriousaf.org,yes
27,2026-09-13,4,actual_first_output,confirmed,2024-04,https://pv-magazine-usa.com/2026/06/09/qcells-begins-production-of-solar-cells-in-cartersville-georgia/,1,lucas@industriousaf.org,yes
28,2026-09-13,4,current_status,confirmed,"PRODUCING; module assembly at full capacity, solar-cell production started, ramping to full vertical integration by Q3 2026",https://pv-magazine-usa.com/2026/06/09/qcells-begins-production-of-solar-cells-in-cartersville-georgia/,2,lucas@industriousaf.org,yes
29,2026-09-13,4,promised_first_output,confirmed,n/a,https://web.archive.org/web/20230111150947id_/https://www.georgia.org/press-release/qcells-more-double-production-georgia-create-2500-new-jobs,0,lucas@industriousaf.org,no
30,2026-09-13,5,current_status,confirmed,"NOT BUILT; major construction on hold, preconstruction permit extensions challenged in 2026 lawsuit; federal permits still outstanding",,,lucas@industriousaf.org,yes
31,2026-09-13,7,promised_jobs,confirmed,2000,https://web.archive.org/web/20230526183447id_/https://www.georgia.org/press-release/korean-battery-manufacturer-create-more-2000-jobs-jackson-county,0,lucas@industriousaf.org,yes
32,2026-09-13,7,promised_capital_usd,confirmed,1670000000,https://web.archive.org/web/20230526183447id_/https://www.georgia.org/press-release/korean-battery-manufacturer-create-more-2000-jobs-jackson-county,0,lucas@industriousaf.org,yes
33,2026-09-13,7,announced,confirmed,2018-11,https://web.archive.org/web/20230526183447id_/https://www.georgia.org/press-release/korean-battery-manufacturer-create-more-2000-jobs-jackson-county,0,lucas@industriousaf.org,yes
34,2026-09-13,7,actual_first_output,confirmed,2022 (first half),https://gasiantimes.com/business/2026/03/09/nearly-1000-jobs-cut-at-sk-batterys-georgia-plant-as-ev-market-headwinds-intensify/,2,lucas@industriousaf.org,yes
35,2026-09-13,7,current_status,confirmed,"OPERATING (downsized); 958 laid off Mar 2026, ~1,600 remain; pivoting to BESS after loss of Ford F-150 Lightning anchor",https://gasiantimes.com/business/2026/03/09/nearly-1000-jobs-cut-at-sk-batterys-georgia-plant-as-ev-market-headwinds-intensify/,1,lucas@industriousaf.org,yes
36,2026-09-13,5,promised_first_output,confirmed,n/a,https://www.opportunitylouisiana.gov/news/formosa-selects-st-james-parish-for-9-4-billion-louisiana-project,1,lucas@industriousaf.org,no
37,2026-09-13,5,actual_first_output,confirmed,pending,https://earthjustice.org/press/2026/groups-sue-over-formosa-plastics-permit-extensions,0,lucas@industriousaf.org,yes
38,2026-09-13,6,announced,confirmed,2020-05,https://pr.tsmc.com/english/news/2033,2,lucas@industriousaf.org,yes
39,2026-09-13,6,promised_capital_usd,confirmed,12000000000,https://pr.tsmc.com/english/news/2033,1,lucas@industriousaf.org,yes
40,2026-09-13,6,promised_jobs,confirmed,1600,https://pr.tsmc.com/english/news/2033,1,lucas@industriousaf.org,yes
41,2026-09-13,6,promised_first_output,confirmed,2024,https://pr.tsmc.com/english/news/2033,1,lucas@industriousaf.org,yes
42,2026-09-13,6,actual_first_output,confirmed,2024 (second half),,,lucas@industriousaf.org,yes
43,2026-09-13,6,current_status,confirmed,AT VOLUME (N4 high-volume production),,,lucas@industriousaf.org,yes
44,2026-09-13,8,announced,confirmed,2025-04,https://www.prnewswire.com/news-releases/building-for-the-future-chobani-invests-1-2-billion-in-upstate-new-york-to-build-third-us-dairy-processing-plant-302434586.html,2,lucas@industriousaf.org,yes
45,2026-09-13,8,promised_capital_usd,confirmed,1200000000,https://www.prnewswire.com/news-releases/building-for-the-future-chobani-invests-1-2-billion-in-upstate-new-york-to-build-third-us-dairy-processing-plant-302434586.html,5,lucas@industriousaf.org,yes
46,2026-09-13,8,promised_jobs,confirmed,1000,https://www.prnewswire.com/news-releases/building-for-the-future-chobani-invests-1-2-billion-in-upstate-new-york-to-build-third-us-dairy-processing-plant-302434586.html,3,lucas@industriousaf.org,yes
47,2026-09-13,8,actual_first_output,confirmed,pending,https://www.foodprocessing.com/business-of-food-beverage/capital-spending/news/55397882/chobani-updates-construction-status-on-12-billion-rome-new-york-facility,2,lucas@industriousaf.org,yes
48,2026-09-13,8,current_status,confirmed,DELAYED; construction not substantially begun; Phase 1 slated spring 2027-summer 2028,https://www.foodprocessing.com/business-of-food-beverage/capital-spending/news/55397882/chobani-updates-construction-status-on-12-billion-rome-new-york-facility,2,lucas@industriousaf.org,yes
49,2026-09-13,7,promised_first_output,confirmed,n/a,https://web.archive.org/web/20230526183447id_/https://www.georgia.org/press-release/korean-battery-manufacturer-create-more-2000-jobs-jackson-county,0,lucas@industriousaf.org,no
50,2026-09-13,8,promised_first_output,confirmed,2027,https://www.prnewswire.com/news-releases/building-for-the-future-chobani-invests-1-2-billion-in-upstate-new-york-to-build-third-us-dairy-processing-plant-302434586.html,0,lucas@industriousaf.org,no
51,2026-09-13,9,announced,confirmed,2017-07,https://www.wpr.org/economy/foxconn-build-10b-electronics-plant-wisconsin,2,lucas@industriousaf.org,yes
52,2026-09-13,9,promised_capital_usd,confirmed,10000000000,https://www.wpr.org/economy/foxconn-build-10b-electronics-plant-wisconsin,3,lucas@industriousaf.org,yes
53,2026-09-13,9,promised_jobs,confirmed,13000,https://www.wpr.org/economy/foxconn-build-10b-electronics-plant-wisconsin,1,lucas@industriousaf.org,yes
54,2026-09-13,9,promised_first_output,confirmed,2020,https://www.wpr.org/economy/foxconn-build-10b-electronics-plant-wisconsin,1,lucas@industriousaf.org,yes
55,2026-09-13,9,actual_first_output,confirmed,unconfirmed,https://web.archive.org/web/20251201182313id_/https://www.constructiondive.com/news/foxconn-569m-expanding-mount-pleasant-wisconsin-open-ai-collaboration/806647/,0,lucas@industriousaf.org,no
56,2026-09-13,9,current_status,confirmed,"PROMISED LCD FAB NEVER BUILT; site pivoted to AI data-center infrastructure; ~$717M invested and 1,242 jobs through Dec 31, 2024",https://web.archive.org/web/20251201182313id_/https://www.constructiondive.com/news/foxconn-569m-expanding-mount-pleasant-wisconsin-open-ai-collaboration/806647/,0,lucas@industriousaf.org,yes
57,2026-09-13,11,announced,confirmed,2024-10,https://www.jnj.com/media-center/press-releases/johnson-johnson-to-invest-more-than-2-billion-in-new-advanced-technology-manufacturing-facility-in-north-carolina-to-support-robust-portfolio-growth,0,lucas@industriousaf.org,yes
58,2026-09-13,11,promised_capital_usd,confirmed,2000000000,https://www.jnj.com/media-center/press-releases/johnson-johnson-to-invest-more-than-2-billion-in-new-advanced-technology-manufacturing-facility-in-north-carolina-to-support-robust-portfolio-growth,0,lucas@industriousaf.org,yes
59,2026-09-13,11,promised_jobs,confirmed,420,https://www.jnj.com/media-center/press-releases/johnson-johnson-to-invest-more-than-2-billion-in-new-advanced-technology-manufacturing-facility-in-north-carolina-to-support-robust-portfolio-growth,0,lucas@industriousaf.org,yes
60,2026-09-13,10,announced,confirmed,2022-01,https://www.intc.com/news-events/press-releases/detail/1521/intel-announces-next-us-site-with-landmark-investment-in,11,lucas@industriousaf.org,yes
61,2026-09-13,10,promised_capital_usd,confirmed,20000000000,https://www.intc.com/news-events/press-releases/detail/1521/intel-announces-next-us-site-with-landmark-investment-in,6,lucas@industriousaf.org,yes
62,2026-09-13,10,promised_jobs,confirmed,3000,https://www.intc.com/news-events/press-releases/detail/1521/intel-announces-next-us-site-with-landmark-investment-in,1,lucas@industriousaf.org,yes
63,2026-09-13,10,promised_first_output,confirmed,2025,https://www.intc.com/news-events/press-releases/detail/1521/intel-announces-next-us-site-with-landmark-investment-in,5,lucas@industriousaf.org,yes
64,2026-09-13,10,current_status,confirmed,"DELAYED; under construction, first fab now targeted 2030-2031",https://www.wosu.org/2026-08-26/slow-progress-continues-at-intels-new-albany-semiconductor-fab-still-set-to-open-by-2031,1,lucas@industriousaf.org,yes
65,2026-09-13,10,actual_first_output,confirmed,pending,https://www.wosu.org/2026-08-26/slow-progress-continues-at-intels-new-albany-semiconductor-fab-still-set-to-open-by-2031,0,lucas@industriousaf.org,yes
66,2026-09-13,11,promised_first_output,confirmed,n/a,https://www.jnj.com/media-center/press-releases/johnson-johnson-to-invest-more-than-2-billion-in-new-advanced-technology-manufacturing-facility-in-north-carolina-to-support-robust-portfolio-growth,0,lucas@industriousaf.org,no
67,2026-09-13,11,current_status,confirmed,UNDER CONSTRUCTION; hiring ramping up,https://governor.nc.gov/news/press-releases/2026/01/09/governor-stein-announces-johnson-johnson-will-build-second-major-facility-wilson-county,0,lucas@industriousaf.org,yes
68,2026-09-13,11,actual_first_output,confirmed,pending,https://governor.nc.gov/news/press-releases/2026/01/09/governor-stein-announces-johnson-johnson-will-build-second-major-facility-wilson-county,1,lucas@industriousaf.org,yes
69,2026-09-13,12,announced,confirmed,2019-03,https://newkentuckyhome.ky.gov/Newsroom/NewsPage/03272019_Nucor_Corp,2,lucas@industriousaf.org,yes
70,2026-09-13,12,promised_capital_usd,confirmed,1350000000,https://newkentuckyhome.ky.gov/Newsroom/NewsPage/03272019_Nucor_Corp,1,lucas@industriousaf.org,yes
71,2026-09-13,12,promised_jobs,confirmed,400,https://newkentuckyhome.ky.gov/Newsroom/NewsPage/03272019_Nucor_Corp,3,lucas@industriousaf.org,yes
72,2026-09-13,12,promised_first_output,confirmed,2022,https://newkentuckyhome.ky.gov/Newsroom/NewsPage/03272019_Nucor_Corp,1,lucas@industriousaf.org,yes
73,2026-09-13,12,current_status,confirmed,"IN COMMERCIAL PRODUCTION; grand opening Oct 2023, employs 440",https://www.lanereport.com/168380/2023/10/1-7-billion-nucor-steel-plate-mill-in-brandenburg-has-grand-opening/,6,lucas@industriousaf.org,yes
74,2026-09-13,12,actual_first_output,confirmed,2022-12-30,https://www.lanereport.com/168380/2023/10/1-7-billion-nucor-steel-plate-mill-in-brandenburg-has-grand-opening/,0,lucas@industriousaf.org,yes
75,2026-09-13,13,announced,confirmed,2023-03,,,lucas@industriousaf.org,yes
76,2026-09-13,13,promised_capital_usd,confirmed,2000000000,,,lucas@industriousaf.org,yes
77,2026-09-13,13,promised_jobs,confirmed,4000,,,lucas@industriousaf.org,yes
78,2026-09-13,13,promised_first_output,confirmed,2026 (end),,,lucas@industriousaf.org,yes
79,2026-09-13,13,actual_first_output,confirmed,pending,https://blog.scoutmotors.com/july-2026-scout-motors-production-center-update/,1,lucas@industriousaf.org,yes
80,2026-09-13,13,current_status,confirmed,UNDER CONSTRUCTION; not yet producing (body/paint/assembly shops being outfitted per July 2026 update),https://blog.scoutmotors.com/july-2026-scout-motors-production-center-update/,0,lucas@industriousaf.org,yes
81,2026-09-13,18,announced,confirmed,2022-05,,,lucas@industriousaf.org,yes
82,2026-09-13,18,promised_capital_usd,confirmed,2100000000,,,lucas@industriousaf.org,yes
83,2026-09-13,18,promised_jobs,confirmed,500,,,lucas@industriousaf.org,yes
84,2026-09-13,14,announced,confirmed,2021-11,https://news.samsung.com/global/samsung-electronics-announces-new-advanced-semiconductor-fab-site-in-taylor-texas,2,lucas@industriousaf.org,yes
85,2026-09-13,14,promised_capital_usd,confirmed,17000000000,https://news.samsung.com/global/samsung-electronics-announces-new-advanced-semiconductor-fab-site-in-taylor-texas,3,lucas@industriousaf.org,yes
86,2026-09-13,14,promised_jobs,confirmed,2000,https://news.samsung.com/global/samsung-electronics-announces-new-advanced-semiconductor-fab-site-in-taylor-texas,1,lucas@industriousaf.org,yes
87,2026-09-13,14,promised_first_output,confirmed,2024 (second half),https://news.samsung.com/global/samsung-electronics-announces-new-advanced-semiconductor-fab-site-in-taylor-texas,1,lucas@industriousaf.org,yes
88,2026-09-13,14,actual_first_output,confirmed,pending,https://www.trendforce.com/news/2026/06/02/news-samsung-accelerates-u-s-expansion-as-taylor-fab-targets-2027-start-hq-reportedly-moves-to-texas-in-2026/,2,lucas@industriousaf.org,yes
89,2026-09-13,14,current_status,confirmed,"DELAYED; not yet operational, mass production slipped to 2027",https://www.trendforce.com/news/2026/06/02/news-samsung-accelerates-u-s-expansion-as-taylor-fab-targets-2027-start-hq-reportedly-moves-to-texas-in-2026/,0,lucas@industriousaf.org,yes
90,2026-09-13,15,promised_capital_usd,confirmed,5540000000,https://web.archive.org/web/20220520192527id_/https://www.georgia.org/press-release/hyundai-motor-group-invest-554-billion-georgia-first-fully-dedicated-electric-vehicle,0,lucas@industriousaf.org,yes
91,2026-09-13,15,announced,confirmed,2022-05,https://web.archive.org/web/20220520192527id_/https://www.georgia.org/press-release/hyundai-motor-group-invest-554-billion-georgia-first-fully-dedicated-electric-vehicle,0,lucas@industriousaf.org,yes
92,2026-09-13,15,promised_jobs,confirmed,8100,https://web.archive.org/web/20220520192527id_/https://www.georgia.org/press-release/hyundai-motor-group-invest-554-billion-georgia-first-fully-dedicated-electric-vehicle,0,lucas@industriousaf.org,yes
93,2026-09-13,15,promised_first_output,confirmed,2025 (first half),https://web.archive.org/web/20220520192527id_/https://www.georgia.org/press-release/hyundai-motor-group-invest-554-billion-georgia-first-fully-dedicated-electric-vehicle,0,lucas@industriousaf.org,yes
94,2026-09-13,15,actual_first_output,confirmed,2024-10-03,,,lucas@industriousaf.org,yes
95,2026-09-13,15,current_status,confirmed,"PRODUCING (Ioniq 5, Ioniq 9, Kia Sportage hybrid); ramping toward ~500,000-unit annual plan",,,lucas@industriousaf.org,yes
96,2026-09-13,16,announced,confirmed,2023-08,https://www.opportunitylouisiana.gov/news/first-solar-to-invest-up-to-1-1-billion-to-build-solar-panel-manufacturing-facility-in-acadiana-create-over-700-new-direct-jobs,1,lucas@industriousaf.org,yes
97,2026-09-13,16,promised_capital_usd,confirmed,1100000000,https://www.opportunitylouisiana.gov/news/first-solar-to-invest-up-to-1-1-billion-to-build-solar-panel-manufacturing-facility-in-acadiana-create-over-700-new-direct-jobs,2,lucas@industriousaf.org,yes
98,2026-09-13,16,promised_jobs,confirmed,700,https://www.opportunitylouisiana.gov/news/first-solar-to-invest-up-to-1-1-billion-to-build-solar-panel-manufacturing-facility-in-acadiana-create-over-700-new-direct-jobs,2,lucas@industriousaf.org,yes
99,2026-09-13,16,promised_first_output,confirmed,2026 (first half),https://www.opportunitylouisiana.gov/news/first-solar-to-invest-up-to-1-1-billion-to-build-solar-panel-manufacturing-facility-in-acadiana-create-over-700-new-direct-jobs,2,lucas@industriousaf.org,yes
100,2026-09-13,16,actual_first_output,confirmed,2025-07,https://taiyangnews.info/markets/first-solar-louisiana-factory-online,2,lucas@industriousaf.org,yes
101,2026-09-13,16,current_status,confirmed,OPERATIONAL; ramping toward 3.5 GW annual capacity,https://taiyangnews.info/markets/first-solar-louisiana-factory-online,1,lucas@industriousaf.org,no
102,2026-09-13,17,promised_jobs,confirmed,1750,https://web.archive.org/web/20211206204226id_/https://governor.nc.gov/news/press-releases/2021/12/06/governor-cooper-announces-toyota-will-build-companys-first-north-american-battery-plant-north,3,lucas@industriousaf.org,yes
103,2026-09-13,17,announced,confirmed,2021-12,https://web.archive.org/web/20211206204226id_/https://governor.nc.gov/news/press-releases/2021/12/06/governor-cooper-announces-toyota-will-build-companys-first-north-american-battery-plant-north,2,lucas@industriousaf.org,yes
104,2026-09-13,17,promised_capital_usd,confirmed,1290000000,https://web.archive.org/web/20211206204226id_/https://governor.nc.gov/news/press-releases/2021/12/06/governor-cooper-announces-toyota-will-build-companys-first-north-american-battery-plant-north,2,lucas@industriousaf.org,yes
105,2026-09-13,17,promised_first_output,confirmed,2025-04,https://web.archive.org/web/20211206204226id_/https://governor.nc.gov/news/press-releases/2021/12/06/governor-cooper-announces-toyota-will-build-companys-first-north-american-battery-plant-north,0,lucas@industriousaf.org,no
106,2026-09-13,17,current_status,confirmed,"READY; first batteries slated to begin shipping April 2025, not yet confirmed producing per sources",https://web.archive.org/web/20250215024249id_/https://www.utilitydive.com/news/toyota-begins-production-expanded-north-carolina-plant/739777/,0,lucas@industriousaf.org,yes
107,2026-09-13,17,actual_first_output,confirmed,pending,https://web.archive.org/web/20250215024249id_/https://www.utilitydive.com/news/toyota-begins-production-expanded-north-carolina-plant/739777/,0,lucas@industriousaf.org,no
108,2026-09-13,18,promised_first_output,confirmed,n/a,https://web.archive.org/web/20220525175542id_/https://investor.lilly.com/news-releases/news-release-details/lilly-plans-invest-21-billion-new-manufacturing-sites-indiana,2,lucas@industriousaf.org,no
109,2026-09-13,18,actual_first_output,confirmed,pending,,,lucas@industriousaf.org,yes
110,2026-09-13,18,current_status,confirmed,"UNDER CONSTRUCTION; first facility (Lilly Lebanon Advanced Therapies genetic-medicine plant) first phase opened May 6, 2026; Lebanon API site slated to open 2027; not yet producing",,,lucas@industriousaf.org,yes
111,2026-09-13,24,announced,confirmed,2022-07,https://www.kansascommerce.gov/2022/07/kansas-lands-4b-4000-job-panasonic-energy-electric-vehicle-battery-plant/,5,lucas@industriousaf.org,yes
112,2026-09-13,24,promised_capital_usd,confirmed,4000000000,https://www.kansascommerce.gov/2022/07/kansas-lands-4b-4000-job-panasonic-energy-electric-vehicle-battery-plant/,2,lucas@industriousaf.org,yes
113,2026-09-13,24,promised_jobs,confirmed,4000,https://www.kansascommerce.gov/2022/07/kansas-lands-4b-4000-job-panasonic-energy-electric-vehicle-battery-plant/,4,lucas@industriousaf.org,yes
114,2026-09-13,24,actual_first_output,confirmed,2025-07,,,lucas@industriousaf.org,yes
115,2026-09-13,20,promised_capital_usd,confirmed,2000000000,https://www.prnewswire.com/news-releases/fujifilm-selects-north-carolina-as-the-location-to-build-the-largest-cell-culture-biopharmaceutical-cdmo-facility-in-north-america-301250547.html,2,lucas@industriousaf.org,yes
116,2026-09-13,20,announced,confirmed,2021-03,https://www.prnewswire.com/news-releases/fujifilm-selects-north-carolina-as-the-location-to-build-the-largest-cell-culture-biopharmaceutical-cdmo-facility-in-north-america-301250547.html,2,lucas@industriousaf.org,yes
117,2026-09-13,20,promised_jobs,confirmed,725,https://www.prnewswire.com/news-releases/fujifilm-selects-north-carolina-as-the-location-to-build-the-largest-cell-culture-biopharmaceutical-cdmo-facility-in-north-america-301250547.html,2,lucas@industriousaf.org,yes
118,2026-09-13,20,promised_first_output,confirmed,2025 (first half),https://www.prnewswire.com/news-releases/fujifilm-selects-north-carolina-as-the-location-to-build-the-largest-cell-culture-biopharmaceutical-cdmo-facility-in-north-america-301250547.html,1,lucas@industriousaf.org,yes
119,2026-09-13,19,announced,confirmed,2022-05,,,lucas@industriousaf.org,yes
120,2026-09-13,19,promised_capital_usd,confirmed,30000000000,,,lucas@industriousaf.org,yes
121,2026-09-13,19,promised_jobs,confirmed,3000,,,lucas@industriousaf.org,yes
122,2026-09-13,19,promised_first_output,confirmed,2025,,,lucas@industriousaf.org,yes
123,2026-09-13,19,actual_first_output,confirmed,2025-12,,,lucas@industriousaf.org,yes
124,2026-09-13,19,current_status,confirmed,PRODUCING; SM1 ramping according to customer demand,,,lucas@industriousaf.org,yes
125,2026-09-13,20,current_status,confirmed,"PHASE 1 OPENED (Sep 2025); 8 x 20,000L bioreactors for drug substance/product; finished-goods capabilities slated for 2026",https://www.contractpharma.com/breaking-news/fujifilm-opens-new-manufacturing-site-in-holly-springs-nc/,1,lucas@industriousaf.org,yes
126,2026-09-13,20,actual_first_output,confirmed,unconfirmed,https://www.contractpharma.com/breaking-news/fujifilm-opens-new-manufacturing-site-in-holly-springs-nc/,1,lucas@industriousaf.org,yes
127,2026-09-13,21,promised_capital_usd,confirmed,1600000000,,,lucas@industriousaf.org,yes
128,2026-09-13,21,promised_jobs,confirmed,4000,,,lucas@industriousaf.org,yes
129,2026-09-13,21,promised_first_output,confirmed,2021,,,lucas@industriousaf.org,yes
130,2026-09-13,21,announced,confirmed,2018-01,,,lucas@industriousaf.org,yes
131,2026-09-13,21,current_status,confirmed,IN FULL OPERATION; building Mazda CX-50 and Toyota Corolla Cross for North America,,,lucas@industriousaf.org,yes
132,2026-09-13,21,actual_first_output,confirmed,2021-09-30,,,lucas@industriousaf.org,yes
133,2026-09-13,22,announced,confirmed,2022-01,https://www.arkansasedc.com/news-events/newsroom/detail/2022/01/11/u.-s.-steel-selects-osceola-arkansas-as-location-for-most-advanced-steelmaking-facility-in-north-america,4,lucas@industriousaf.org,yes
134,2026-09-13,22,promised_capital_usd,confirmed,3000000000,https://www.arkansasedc.com/news-events/newsroom/detail/2022/01/11/u.-s.-steel-selects-osceola-arkansas-as-location-for-most-advanced-steelmaking-facility-in-north-america,1,lucas@industriousaf.org,yes
135,2026-09-13,22,promised_jobs,confirmed,,https://www.arkansasedc.com/news-events/newsroom/detail/2022/01/11/u.-s.-steel-selects-osceola-arkansas-as-location-for-most-advanced-steelmaking-facility-in-north-america,0,lucas@industriousaf.org,no
136,2026-09-13,22,promised_first_output,confirmed,2024,https://www.arkansasedc.com/news-events/newsroom/detail/2022/01/11/u.-s.-steel-selects-osceola-arkansas-as-location-for-most-advanced-steelmaking-facility-in-north-america,1,lucas@industriousaf.org,yes
137,2026-09-13,23,announced,confirmed,2019-12,,,lucas@industriousaf.org,yes
138,2026-09-13,23,promised_capital_usd,confirmed,2300000000,,,lucas@industriousaf.org,yes
139,2026-09-13,23,promised_jobs,confirmed,1100,,,lucas@industriousaf.org,yes
140,2026-09-13,23,actual_first_output,confirmed,2022-08,,,lucas@industriousaf.org,yes
141,2026-09-13,23,current_status,confirmed,"RESTARTING after ~7-month shutdown (paused Jan 2026); ~1,400 workers recalled",,,lucas@industriousaf.org,yes
142,2026-09-13,22,current_status,confirmed,"CONSTRUCTION COMPLETE late 2025; ramping toward full production, expected early 2026",https://www.gem.wiki/U.S._Steel_Big_River_Steel_plant,0,lucas@industriousaf.org,no
143,2026-09-13,22,actual_first_output,confirmed,unconfirmed,https://www.gem.wiki/U.S._Steel_Big_River_Steel_plant,1,lucas@industriousaf.org,no
144,2026-09-13,23,promised_first_output,confirmed,n/a,https://www.cnbc.com/2019/12/05/gm-lg-to-form-2point3-billion-joint-venture-for-battery-cell-production.html,9,lucas@industriousaf.org,no
145,2026-09-13,24,promised_first_output,confirmed,n/a,https://www.kansascommerce.gov/2022/07/kansas-lands-4b-4000-job-panasonic-energy-electric-vehicle-battery-plant/,5,lucas@industriousaf.org,no
146,2026-09-13,24,current_status,confirmed,"PRODUCING; ramp to full capacity delayed; four production lines operating, ~1,800 employees, second wing under construction",https://web.archive.org/web/20260617212833id_/https://kansasreflector.com/2026/06/17/panasonic-to-shift-some-kansas-production-lines-to-make-ai-data-center-batteries/,7,lucas@industriousaf.org,yes
147,2026-09-13,25,announced,confirmed,2022-11,https://www.cpchem.com/media-events/news/news-release/chevron-phillips-chemical-and-qatarenergy-construct-integrated,1,lucas@industriousaf.org,yes
148,2026-09-13,25,promised_capital_usd,confirmed,8500000000,https://www.cpchem.com/media-events/news/news-release/chevron-phillips-chemical-and-qatarenergy-construct-integrated,1,lucas@industriousaf.org,yes
149,2026-09-13,25,promised_jobs,confirmed,500,https://www.cpchem.com/media-events/news/news-release/chevron-phillips-chemical-and-qatarenergy-construct-integrated,2,lucas@industriousaf.org,yes
150,2026-09-13,25,promised_first_output,confirmed,2026,https://www.cpchem.com/media-events/news/news-release/chevron-phillips-chemical-and-qatarenergy-construct-integrated,2,lucas@industriousaf.org,yes
151,2026-09-13,26,announced,confirmed,2021-12,https://gov.georgia.gov/press-releases/2021-12-16/gov-kemp-welcomes-rivian-single-largest-economic-development-project,1,lucas@industriousaf.org,yes
152,2026-09-13,26,promised_capital_usd,confirmed,5000000000,https://gov.georgia.gov/press-releases/2021-12-16/gov-kemp-welcomes-rivian-single-largest-economic-development-project,1,lucas@industriousaf.org,yes
153,2026-09-13,26,promised_jobs,confirmed,7500,https://gov.georgia.gov/press-releases/2021-12-16/gov-kemp-welcomes-rivian-single-largest-economic-development-project,1,lucas@industriousaf.org,yes
154,2026-09-13,26,promised_first_output,confirmed,2024,https://gov.georgia.gov/press-releases/2021-12-16/gov-kemp-welcomes-rivian-single-largest-economic-development-project,1,lucas@industriousaf.org,yes
155,2026-09-13,25,actual_first_output,confirmed,pending,https://www.bicmagazine.com/departments/operations/cpchem-golden-triangle-polymers-facility-startup-phase/,3,lucas@industriousaf.org,yes
156,2026-09-13,25,current_status,confirmed,COMMISSIONING/STARTUP; full operation expected 2027,https://www.bicmagazine.com/departments/operations/cpchem-golden-triangle-polymers-facility-startup-phase/,0,lucas@industriousaf.org,yes
157,2026-09-13,27,promised_capital_usd,confirmed,100000000000,,,lucas@industriousaf.org,yes
158,2026-09-13,27,announced,confirmed,2022-10,,,lucas@industriousaf.org,yes
159,2026-09-13,27,promised_jobs,confirmed,9000,,,lucas@industriousaf.org,yes
160,2026-09-13,27,actual_first_output,confirmed,pending,,,lucas@industriousaf.org,yes
161,2026-09-13,26,current_status,confirmed,"UNDER CONSTRUCTION; excavation for foundations underway, buildings targeted 2027, production expected 2028",https://www.ajc.com/business/2026/08/rivian-says-construction-progressing-well-at-5b-georgia-factory-site/,1,lucas@industriousaf.org,yes
162,2026-09-13,26,actual_first_output,confirmed,pending,https://www.ajc.com/business/2026/08/rivian-says-construction-progressing-well-at-5b-georgia-factory-site/,0,lucas@industriousaf.org,yes
163,2026-09-13,28,announced,confirmed,2023-03,https://news.lgensol.com/company-news/press-releases/1613/,2,lucas@industriousaf.org,no
164,2026-09-13,28,promised_capital_usd,confirmed,5500000000,https://news.lgensol.com/company-news/press-releases/1613/,1,lucas@industriousaf.org,no
165,2026-09-13,28,promised_first_output,confirmed,2025,https://news.lgensol.com/company-news/press-releases/1613/,2,lucas@industriousaf.org,no
166,2026-09-13,28,current_status,confirmed,"UNDER CONSTRUCTION; ~60% complete, production targeted summer 2026; ESS plant suspended since June 2024",https://www.abc15.com/news/business/lg-energy-solutions-queen-creek-battery-plant-nears-completion-hiring-ramps-up,2,lucas@industriousaf.org,yes
167,2026-09-13,28,promised_jobs,confirmed,,https://news.lgensol.com/company-news/press-releases/1613/,0,lucas@industriousaf.org,no
168,2026-09-13,27,current_status,confirmed,"UNDER CONSTRUCTION; first concrete poured Jul 2026, ahead of schedule",https://spectrumlocalnews.com/nys/central-ny/news/2026/07/09/first-concrete-poured-at-micron-clay-facility-ahead-of-schedule,0,lucas@industriousaf.org,yes
169,2026-09-13,27,promised_first_output,confirmed,2027,https://investors.micron.com/news/press-release/2022/Micron-Announces-Historic-Investment-of-up-to-100-Billion-to-Build-Megafab-in-Central-New-York-10-04-2022/default.aspx,0,lucas@industriousaf.org,no
170,2026-09-13,28,actual_first_output,confirmed,pending,https://www.abc15.com/news/business/lg-energy-solutions-queen-creek-battery-plant-nears-completion-hiring-ramps-up,2,lucas@industriousaf.org,yes
171,2026-09-13,29,promised_capital_usd,confirmed,3870000000,https://news.skhynix.com/en/sk-hynix-signs-investment-agreement-of-advanced-chip-packaging-with-indiana/,2,lucas@industriousaf.org,yes
172,2026-09-13,29,announced,confirmed,2024-04,https://news.skhynix.com/en/sk-hynix-signs-investment-agreement-of-advanced-chip-packaging-with-indiana/,2,lucas@industriousaf.org,yes
173,2026-09-13,29,promised_jobs,confirmed,1000,https://news.skhynix.com/en/sk-hynix-signs-investment-agreement-of-advanced-chip-packaging-with-indiana/,1,lucas@industriousaf.org,yes
174,2026-09-13,29,promised_first_output,confirmed,2028 (second half),https://news.skhynix.com/en/sk-hynix-signs-investment-agreement-of-advanced-chip-packaging-with-indiana/,1,lucas@industriousaf.org,yes
175,2026-09-13,29,actual_first_output,confirmed,pending,,,lucas@industriousaf.org,yes
176,2026-09-13,29,current_status,confirmed,"UNDER CONSTRUCTION; groundbreaking Aug 27 2026, first cleanroom targeted Oct 2028",https://www.cnbc.com/2026/08/27/sk-hynix-ceo-says-indiana-will-be-key-memory-production-base-by-2030.html,4,lucas@industriousaf.org,yes
177,2026-09-13,30,promised_jobs,confirmed,1300,,,lucas@industriousaf.org,yes
178,2026-09-13,30,announced,confirmed,2025-03,,,lucas@industriousaf.org,yes
179,2026-09-13,30,promised_capital_usd,confirmed,5800000000,,,lucas@industriousaf.org,yes
180,2026-09-13,30,promised_first_output,confirmed,2029,,,lucas@industriousaf.org,yes
181,2026-09-13,30,actual_first_output,confirmed,pending,,,lucas@industriousaf.org,yes
182,2026-09-13,30,current_status,confirmed,"PRE-CONSTRUCTION; ceremonial groundbreaking Sep 4 2026, site prep begun, awaiting air permit",,,lucas@industriousaf.org,yes
183,2026-09-14,31,announced,confirmed,2021-03,https://www.intc.com/news-events/press-releases/detail/1501/intel-breaks-ground-on-two-new-leading-edge-chip-factories,5,ashwin@industriousaf.org,yes
184,2026-09-14,31,promised_capital_usd,confirmed,20000000000,https://www.intc.com/news-events/press-releases/detail/1501/intel-breaks-ground-on-two-new-leading-edge-chip-factories,5,ashwin@industriousaf.org,yes
185,2026-09-14,31,promised_jobs,confirmed,3000,https://www.intc.com/news-events/press-releases/detail/1501/intel-breaks-ground-on-two-new-leading-edge-chip-factories,2,ashwin@industriousaf.org,yes
186,2026-09-14,31,promised_first_output,confirmed,2024,https://www.intc.com/news-events/press-releases/detail/1501/intel-breaks-ground-on-two-new-leading-edge-chip-factories,1,ashwin@industriousaf.org,yes
187,2026-09-14,31,actual_first_output,confirmed,2025-10,https://web.archive.org/web/20251010145131id_/https://www.datacenterdynamics.com/en/news/intel-details-clearwater-forest-data-center-processor-architecture-announces-new-arizona-fab-52-is-fully-operational/,12,ashwin@industriousaf.org,yes
188,2026-09-14,31,current_status,confirmed,FULLY OPERATIONAL; Fab 52 first high-volume Intel 18A fab as of Oct 2025 (Fab 62 not yet reported operational),https://web.archive.org/web/20251010145131id_/https://www.datacenterdynamics.com/en/news/intel-details-clearwater-forest-data-center-processor-architecture-announces-new-arizona-fab-52-is-fully-operational/,2,ashwin@industriousaf.org,yes
189,2026-09-14,32,announced,not stated on the page,2026-08,https://gov.texas.gov/news/post/governor-abbott-announces-spacex-expansion-in-grimes-county,1,ashwin@industriousaf.org,no
190,2026-09-14,32,announced,confirmed,2026-08,https://gov.texas.gov/news/post/governor-abbott-announces-spacex-expansion-in-grimes-county,1,ashwin@industriousaf.org,yes
191,2026-09-14,32,promised_capital_usd,not stated on the page,16800000000,https://gov.texas.gov/news/post/governor-abbott-announces-spacex-expansion-in-grimes-county,1,ashwin@industriousaf.org,no
192,2026-09-14,32,promised_capital_usd,confirmed,16800000000,https://gov.texas.gov/news/post/governor-abbott-announces-spacex-expansion-in-grimes-county,1,ashwin@industriousaf.org,yes
193,2026-09-14,32,promised_jobs,confirmed,3000,https://gov.texas.gov/news/post/governor-abbott-announces-spacex-expansion-in-grimes-county,1,ashwin@industriousaf.org,yes
194,2026-09-14,32,promised_first_output,not stated on the page,n/a,https://gov.texas.gov/news/post/governor-abbott-announces-spacex-expansion-in-grimes-county,0,ashwin@industriousaf.org,yes
195,2026-09-14,32,actual_first_output,not stated on the page,pending,https://www.kbtx.com/2026/08/06/spacex-confirms-terefab-project-is-done-deal-reps-meet-face-to-face-with-grimes-county-residents/,0,ashwin@industriousaf.org,no
196,2026-09-14,32,current_status,confirmed,"PRE-CONSTRUCTION; JETI tax abatement finalized, groundbreaking expected within months",https://www.kbtx.com/2026/08/06/spacex-confirms-terefab-project-is-done-deal-reps-meet-face-to-face-with-grimes-county-residents/,0,ashwin@industriousaf.org,yes
197,2026-09-14,35,announced,confirmed,2025-06,https://www.commerce.nc.gov/news/press-releases/2025/06/12/governor-stein-announces-jetzero-selects-north-carolina-4-billion-airplane-manufacturing-hub,3,lucas@industriousaf.org,yes
198,2026-09-14,35,promised_capital_usd,confirmed,4700000000,https://www.commerce.nc.gov/news/press-releases/2025/06/12/governor-stein-announces-jetzero-selects-north-carolina-4-billion-airplane-manufacturing-hub,1,lucas@industriousaf.org,yes
199,2026-09-14,35,promised_jobs,confirmed,14560,https://www.commerce.nc.gov/news/press-releases/2025/06/12/governor-stein-announces-jetzero-selects-north-carolina-4-billion-airplane-manufacturing-hub,1,lucas@industriousaf.org,yes
200,2026-09-14,36,announced,confirmed,2021-11,https://investors.jmsmucker.com/news/news-details/2021/The-J.M.-Smucker-Co.-to-Accelerate-Smuckers-Uncrustables-Growth-Through-Investment-in-New-Manufacturing-Facility-in-McCalla-Alabama-11-18-2021/default.aspx,0,lucas@industriousaf.org,yes
201,2026-09-14,36,promised_capital_usd,confirmed,1100000000,https://investors.jmsmucker.com/news/news-details/2021/The-J.M.-Smucker-Co.-to-Accelerate-Smuckers-Uncrustables-Growth-Through-Investment-in-New-Manufacturing-Facility-in-McCalla-Alabama-11-18-2021/default.aspx,0,lucas@industriousaf.org,yes
202,2026-09-14,36,promised_jobs,confirmed,750,https://investors.jmsmucker.com/news/news-details/2021/The-J.M.-Smucker-Co.-to-Accelerate-Smuckers-Uncrustables-Growth-Through-Investment-in-New-Manufacturing-Facility-in-McCalla-Alabama-11-18-2021/default.aspx,0,lucas@industriousaf.org,yes
203,2026-09-14,36,promised_first_output,confirmed,2025,https://investors.jmsmucker.com/news/news-details/2021/The-J.M.-Smucker-Co.-to-Accelerate-Smuckers-Uncrustables-Growth-Through-Investment-in-New-Manufacturing-Facility-in-McCalla-Alabama-11-18-2021/default.aspx,0,lucas@industriousaf.org,yes
204,2026-09-14,33,announced,confirmed,2022-10,https://global.honda/en/newsroom/news/2022/c221011aeng.html,4,lucas@industriousaf.org,yes
205,2026-09-14,33,promised_capital_usd,confirmed,3500000000,https://global.honda/en/newsroom/news/2022/c221011aeng.html,1,lucas@industriousaf.org,yes
206,2026-09-14,33,promised_jobs,confirmed,2200,https://global.honda/en/newsroom/news/2022/c221011aeng.html,1,lucas@industriousaf.org,yes
207,2026-09-14,33,promised_first_output,confirmed,2025-Q4,https://global.honda/en/newsroom/news/2022/c221011aeng.html,1,lucas@industriousaf.org,yes
208,2026-09-14,33,actual_first_output,confirmed,2026-07-02,https://www.upi.com/Top_News/World-News/2026/07/03/biz-united-states-lg-energy-solution-honda/9031783130198/,4,lucas@industriousaf.org,yes
209,2026-09-14,33,current_status,confirmed,"PRODUCING; mass production of lithium-ion cells began July 2026, initially for energy-storage systems",https://www.upi.com/Top_News/World-News/2026/07/03/biz-united-states-lg-energy-solution-honda/9031783130198/,3,lucas@industriousaf.org,yes
210,2026-09-14,37,announced,confirmed,2022-01,https://nucor.com/news/?article=nucor-selects-west-virginia-as-location-for-new-state-of-the-art-sheet-mill-122736,2,lucas@industriousaf.org,yes
211,2026-09-14,37,promised_capital_usd,confirmed,2700000000,https://nucor.com/news/?article=nucor-selects-west-virginia-as-location-for-new-state-of-the-art-sheet-mill-122736,1,lucas@industriousaf.org,yes
212,2026-09-14,37,promised_jobs,confirmed,800,https://nucor.com/news/?article=nucor-selects-west-virginia-as-location-for-new-state-of-the-art-sheet-mill-122736,1,lucas@industriousaf.org,yes
213,2026-09-14,34,announced,confirmed,2025-01,https://www.manufacturingdive.com/news/anduril-industries-columbus-ohio-1-billion-arsenal-1-hyperscale-facility/737780/,2,lucas@industriousaf.org,yes
214,2026-09-14,34,promised_jobs,confirmed,4008,https://www.manufacturingdive.com/news/anduril-industries-columbus-ohio-1-billion-arsenal-1-hyperscale-facility/737780/,1,lucas@industriousaf.org,yes
215,2026-09-14,34,promised_first_output,confirmed,2026-07,https://www.manufacturingdive.com/news/anduril-industries-columbus-ohio-1-billion-arsenal-1-hyperscale-facility/737780/,10,lucas@industriousaf.org,yes
216,2026-09-14,34,actual_first_output,confirmed,2026-03,https://www.jobsohio.com/newsroom/news-press/first-ohio-built-fury-rolls-off-andurils-arsenal-1-production-line,7,lucas@industriousaf.org,yes
217,2026-09-14,34,current_status,confirmed,PRODUCING (first Ohio-built Fury rolled off the line 2026-07-27),https://www.jobsohio.com/newsroom/news-press/first-ohio-built-fury-rolls-off-andurils-arsenal-1-production-line,1,lucas@industriousaf.org,yes
218,2026-09-14,163,announced,confirmed,2019-06,https://corporate.exxonmobil.com/news/news-releases/2019/0613_exxonmobil-and-sabic-to-proceed-with-gulf-coast-growth-ventures-project,4,lucas@industriousaf.org,yes
219,2026-09-14,163,promised_jobs,confirmed,600,https://corporate.exxonmobil.com/news/news-releases/2019/0613_exxonmobil-and-sabic-to-proceed-with-gulf-coast-growth-ventures-project,2,lucas@industriousaf.org,yes
220,2026-09-14,163,promised_first_output,confirmed,2022,https://corporate.exxonmobil.com/news/news-releases/2019/0613_exxonmobil-and-sabic-to-proceed-with-gulf-coast-growth-ventures-project,1,lucas@industriousaf.org,yes
221,2026-09-14,163,actual_first_output,confirmed,2022-01-20,https://www.bicmagazine.com/projects-expansions/downstream/gcgv-celebrates-successful-startup-at-massive-community-event/,3,lucas@industriousaf.org,yes
222,2026-09-14,163,current_status,confirmed,OPERATIONAL,https://www.bicmagazine.com/projects-expansions/downstream/gcgv-celebrates-successful-startup-at-massive-community-event/,0,lucas@industriousaf.org,yes
223,2026-09-14,39,announced,confirmed,2022-06,https://www.vedp.org/press-release/2022-06/lego-group-chesterfield-county,2,lucas@industriousaf.org,yes
224,2026-09-14,39,promised_capital_usd,confirmed,1000000000,https://www.vedp.org/press-release/2022-06/lego-group-chesterfield-county,3,lucas@industriousaf.org,yes
225,2026-09-14,39,promised_jobs,confirmed,1760,https://www.vedp.org/press-release/2022-06/lego-group-chesterfield-county,6,lucas@industriousaf.org,yes
226,2026-09-14,39,actual_first_output,confirmed,pending,https://www.lego.com/en-us/aboutus/news/2025/october/lego-manufacturing-virginia-reaches-major-construction-milestone-at-new-u-s-factory-ahead-of-2027-opening,2,lucas@industriousaf.org,yes
227,2026-09-14,39,current_status,confirmed,"UNDER CONSTRUCTION; structural steel topped out, production slated for 2027",https://www.lego.com/en-us/aboutus/news/2025/october/lego-manufacturing-virginia-reaches-major-construction-milestone-at-new-u-s-factory-ahead-of-2027-opening,1,lucas@industriousaf.org,yes
228,2026-09-14,35,actual_first_output,confirmed,pending,,,lucas@industriousaf.org,yes
229,2026-09-14,35,current_status,confirmed,"UNDER CONSTRUCTION; broke ground 2026-06-15, first-phase NC Composite Center underway",,,lucas@industriousaf.org,yes
230,2026-09-14,36,current_status,confirmed,"OPEN (celebrated Nov 7, 2024); production ramping across phases",,,lucas@industriousaf.org,yes
231,2026-09-14,34,promised_capital_usd,confirmed,910500000,https://www.manufacturingdive.com/news/anduril-industries-columbus-ohio-1-billion-arsenal-1-hyperscale-facility/737780/,0,lucas@industriousaf.org,no
232,2026-09-14,35,promised_first_output,confirmed,2031,https://www.commerce.nc.gov/news/press-releases/2025/06/12/governor-stein-announces-jetzero-selects-north-carolina-4-billion-airplane-manufacturing-hub,0,lucas@industriousaf.org,no
233,2026-09-14,36,actual_first_output,confirmed,unconfirmed,https://www.foodprocessing.com/business-of-food-beverage/capital-spending/news/55241732/jm-smuckers-new-mccalla-alabama-uncrustables-plant-opens,1,lucas@industriousaf.org,no
234,2026-09-14,37,promised_first_output,confirmed,2024,https://nucor.com/news/?article=nucor-selects-west-virginia-as-location-for-new-state-of-the-art-sheet-mill-122736,0,lucas@industriousaf.org,yes
235,2026-09-14,37,actual_first_output,confirmed,pending,,,lucas@industriousaf.org,yes
236,2026-09-14,37,current_status,confirmed,UNDER CONSTRUCTION; ~85% complete and in commissioning as of April 2026; not yet producing,,,lucas@industriousaf.org,yes
237,2026-09-14,38,announced,confirmed,2024-06,,,lucas@industriousaf.org,yes
238,2026-09-14,38,promised_capital_usd,confirmed,4100000000,,,lucas@industriousaf.org,yes
239,2026-09-14,38,promised_jobs,confirmed,1000,,,lucas@industriousaf.org,yes
240,2026-09-14,38,promised_first_output,confirmed,2029,,,lucas@industriousaf.org,yes
241,2026-09-14,38,actual_first_output,confirmed,pending,,,lucas@industriousaf.org,yes
242,2026-09-14,38,current_status,confirmed,"PRE-CONSTRUCTION; site clearing/foundational work underway, not yet producing",https://web.archive.org/web/20240813225140id_/https://www.pharmaceutical-technology.com/projects/novo-nordisk-aseptic-and-finished-product-manufacturing-facility-clayton-usa/,0,lucas@industriousaf.org,yes
243,2026-09-14,163,promised_capital_usd,confirmed,,https://corporate.exxonmobil.com/news/news-releases/2019/0613_exxonmobil-and-sabic-to-proceed-with-gulf-coast-growth-ventures-project,0,lucas@industriousaf.org,no
244,2026-09-14,163,promised_capital_usd,not stated on the page,,https://corporate.exxonmobil.com/news/news-releases/2019/0613_exxonmobil-and-sabic-to-proceed-with-gulf-coast-growth-ventures-project,0,lucas@industriousaf.org,no
245,2026-09-14,163,promised_capital_usd,confirmed,,https://corporate.exxonmobil.com/news/news-releases/2019/0613_exxonmobil-and-sabic-to-proceed-with-gulf-coast-growth-ventures-project,0,lucas@industriousaf.org,no
246,2026-09-14,163,promised_capital_usd,not stated on the page,,https://corporate.exxonmobil.com/news/news-releases/2019/0613_exxonmobil-and-sabic-to-proceed-with-gulf-coast-growth-ventures-project,0,lucas@industriousaf.org,no
247,2026-09-14,163,promised_capital_usd,confirmed,,https://corporate.exxonmobil.com/news/news-releases/2019/0613_exxonmobil-and-sabic-to-proceed-with-gulf-coast-growth-ventures-project,0,lucas@industriousaf.org,no
248,2026-09-14,39,promised_first_output,confirmed,2027,https://www.vedp.org/press-release/2022-06/lego-group-chesterfield-county,0,lucas@industriousaf.org,no
249,2026-09-14,41,announced,confirmed,2021-09,,,lucas@industriousaf.org,yes
250,2026-09-14,41,promised_capital_usd,confirmed,5800000000,,,lucas@industriousaf.org,yes
251,2026-09-14,41,promised_first_output,confirmed,2025,https://www.cargroup.org/the-blueoval-investment-announcement/,2,lucas@industriousaf.org,yes
252,2026-09-14,41,actual_first_output,confirmed,2025-08-19,https://www.wkyufm.org/news/2026-02-09/a-kentucky-town-bet-big-on-fords-ev-strategy-then-the-battery-plant-closed,0,lucas@industriousaf.org,yes
253,2026-09-14,41,current_status,confirmed,"CLOSED; production began Aug 2025, plant shuttered Dec 2025 (~1,600 laid off); Ford took sole ownership, repurposing under Ford Energy with restart slated late 2027",https://www.wkyufm.org/news/2026-02-09/a-kentucky-town-bet-big-on-fords-ev-strategy-then-the-battery-plant-closed,3,lucas@industriousaf.org,yes
254,2026-09-14,40,announced,confirmed,2023-12,https://www.areadevelopment.com/newsItems/12-1-2023/amkor-technology-peoria-arizona.shtml,1,lucas@industriousaf.org,yes
255,2026-09-14,40,promised_capital_usd,confirmed,2000000000,https://www.areadevelopment.com/newsItems/12-1-2023/amkor-technology-peoria-arizona.shtml,1,lucas@industriousaf.org,yes
256,2026-09-14,40,promised_jobs,confirmed,2000,https://www.areadevelopment.com/newsItems/12-1-2023/amkor-technology-peoria-arizona.shtml,1,lucas@industriousaf.org,yes
257,2026-09-14,40,promised_first_output,confirmed,2026,https://www.areadevelopment.com/newsItems/12-1-2023/amkor-technology-peoria-arizona.shtml,33,lucas@industriousaf.org,yes
258,2026-09-14,40,actual_first_output,confirmed,pending,,,lucas@industriousaf.org,yes
259,2026-09-14,40,current_status,confirmed,"UNDER CONSTRUCTION; broke ground Oct 6, 2025; not yet producing, production expected early 2028",,,lucas@industriousaf.org,yes
260,2026-09-14,41,promised_jobs,confirmed,,https://www.cargroup.org/the-blueoval-investment-announcement/,0,lucas@industriousaf.org,no
261,2026-09-14,42,announced,confirmed,2022-05,,,lucas@industriousaf.org,yes
262,2026-09-14,42,promised_capital_usd,confirmed,2500000000,,,lucas@industriousaf.org,yes
263,2026-09-14,42,promised_jobs,confirmed,1400,,,lucas@industriousaf.org,yes
264,2026-09-14,42,promised_first_output,confirmed,2025-Q1,,,lucas@industriousaf.org,yes
265,2026-09-14,42,actual_first_output,confirmed,2024,,,lucas@industriousaf.org,yes
266,2026-09-14,42,current_status,confirmed,PRODUCING (since 2024); Stellantis weighing withdrawal and sale of its StarPlus JV stake,,,lucas@industriousaf.org,yes
267,2026-09-14,43,announced,confirmed,2022-03,,,lucas@industriousaf.org,no
268,2026-09-14,43,promised_first_output,confirmed,2024-07,,,lucas@industriousaf.org,no
269,2026-09-14,43,promised_capital_usd,confirmed,4000000000,,,lucas@industriousaf.org,no
270,2026-09-14,43,promised_jobs,confirmed,7500,,,lucas@industriousaf.org,no
271,2026-09-14,43,announced,confirmed,2022-03,,,lucas@industriousaf.org,yes
272,2026-09-14,43,promised_capital_usd,confirmed,4000000000,,,lucas@industriousaf.org,yes
273,2026-09-14,43,promised_jobs,confirmed,7500,,,lucas@industriousaf.org,yes
274,2026-09-14,43,promised_first_output,confirmed,2024-07,,,lucas@industriousaf.org,yes
275,2026-09-14,43,current_status,confirmed,"DEFAULT; site abandoned since end-2024, permits lapsed; NC filed suit to claw back the land and ~$80M",,,lucas@industriousaf.org,no
276,2026-09-14,43,actual_first_output,confirmed,never,,,lucas@industriousaf.org,no
277,2026-09-14,44,announced,confirmed,2019-09,,,lucas@industriousaf.org,yes
278,2026-09-14,44,promised_capital_usd,confirmed,1000000000,,,lucas@industriousaf.org,yes
279,2026-09-14,44,promised_first_output,confirmed,2022,,,lucas@industriousaf.org,yes
280,2026-09-14,44,current_status,confirmed,"PRODUCING; 200mm SiC wafers, ~half of Wolfspeed quarterly revenue, ramping utilization",,,lucas@industriousaf.org,yes
281,2026-09-14,44,actual_first_output,confirmed,2022-04,,,lucas@industriousaf.org,yes
282,2026-09-14,45,announced,confirmed,2025-04,https://www.opportunitylouisiana.gov/news/another-louisiana-win-cf-industries-jera-and-mitsui-announce-4-billion-final-investment-decision-to-construct-worlds-largest-ammonia-facility-in-ascension-parish,1,lucas@industriousaf.org,no
283,2026-09-14,45,promised_capital_usd,confirmed,4000000000,https://www.opportunitylouisiana.gov/news/another-louisiana-win-cf-industries-jera-and-mitsui-announce-4-billion-final-investment-decision-to-construct-worlds-largest-ammonia-facility-in-ascension-parish,3,lucas@industriousaf.org,no
284,2026-09-14,45,promised_jobs,confirmed,103,https://www.opportunitylouisiana.gov/news/another-louisiana-win-cf-industries-jera-and-mitsui-announce-4-billion-final-investment-decision-to-construct-worlds-largest-ammonia-facility-in-ascension-parish,1,lucas@industriousaf.org,yes
285,2026-09-14,45,promised_first_output,confirmed,2029,https://www.opportunitylouisiana.gov/news/another-louisiana-win-cf-industries-jera-and-mitsui-announce-4-billion-final-investment-decision-to-construct-worlds-largest-ammonia-facility-in-ascension-parish,0,lucas@industriousaf.org,no
286,2026-09-14,45,actual_first_output,confirmed,pending,,,lucas@industriousaf.org,yes
287,2026-09-14,45,current_status,confirmed,UNDER CONSTRUCTION; commercial operations targeted 2029,,,lucas@industriousaf.org,yes
288,2026-09-14,45,promised_first_output,not stated on the page,2029,https://www.opportunitylouisiana.gov/news/another-louisiana-win-cf-industries-jera-and-mitsui-announce-4-billion-final-investment-decision-to-construct-worlds-largest-ammonia-facility-in-ascension-parish,0,lucas@industriousaf.org,no
289,2026-09-14,44,promised_jobs,confirmed,,https://www.wolfspeed.com/company/news-events/news/cree-announces-update-to-capacity-expansion-plan/,0,lucas@industriousaf.org,no
290,2026-09-14,45,promised_first_output,confirmed,2029,https://www.opportunitylouisiana.gov/news/another-louisiana-win-cf-industries-jera-and-mitsui-announce-4-billion-final-investment-decision-to-construct-worlds-largest-ammonia-facility-in-ascension-parish,0,lucas@industriousaf.org,no
291,2026-09-14,46,promised_capital_usd,confirmed,1000000000,,,lucas@industriousaf.org,yes
292,2026-09-14,46,announced,confirmed,2022-01,,,lucas@industriousaf.org,yes
293,2026-09-14,46,promised_jobs,confirmed,600,https://www.prnewswire.com/news-releases/lilly-announces-1-billion-investment-in-new-manufacturing-facility-in-north-carolina-301470773.html,2,lucas@industriousaf.org,yes
294,2026-09-14,46,actual_first_output,confirmed,2024 (second half),,,lucas@industriousaf.org,yes
295,2026-09-14,46,current_status,confirmed,OPERATIONAL; producing and shipping commercial injectable products,,,lucas@industriousaf.org,yes
296,2026-09-14,47,announced,confirmed,2022-09,,,lucas@industriousaf.org,yes
297,2026-09-14,47,promised_capital_usd,confirmed,5000000000,,,lucas@industriousaf.org,yes
298,2026-09-14,47,promised_jobs,confirmed,1800,,,lucas@industriousaf.org,yes
299,2026-09-14,47,actual_first_output,confirmed,2025 (first half),,,lucas@industriousaf.org,yes
300,2026-09-14,47,current_status,confirmed,"PRODUCING; ramping, underutilized (post-Chapter 11)",,,lucas@industriousaf.org,yes
301,2026-09-14,46,promised_first_output,confirmed,n/a,https://www.prnewswire.com/news-releases/lilly-announces-1-billion-investment-in-new-manufacturing-facility-in-north-carolina-301470773.html,0,lucas@industriousaf.org,no
302,2026-09-14,47,promised_first_output,confirmed,n/a,https://www.commerce.nc.gov/news/press-releases/2022/09/09/governor-cooper-announces-wolfspeed-selects-north-carolina-445-acre-manufacturing-campus,0,lucas@industriousaf.org,no
303,2026-09-14,48,announced,confirmed,2022-12,https://web.archive.org/web/20221215133456id_/https://governor.sc.gov/news/2022-12/redwood-materials-establishing-operations-berkeley-county-largest-economic-development,1,lucas@industriousaf.org,yes
304,2026-09-14,48,promised_capital_usd,confirmed,3500000000,https://web.archive.org/web/20221215133456id_/https://governor.sc.gov/news/2022-12/redwood-materials-establishing-operations-berkeley-county-largest-economic-development,4,lucas@industriousaf.org,yes
305,2026-09-14,48,promised_jobs,confirmed,1500,https://web.archive.org/web/20221215133456id_/https://governor.sc.gov/news/2022-12/redwood-materials-establishing-operations-berkeley-county-largest-economic-development,5,lucas@industriousaf.org,yes
306,2026-09-14,48,promised_first_output,confirmed,2023,https://web.archive.org/web/20221215133456id_/https://governor.sc.gov/news/2022-12/redwood-materials-establishing-operations-berkeley-county-largest-economic-development,1,lucas@industriousaf.org,yes
307,2026-09-14,48,actual_first_output,confirmed,2025,https://www.redwoodmaterials.com/news/redwood-begins-critical-materials-recovery-in-south-carolina/,3,lucas@industriousaf.org,no
308,2026-09-14,48,current_status,confirmed,PRODUCING; first SC operations online (critical-materials recovery),https://www.redwoodmaterials.com/news/redwood-begins-critical-materials-recovery-in-south-carolina/,1,lucas@industriousaf.org,yes
309,2026-09-14,49,announced,confirmed,2022-05,https://investors.novelis.com/news-events/press-releases/detail/56/novelistobuild-2-5-billion-low-carbon-aluminum-recycling-and-rolling-plant,6,lucas@industriousaf.org,yes
310,2026-09-14,49,promised_capital_usd,confirmed,2500000000,https://investors.novelis.com/news-events/press-releases/detail/56/novelistobuild-2-5-billion-low-carbon-aluminum-recycling-and-rolling-plant,2,lucas@industriousaf.org,yes
311,2026-09-14,49,promised_jobs,not stated on the page,1000,https://investors.novelis.com/news-events/press-releases/detail/56/novelistobuild-2-5-billion-low-carbon-aluminum-recycling-and-rolling-plant,2,lucas@industriousaf.org,no
312,2026-09-14,49,promised_jobs,confirmed,1000,https://investors.novelis.com/news-events/press-releases/detail/56/novelistobuild-2-5-billion-low-carbon-aluminum-recycling-and-rolling-plant,2,lucas@industriousaf.org,yes
313,2026-09-14,49,promised_first_output,confirmed,2025,https://investors.novelis.com/news-events/press-releases/detail/56/novelistobuild-2-5-billion-low-carbon-aluminum-recycling-and-rolling-plant,1,lucas@industriousaf.org,yes
314,2026-09-14,51,announced,confirmed,2025-07,https://web.archive.org/web/20250722203714id_/https://virginiamercury.com/2025/07/22/astrazeneca-to-build-its-largest-ever-manufacturing-facility-in-virginia-creating-hundreds-of-jobs/,4,lucas@industriousaf.org,yes
315,2026-09-14,51,promised_first_output,confirmed,2030,https://web.archive.org/web/20250722203714id_/https://virginiamercury.com/2025/07/22/astrazeneca-to-build-its-largest-ever-manufacturing-facility-in-virginia-creating-hundreds-of-jobs/,2,lucas@industriousaf.org,yes
316,2026-09-14,51,actual_first_output,confirmed,pending,,,lucas@industriousaf.org,yes
317,2026-09-14,51,current_status,confirmed,UNDER CONSTRUCTION; broke ground Oct 2025,https://web.archive.org/web/20251009175724id_/https://www.fiercepharma.com/manufacturing/astrazeneca-begins-construction-45b-api-plant-virginia,2,lucas@industriousaf.org,yes
318,2026-09-14,49,actual_first_output,confirmed,pending,https://www.constructiondive.com/news/fluor-alabama-plant-construction-novelis/829026/,0,lucas@industriousaf.org,yes
319,2026-09-14,49,current_status,confirmed,"UNDER CONSTRUCTION; cold-mill commissioning began Mar 2026, full commissioning expected before end-2026; not yet producing",https://www.constructiondive.com/news/fluor-alabama-plant-construction-novelis/829026/,1,lucas@industriousaf.org,yes
320,2026-09-14,50,announced,confirmed,2019-07,https://www.opportunitylouisiana.gov/news/methanex-announces-investment-in-third-louisiana-methanol-plant,1,lucas@industriousaf.org,yes
321,2026-09-14,50,promised_capital_usd,confirmed,1300000000,https://www.opportunitylouisiana.gov/news/methanex-announces-investment-in-third-louisiana-methanol-plant,1,lucas@industriousaf.org,yes
322,2026-09-14,50,promised_jobs,confirmed,62,https://www.opportunitylouisiana.gov/news/methanex-announces-investment-in-third-louisiana-methanol-plant,1,lucas@industriousaf.org,yes
323,2026-09-14,50,promised_first_output,confirmed,2022 (second half),https://www.opportunitylouisiana.gov/news/methanex-announces-investment-in-third-louisiana-methanol-plant,1,lucas@industriousaf.org,yes
324,2026-09-14,50,actual_first_output,confirmed,2024-07,https://www.methanex.com/news/release/methanex-announces-the-successful-restart-of-geismar-3-2/,0,lucas@industriousaf.org,yes
325,2026-09-14,50,current_status,confirmed,PRODUCING; restarted May 2025 after Feb 2025 outage,https://www.methanex.com/news/release/methanex-announces-the-successful-restart-of-geismar-3-2/,0,lucas@industriousaf.org,yes
326,2026-09-14,51,promised_jobs,confirmed,500,https://web.archive.org/web/20250722203714id_/https://virginiamercury.com/2025/07/22/astrazeneca-to-build-its-largest-ever-manufacturing-facility-in-virginia-creating-hundreds-of-jobs/,0,lucas@industriousaf.org,yes
327,2026-09-14,51,promised_capital_usd,confirmed,4000000000,https://web.archive.org/web/20250722203714id_/https://virginiamercury.com/2025/07/22/astrazeneca-to-build-its-largest-ever-manufacturing-facility-in-virginia-creating-hundreds-of-jobs/,0,lucas@industriousaf.org,yes
328,2026-09-14,52,announced,confirmed,2023-08,,,lucas@industriousaf.org,yes
329,2026-09-14,52,promised_capital_usd,confirmed,1000000000,,,lucas@industriousaf.org,yes
330,2026-09-14,52,promised_jobs,confirmed,1800,,,lucas@industriousaf.org,yes
331,2026-09-14,52,promised_first_output,confirmed,2025,,,lucas@industriousaf.org,yes
332,2026-09-14,52,current_status,confirmed,"CANCELLED; lease abandoned Feb 2026, facility never built",,,lucas@industriousaf.org,yes
333,2026-09-14,52,actual_first_output,confirmed,never,,,lucas@industriousaf.org,yes
334,2026-09-14,54,announced,confirmed,2022-10,https://web.archive.org/web/20221018050828id_/https://www.michigan.gov/whitmer/news/press-releases/2022/10/05/whitmer-announces-new-battery-component-manufacturing-facility-in-big-rapids,15,lucas@industriousaf.org,yes
335,2026-09-14,54,promised_capital_usd,confirmed,2360000000,https://web.archive.org/web/20221018050828id_/https://www.michigan.gov/whitmer/news/press-releases/2022/10/05/whitmer-announces-new-battery-component-manufacturing-facility-in-big-rapids,1,lucas@industriousaf.org,yes
336,2026-09-14,54,promised_jobs,confirmed,2350,https://web.archive.org/web/20221018050828id_/https://www.michigan.gov/whitmer/news/press-releases/2022/10/05/whitmer-announces-new-battery-component-manufacturing-facility-in-big-rapids,3,lucas@industriousaf.org,yes
337,2026-09-14,54,current_status,confirmed,CANCELLED; never built - Michigan declared Gotion in default in late 2025 and demanded repayment of its land grant; grant-repayment and township litigation ongoing,https://www.michiganpublic.org/politics-government/2026-02-13/chinese-company-says-it-wont-pay-back-state-grant-after-plans-for-battery-plant-fail,0,lucas@industriousaf.org,yes
338,2026-09-14,54,actual_first_output,confirmed,never,https://www.michiganpublic.org/politics-government/2026-02-13/chinese-company-says-it-wont-pay-back-state-grant-after-plans-for-battery-plant-fail,0,lucas@industriousaf.org,yes
339,2026-09-14,53,promised_capital_usd,confirmed,1000000000,https://web.archive.org/web/20250429141900id_/https://www.merck.com/news/merck-breaks-ground-on-new-1-billion-biologics-center-of-excellence-in-wilmington-delaware/,3,lucas@industriousaf.org,yes
340,2026-09-14,53,announced,confirmed,2025-04,https://web.archive.org/web/20250429141900id_/https://www.merck.com/news/merck-breaks-ground-on-new-1-billion-biologics-center-of-excellence-in-wilmington-delaware/,2,lucas@industriousaf.org,yes
341,2026-09-14,53,promised_jobs,confirmed,500,https://web.archive.org/web/20250429141900id_/https://www.merck.com/news/merck-breaks-ground-on-new-1-billion-biologics-center-of-excellence-in-wilmington-delaware/,3,lucas@industriousaf.org,yes
342,2026-09-14,53,promised_first_output,confirmed,2030,https://web.archive.org/web/20250429141900id_/https://www.merck.com/news/merck-breaks-ground-on-new-1-billion-biologics-center-of-excellence-in-wilmington-delaware/,1,lucas@industriousaf.org,yes
343,2026-09-14,53,actual_first_output,confirmed,pending,,,lucas@industriousaf.org,yes
344,2026-09-14,53,current_status,confirmed,UNDER CONSTRUCTION,,,lucas@industriousaf.org,yes
345,2026-09-14,54,promised_first_output,confirmed,n/a,https://web.archive.org/web/20221018050828id_/https://www.michigan.gov/whitmer/news/press-releases/2022/10/05/whitmer-announces-new-battery-component-manufacturing-facility-in-big-rapids,3,lucas@industriousaf.org,no
346,2026-09-14,55,announced,confirmed,2020-07,https://www.cnbc.com/2020/07/22/tesla-will-build-its-next-gigafactory-near-austin-texas.html,3,lucas@industriousaf.org,yes
347,2026-09-14,55,promised_capital_usd,confirmed,1000000000,https://www.cnbc.com/2020/07/22/tesla-will-build-its-next-gigafactory-near-austin-texas.html,0,lucas@industriousaf.org,yes
348,2026-09-14,55,promised_jobs,confirmed,5000,https://www.cnbc.com/2020/07/22/tesla-will-build-its-next-gigafactory-near-austin-texas.html,0,lucas@industriousaf.org,yes
349,2026-09-14,55,actual_first_output,confirmed,2021 (second half),https://techcrunch.com/2026/04/03/teslas-texas-factory-workforce-reportedly-shrunk-22-in-2025/,1,lucas@industriousaf.org,yes
350,2026-09-14,55,current_status,confirmed,"OPERATIONAL; producing Model Y and Cybertruck; year-end 2025 workforce 16,506, down ~22% from 2024",https://techcrunch.com/2026/04/03/teslas-texas-factory-workforce-reportedly-shrunk-22-in-2025/,0,lucas@industriousaf.org,yes
351,2026-09-14,55,promised_first_output,not stated on the page,n/a,https://www.cnbc.com/2020/07/22/tesla-will-build-its-next-gigafactory-near-austin-texas.html,0,lucas@industriousaf.org,no
352,2026-09-14,55,promised_first_output,confirmed,n/a,https://www.cnbc.com/2020/07/22/tesla-will-build-its-next-gigafactory-near-austin-texas.html,0,lucas@industriousaf.org,no
353,2026-09-14,56,promised_capital_usd,confirmed,1800000000,,,lucas@industriousaf.org,yes
354,2026-09-14,56,announced,confirmed,2022-07,,,lucas@industriousaf.org,yes
355,2026-09-14,56,promised_jobs,confirmed,750,,,lucas@industriousaf.org,yes
356,2026-09-14,56,current_status,confirmed,"CANCELLED; SkyWater released its land option, will not build (Apr 2024)",,,lucas@industriousaf.org,yes
357,2026-09-14,56,actual_first_output,confirmed,never,,,lucas@industriousaf.org,yes
358,2026-09-14,58,announced,confirmed,2022-06,,,lucas@industriousaf.org,yes
359,2026-09-14,58,promised_jobs,confirmed,1500,,,lucas@industriousaf.org,yes
360,2026-09-14,58,promised_first_output,confirmed,2025,,,lucas@industriousaf.org,yes
361,2026-09-14,58,promised_capital_usd,confirmed,5000000000,https://web.archive.org/web/20220627122130id_/https://www.commerce.gov/news/press-releases/2022/06/globalwafers-selects-sherman-texas-new-semiconductor-silicon-wafer-site,0,lucas@industriousaf.org,yes
362,2026-09-14,58,current_status,confirmed,RAMPING (low volume); grand opening 2025-05-15,https://www.kxii.com/2025/05/15/globalwafers-opens-first-us-advanced-silicon-wafer-facility-sherman/,0,lucas@industriousaf.org,yes
363,2026-09-14,56,promised_first_output,confirmed,n/a,,,lucas@industriousaf.org,no
364,2026-09-14,57,promised_capital_usd,confirmed,4500000000,https://www.opportunitylouisiana.gov/news/air-products-announces-4-5-billion-blue-hydrogen-clean-energy-complex,2,lucas@industriousaf.org,yes
365,2026-09-14,57,announced,confirmed,2021-10,https://www.opportunitylouisiana.gov/news/air-products-announces-4-5-billion-blue-hydrogen-clean-energy-complex,1,lucas@industriousaf.org,yes
366,2026-09-14,57,promised_jobs,confirmed,170,https://www.opportunitylouisiana.gov/news/air-products-announces-4-5-billion-blue-hydrogen-clean-energy-complex,1,lucas@industriousaf.org,yes
367,2026-09-14,57,promised_first_output,confirmed,2026,https://www.opportunitylouisiana.gov/news/air-products-announces-4-5-billion-blue-hydrogen-clean-energy-complex,2,lucas@industriousaf.org,yes
368,2026-09-14,57,actual_first_output,confirmed,never,,,lucas@industriousaf.org,yes
369,2026-09-14,57,current_status,confirmed,CANCELLED,,,lucas@industriousaf.org,yes
370,2026-09-14,58,actual_first_output,confirmed,unconfirmed,https://www.kxii.com/2025/05/15/globalwafers-opens-first-us-advanced-silicon-wafer-facility-sherman/,1,lucas@industriousaf.org,no
371,2026-09-14,59,announced,confirmed,2025-02,,,lucas@industriousaf.org,yes
372,2026-09-14,59,promised_capital_usd,confirmed,1200000000,,,lucas@industriousaf.org,yes
373,2026-09-14,59,promised_jobs,confirmed,200,,,lucas@industriousaf.org,yes
374,2026-09-14,59,promised_first_output,confirmed,2027,,,lucas@industriousaf.org,yes
375,2026-09-14,59,actual_first_output,confirmed,pending,,,lucas@industriousaf.org,yes
376,2026-09-14,59,current_status,confirmed,"UNDER CONSTRUCTION; process-equipment manufacturing commenced, production targeted 2H 2027",,,lucas@industriousaf.org,yes
377,2026-09-14,60,announced,confirmed,2022-11,https://ir.steeldynamics.com/steel-dynamics-announces-planned-state-of-the-art-aluminum-flat-rolled-mill-site-selection/,2,lucas@industriousaf.org,yes
378,2026-09-14,60,promised_capital_usd,confirmed,1900000000,https://ir.steeldynamics.com/steel-dynamics-announces-planned-state-of-the-art-aluminum-flat-rolled-mill-site-selection/,1,lucas@industriousaf.org,yes
379,2026-09-14,60,promised_jobs,confirmed,700,https://ir.steeldynamics.com/steel-dynamics-announces-planned-state-of-the-art-aluminum-flat-rolled-mill-site-selection/,1,lucas@industriousaf.org,yes
380,2026-09-14,60,promised_first_output,confirmed,2025,https://ir.steeldynamics.com/steel-dynamics-announces-planned-state-of-the-art-aluminum-flat-rolled-mill-site-selection/,1,lucas@industriousaf.org,yes
381,2026-09-14,60,actual_first_output,confirmed,2025-06,https://ir.steeldynamics.com/steel-dynamics-reports-second-quarter-2026-results/,11,lucas@industriousaf.org,yes
382,2026-09-14,60,current_status,confirmed,"PRODUCING; ramp (two of three cold mills operational, third commissioning)",https://ir.steeldynamics.com/steel-dynamics-reports-second-quarter-2026-results/,1,lucas@industriousaf.org,yes
383,2026-09-14,61,announced,confirmed,2023-02,,,lucas@industriousaf.org,yes
384,2026-09-14,61,promised_capital_usd,confirmed,3500000000,,,lucas@industriousaf.org,yes
385,2026-09-14,61,promised_jobs,confirmed,2500,,,lucas@industriousaf.org,yes
386,2026-09-14,61,promised_first_output,confirmed,2026,https://www.michiganbusiness.org/press-releases/2023/02/marshall-ford-investment/,1,lucas@industriousaf.org,yes
387,2026-09-14,62,promised_capital_usd,confirmed,1100000000,,,lucas@industriousaf.org,yes
388,2026-09-14,62,announced,confirmed,2022-11,,,lucas@industriousaf.org,yes
389,2026-09-14,62,promised_jobs,confirmed,700,,,lucas@industriousaf.org,yes
390,2026-09-14,62,promised_first_output,confirmed,2025,https://governor.alabama.gov/newsroom/2022/11/governor-ivey-announces-first-solar-to-open-1-1-billion-alabama-facility-creating-over-700-clean-energy-manufacturing-jobs-in-lawrence-county/,4,lucas@industriousaf.org,yes
391,2026-09-14,64,promised_capital_usd,confirmed,2300000000,,,lucas@industriousaf.org,yes
392,2026-09-14,64,announced,confirmed,2026-08,,,lucas@industriousaf.org,yes
393,2026-09-14,64,actual_first_output,confirmed,pending,,,lucas@industriousaf.org,yes
394,2026-09-14,64,current_status,confirmed,"ANNOUNCED; not yet under construction, early planning",,,lucas@industriousaf.org,yes
395,2026-09-14,64,promised_jobs,confirmed,500,https://news.bms.com/news/corporate-financial/2026/Bristol-Myers-Squibb-Advances-U-S--Manufacturing-Investment-with-New-2-3-Billion-Campus-in-Houston-Texas/default.aspx,0,lucas@industriousaf.org,yes
396,2026-09-14,64,promised_first_output,confirmed,2030,https://news.bms.com/news/corporate-financial/2026/Bristol-Myers-Squibb-Advances-U-S--Manufacturing-Investment-with-New-2-3-Billion-Campus-in-Houston-Texas/default.aspx,0,lucas@industriousaf.org,no
397,2026-09-14,64,promised_first_output,not stated on the page,2030,https://news.bms.com/news/corporate-financial/2026/Bristol-Myers-Squibb-Advances-U-S--Manufacturing-Investment-with-New-2-3-Billion-Campus-in-Houston-Texas/default.aspx,0,lucas@industriousaf.org,no
398,2026-09-14,61,actual_first_output,confirmed,pending,,,lucas@industriousaf.org,yes
399,2026-09-14,61,current_status,confirmed,PILOT PRODUCTION; first market-ready LFP cells expected later in 2026,,,lucas@industriousaf.org,yes
400,2026-09-14,62,current_status,confirmed,INAUGURATED Sep 2024; production start not dated in sources,,,lucas@industriousaf.org,yes
401,2026-09-14,62,actual_first_output,confirmed,unconfirmed,https://www.madeinalabama.com/2024/09/first-solar-inaugurates-1-1-billion-alabama-manufacturing-facility/,1,lucas@industriousaf.org,yes
402,2026-09-14,63,announced,confirmed,2022-04,https://newkentuckyhome.ky.gov/Newsroom/NewsPage/20220413_EnvisionAESC,3,lucas@industriousaf.org,yes
403,2026-09-14,63,promised_capital_usd,confirmed,2000000000,https://newkentuckyhome.ky.gov/Newsroom/NewsPage/20220413_EnvisionAESC,2,lucas@industriousaf.org,yes
404,2026-09-14,63,promised_jobs,confirmed,2000,https://newkentuckyhome.ky.gov/Newsroom/NewsPage/20220413_EnvisionAESC,5,lucas@industriousaf.org,yes
405,2026-09-14,63,promised_first_output,confirmed,2027,https://newkentuckyhome.ky.gov/Newsroom/NewsPage/20220413_EnvisionAESC,1,lucas@industriousaf.org,yes
406,2026-09-14,63,actual_first_output,confirmed,pending,https://bgdailynews.com/2025/06/09/news_aesc061025/,0,lucas@industriousaf.org,yes
407,2026-09-14,63,current_status,confirmed,UNDER CONSTRUCTION; not yet producing,https://bgdailynews.com/2025/06/09/news_aesc061025/,2,lucas@industriousaf.org,yes
408,2026-09-14,64,promised_first_output,confirmed,2030,https://news.bms.com/news/corporate-financial/2026/Bristol-Myers-Squibb-Advances-U-S--Manufacturing-Investment-with-New-2-3-Billion-Campus-in-Houston-Texas/default.aspx,0,lucas@industriousaf.org,no
409,2026-09-15,65,promised_capital_usd,confirmed,11600000000,https://web.archive.org/web/20240322043419id_/https://esd.ny.gov/esd-media-center/press-releases/governor-hochul-celebrates-globalfoundries-11-6-billion-investment-expand-semiconductor-manufacturing-plant-saratoga-county,2,lucas@industriousaf.org,yes
410,2026-09-15,65,announced,confirmed,2024-02,https://web.archive.org/web/20240322043419id_/https://esd.ny.gov/esd-media-center/press-releases/governor-hochul-celebrates-globalfoundries-11-6-billion-investment-expand-semiconductor-manufacturing-plant-saratoga-county,1,lucas@industriousaf.org,yes
411,2026-09-15,65,promised_jobs,confirmed,1500,https://web.archive.org/web/20240322043419id_/https://esd.ny.gov/esd-media-center/press-releases/governor-hochul-celebrates-globalfoundries-11-6-billion-investment-expand-semiconductor-manufacturing-plant-saratoga-county,2,lucas@industriousaf.org,yes
412,2026-09-15,66,announced,confirmed,2023-02,,,lucas@industriousaf.org,yes
413,2026-09-15,66,promised_capital_usd,confirmed,11000000000,,,lucas@industriousaf.org,yes
414,2026-09-15,66,promised_jobs,confirmed,800,,,lucas@industriousaf.org,yes
415,2026-09-15,66,promised_first_output,confirmed,2026,https://www.ti.com/about-ti/newsroom/news-releases/2023/2023-02-15-texas-instruments-selects-lehi--utah--for-its-next-300-millimeter-semiconductor-wafer-fab.html,1,lucas@industriousaf.org,yes
416,2026-09-15,67,promised_capital_usd,confirmed,9200000000,https://www.opportunitylouisiana.gov/news/gron-fuels-announces-potential-9-2-billion-renewable-fuel-complex-in-louisiana,2,lucas@industriousaf.org,yes
417,2026-09-15,67,announced,confirmed,2020-11,https://www.opportunitylouisiana.gov/news/gron-fuels-announces-potential-9-2-billion-renewable-fuel-complex-in-louisiana,3,lucas@industriousaf.org,yes
418,2026-09-15,67,promised_jobs,confirmed,1025,https://www.opportunitylouisiana.gov/news/gron-fuels-announces-potential-9-2-billion-renewable-fuel-complex-in-louisiana,1,lucas@industriousaf.org,yes
419,2026-09-15,68,promised_capital_usd,confirmed,7500000000,https://www.opportunitylouisiana.gov/news/energy-start-up-proposes-7-5-billion-investment-in-ascension-parish,3,lucas@industriousaf.org,yes
420,2026-09-15,68,announced,confirmed,2022-10,https://www.opportunitylouisiana.gov/news/energy-start-up-proposes-7-5-billion-investment-in-ascension-parish,1,lucas@industriousaf.org,yes
421,2026-09-15,68,promised_jobs,confirmed,350,https://www.opportunitylouisiana.gov/news/energy-start-up-proposes-7-5-billion-investment-in-ascension-parish,1,lucas@industriousaf.org,yes
422,2026-09-15,68,promised_first_output,confirmed,2027,https://www.opportunitylouisiana.gov/news/energy-start-up-proposes-7-5-billion-investment-in-ascension-parish,1,lucas@industriousaf.org,yes
423,2026-09-15,68,actual_first_output,confirmed,pending,,,lucas@industriousaf.org,yes
424,2026-09-15,65,promised_first_output,not stated on the page,n/a,https://web.archive.org/web/20240322043419id_/https://esd.ny.gov/esd-media-center/press-releases/governor-hochul-celebrates-globalfoundries-11-6-billion-investment-expand-semiconductor-manufacturing-plant-saratoga-county,0,lucas@industriousaf.org,yes
425,2026-09-15,65,actual_first_output,confirmed,pending,https://web.archive.org/web/20250604192113id_/https://www.manufacturingdive.com/news/globalfoundries-commits-16-billion-expanding-new-york-vermont-facilities/749766/,0,lucas@industriousaf.org,yes
426,2026-09-15,65,current_status,confirmed,UNDER CONSTRUCTION (inferred),https://web.archive.org/web/20250604192113id_/https://www.manufacturingdive.com/news/globalfoundries-commits-16-billion-expanding-new-york-vermont-facilities/749766/,0,lucas@industriousaf.org,yes
427,2026-09-15,66,actual_first_output,confirmed,pending,https://www.ti.com/about-ti/manufacturing/lehi.html,1,lucas@industriousaf.org,yes
428,2026-09-15,66,current_status,confirmed,UNDER CONSTRUCTION,https://www.ti.com/about-ti/manufacturing/lehi.html,0,lucas@industriousaf.org,yes
429,2026-09-15,67,actual_first_output,confirmed,pending,,,lucas@industriousaf.org,yes
430,2026-09-15,67,promised_first_output,not stated on the page,n/a,https://www.opportunitylouisiana.gov/news/gron-fuels-announces-potential-9-2-billion-renewable-fuel-complex-in-louisiana,0,lucas@industriousaf.org,yes
431,2026-09-15,67,current_status,confirmed,PRE-FID; operational target pushed to 2027 (as of April 2024),https://www.1012industryreport.com/projects/heres-the-latest-on-baton-rouges-massive-gron-fuels-project/,0,lucas@industriousaf.org,yes
432,2026-09-15,68,current_status,confirmed,"PROPOSED; pre-construction, awaiting final investment decision",https://web.archive.org/web/20260211052543id_/https://lailluminator.com/2026/02/10/ammonia-louisiana/,1,lucas@industriousaf.org,yes
433,2026-09-15,69,promised_capital_usd,confirmed,6500000000,,,lucas@industriousaf.org,yes
434,2026-09-15,69,announced,confirmed,2025-09,,,lucas@industriousaf.org,yes
435,2026-09-15,69,promised_jobs,confirmed,615,,,lucas@industriousaf.org,yes
436,2026-09-15,69,actual_first_output,confirmed,pending,,,lucas@industriousaf.org,yes
437,2026-09-15,69,current_status,confirmed,"UNDER CONSTRUCTION; site earthwork/shell construction underway, targeted completion 2030",https://communityimpact.com/lake-houston-humble-kingwood/development/construction-begins-on-eli-lillys-65b-manufacturing-campus-in-generation-park/,0,lucas@industriousaf.org,yes
438,2026-09-15,70,announced,confirmed,2021-04,https://www.rigzone.com/news/7b_gasoline_manufacturing_facility_planned_for_texas-26-apr-2021-165256-article/,1,lucas@industriousaf.org,yes
439,2026-09-15,70,promised_capital_usd,confirmed,6500000000,https://www.rigzone.com/news/7b_gasoline_manufacturing_facility_planned_for_texas-26-apr-2021-165256-article/,2,lucas@industriousaf.org,yes
440,2026-09-15,70,promised_jobs,confirmed,350,https://www.rigzone.com/news/7b_gasoline_manufacturing_facility_planned_for_texas-26-apr-2021-165256-article/,1,lucas@industriousaf.org,yes
441,2026-09-15,70,current_status,confirmed,"STALLED; Clean Air Act construction permits canceled Oct. 10, 2024; project delayed by at least six years, never built",https://news.oilandgaswatch.org/template/brief/permits-canceled-for-proposed-natural-gas-to-liquids-plant-in-west-texas,4,lucas@industriousaf.org,yes
442,2026-09-15,71,announced,confirmed,2025-12,https://web.archive.org/web/20251210002029id_/https://investor.lilly.com/news-releases/news-release-details/lilly-build-6-billion-facility-manufacture-active-pharmaceutical,3,lucas@industriousaf.org,yes
443,2026-09-15,71,promised_capital_usd,confirmed,6000000000,https://web.archive.org/web/20251210002029id_/https://investor.lilly.com/news-releases/news-release-details/lilly-build-6-billion-facility-manufacture-active-pharmaceutical,4,lucas@industriousaf.org,yes
444,2026-09-15,71,promised_first_output,confirmed,2032,https://web.archive.org/web/20251210002029id_/https://investor.lilly.com/news-releases/news-release-details/lilly-build-6-billion-facility-manufacture-active-pharmaceutical,1,lucas@industriousaf.org,yes
445,2026-09-15,71,actual_first_output,confirmed,pending,https://www.madeinalabama.com/2025/12/pharmaceutical-giant-lilly-plans-6-billion-advanced-manufacturing-plant-in-huntsville/,0,lucas@industriousaf.org,yes
446,2026-09-15,71,current_status,confirmed,"ANNOUNCED; construction to begin 2026, completion targeted 2032; not yet under construction or producing",https://www.madeinalabama.com/2025/12/pharmaceutical-giant-lilly-plans-6-billion-advanced-manufacturing-plant-in-huntsville/,0,lucas@industriousaf.org,yes
447,2026-09-15,69,promised_first_output,confirmed,2030,https://www.prnewswire.com/news-releases/lilly-plans-to-build-a-new-6-5-billion-facility-to-manufacture-active-pharmaceutical-ingredients-in-texas-302563621.html,1,lucas@industriousaf.org,yes
448,2026-09-15,70,actual_first_output,confirmed,pending,https://news.oilandgaswatch.org/template/brief/permits-canceled-for-proposed-natural-gas-to-liquids-plant-in-west-texas,0,lucas@industriousaf.org,yes
449,2026-09-15,70,promised_first_output,not stated on the page,n/a,https://www.rigzone.com/news/7b_gasoline_manufacturing_facility_planned_for_texas-26-apr-2021-165256-article/,1,lucas@industriousaf.org,yes
450,2026-09-15,71,promised_jobs,confirmed,450,https://web.archive.org/web/20251210002029id_/https://investor.lilly.com/news-releases/news-release-details/lilly-build-6-billion-facility-manufacture-active-pharmaceutical,2,lucas@industriousaf.org,yes
451,2026-09-15,72,announced,confirmed,2022-04,https://www.prnewswire.com/news-releases/hif-global-selects-matagorda-county-texas-for-efuels-facility-301535725.html,2,lucas@industriousaf.org,yes
452,2026-09-15,72,promised_capital_usd,confirmed,6000000000,https://www.prnewswire.com/news-releases/hif-global-selects-matagorda-county-texas-for-efuels-facility-301535725.html,1,lucas@industriousaf.org,yes
453,2026-09-15,72,promised_jobs,confirmed,125,https://www.prnewswire.com/news-releases/hif-global-selects-matagorda-county-texas-for-efuels-facility-301535725.html,1,lucas@industriousaf.org,yes
454,2026-09-15,72,promised_first_output,confirmed,2026,https://www.prnewswire.com/news-releases/hif-global-selects-matagorda-county-texas-for-efuels-facility-301535725.html,2,lucas@industriousaf.org,yes
455,2026-09-15,72,actual_first_output,confirmed,pending,,,lucas@industriousaf.org,yes
456,2026-09-15,73,promised_jobs,confirmed,3500,,,lucas@industriousaf.org,yes
457,2026-09-15,73,promised_first_output,confirmed,2025 (second half),,,lucas@industriousaf.org,yes
458,2026-09-15,73,actual_first_output,confirmed,2026-06,,,lucas@industriousaf.org,yes
459,2026-09-15,73,current_status,confirmed,"PRODUCING; early-stage initial cell production, ramping up",,,lucas@industriousaf.org,yes
460,2026-09-15,72,current_status,confirmed,Electric Hydrogen selected as electrolyzer supplier; not yet producing,https://eh2.com/hif-global-texas-efuels-project/,0,lucas@industriousaf.org,no
461,2026-09-15,73,announced,confirmed,2022-12,https://www.hyundainews.com/releases/3711,0,lucas@industriousaf.org,yes
462,2026-09-15,73,promised_capital_usd,confirmed,5000000000,https://www.hyundainews.com/releases/3711,0,lucas@industriousaf.org,yes
463,2026-09-15,74,announced,confirmed,2025-09,,,lucas@industriousaf.org,yes
464,2026-09-15,74,promised_capital_usd,confirmed,5000000000,,,lucas@industriousaf.org,yes
465,2026-09-15,74,promised_first_output,confirmed,2030,,,lucas@industriousaf.org,yes
466,2026-09-15,74,promised_jobs,confirmed,650,,,lucas@industriousaf.org,yes
467,2026-09-15,74,actual_first_output,confirmed,pending,,,lucas@industriousaf.org,yes
468,2026-09-15,74,current_status,confirmed,"PRE-CONSTRUCTION; 227-acre parcel purchased ($38.39M, July 2026), site work not yet begun, plan of development pending",,,lucas@industriousaf.org,yes
469,2026-09-15,75,promised_capital_usd,confirmed,5000000000,https://www.prnewswire.com/news-releases/hanwha-announces-5-billion-philly-shipyard-investment-as-part-of-s-koreas-commitment-to-us-shipbuilding-growth-302539519.html,3,lucas@industriousaf.org,yes
470,2026-09-15,75,announced,confirmed,2025-08,https://www.prnewswire.com/news-releases/hanwha-announces-5-billion-philly-shipyard-investment-as-part-of-s-koreas-commitment-to-us-shipbuilding-growth-302539519.html,2,lucas@industriousaf.org,yes
471,2026-09-15,76,announced,confirmed,2023-04,https://www.opportunitylouisiana.gov/news/st-charles-clean-fuels-proposes-4-6-billion-reduced-carbon-ammonia-facility-in-st-rose,1,lucas@industriousaf.org,yes
472,2026-09-15,76,promised_capital_usd,confirmed,4600000000,https://www.opportunitylouisiana.gov/news/st-charles-clean-fuels-proposes-4-6-billion-reduced-carbon-ammonia-facility-in-st-rose,2,lucas@industriousaf.org,yes
473,2026-09-15,76,promised_jobs,confirmed,216,https://www.opportunitylouisiana.gov/news/st-charles-clean-fuels-proposes-4-6-billion-reduced-carbon-ammonia-facility-in-st-rose,1,lucas@industriousaf.org,yes
474,2026-09-15,76,promised_first_output,confirmed,2027,https://www.opportunitylouisiana.gov/news/st-charles-clean-fuels-proposes-4-6-billion-reduced-carbon-ammonia-facility-in-st-rose,1,lucas@industriousaf.org,yes
475,2026-09-15,77,promised_capital_usd,confirmed,4300000000,https://gov.georgia.gov/press-releases/2023-08-31/gov-kemp-hyundai-motor-group-and-lg-energy-solution-invest-additional-2b,1,lucas@industriousaf.org,yes
476,2026-09-15,75,current_status,confirmed,"PRODUCING; ~1 ship/year today, $5B buildout underway toward up to 20 ships/year",,,lucas@industriousaf.org,yes
477,2026-09-15,75,promised_jobs,not stated on the page,,https://www.prnewswire.com/news-releases/hanwha-announces-5-billion-philly-shipyard-investment-as-part-of-s-koreas-commitment-to-us-shipbuilding-growth-302539519.html,0,lucas@industriousaf.org,yes
478,2026-09-15,75,promised_first_output,not stated on the page,n/a,https://www.prnewswire.com/news-releases/hanwha-announces-5-billion-philly-shipyard-investment-as-part-of-s-koreas-commitment-to-us-shipbuilding-growth-302539519.html,4,lucas@industriousaf.org,yes
479,2026-09-15,75,actual_first_output,not stated on the page,unconfirmed,https://maritime-executive.com/article/report-hanwha-ocean-looks-to-expand-in-us-with-possible-second-shipbuilder,0,lucas@industriousaf.org,no
480,2026-09-15,76,actual_first_output,confirmed,pending,https://web.archive.org/web/20251216173328id_/https://www.cip.com/projects/our-projects/st-charles/,2,lucas@industriousaf.org,yes
481,2026-09-15,76,current_status,confirmed,PROPOSED; project underwent de-risking process,https://web.archive.org/web/20251216173328id_/https://www.cip.com/projects/our-projects/st-charles/,0,lucas@industriousaf.org,yes
482,2026-09-15,77,promised_first_output,confirmed,2025-Q4,https://gov.georgia.gov/press-releases/2023-08-31/gov-kemp-hyundai-motor-group-and-lg-energy-solution-invest-additional-2b,0,lucas@industriousaf.org,yes
483,2026-09-15,77,current_status,confirmed,NOT PRODUCING; construction resumed Nov 2025 after Sept 4 2025 ICE raid halt; targeting H1 2026,,,lucas@industriousaf.org,yes
484,2026-09-15,77,actual_first_output,confirmed,pending,,,lucas@industriousaf.org,yes
485,2026-09-15,77,announced,confirmed,2023-05,https://gov.georgia.gov/press-releases/2023-08-31/gov-kemp-hyundai-motor-group-and-lg-energy-solution-invest-additional-2b,3,lucas@industriousaf.org,yes
486,2026-09-15,77,promised_jobs,not stated on the page,,https://gov.georgia.gov/press-releases/2023-08-31/gov-kemp-hyundai-motor-group-and-lg-energy-solution-invest-additional-2b,0,lucas@industriousaf.org,yes
487,2026-09-15,78,announced,confirmed,2022-01,,,lucas@industriousaf.org,yes
488,2026-09-15,78,promised_capital_usd,confirmed,4000000000,https://pressroom.gm.com/gmbx/us/en/pressroom/home/news.detail.html/Pages/news/us/en/2022/jan/0125-michigan-investment.html,1,lucas@industriousaf.org,yes
489,2026-09-15,78,promised_jobs,confirmed,2350,https://pressroom.gm.com/gmbx/us/en/pressroom/home/news.detail.html/Pages/news/us/en/2022/jan/0125-michigan-investment.html,1,lucas@industriousaf.org,yes
490,2026-09-15,78,promised_first_output,confirmed,2025 (second half),https://pressroom.gm.com/gmbx/us/en/pressroom/home/news.detail.html/Pages/news/us/en/2022/jan/0125-michigan-investment.html,4,lucas@industriousaf.org,yes
491,2026-09-15,78,current_status,confirmed,"CANCELLED (EV pickup plan); Orion repurposed to gas-powered full-size SUVs and light-duty pickups from 2027, EV truck production shifted to Factory ZERO",,,lucas@industriousaf.org,no
492,2026-09-15,78,actual_first_output,confirmed,never,https://oaklandcounty115.com/2025/06/11/gms-orion-plant-once-slated-for-ev-production-now-to-produce-gas-powered-suvs-and-pickups/,1,lucas@industriousaf.org,no
493,2026-09-15,79,announced,confirmed,2025-05,https://media.ega.ae/ega-progresses-plans-to-build-first-new-primary-aluminium-production-plant-in-the-us-since-1980-in-oklahoma/,3,lucas@industriousaf.org,yes
494,2026-09-15,79,promised_capital_usd,confirmed,4000000000,https://media.ega.ae/ega-progresses-plans-to-build-first-new-primary-aluminium-production-plant-in-the-us-since-1980-in-oklahoma/,1,lucas@industriousaf.org,yes
495,2026-09-15,79,promised_jobs,confirmed,1000,https://media.ega.ae/ega-progresses-plans-to-build-first-new-primary-aluminium-production-plant-in-the-us-since-1980-in-oklahoma/,1,lucas@industriousaf.org,yes
496,2026-09-15,79,promised_first_output,confirmed,2029,https://media.ega.ae/ega-progresses-plans-to-build-first-new-primary-aluminium-production-plant-in-the-us-since-1980-in-oklahoma/,1,lucas@industriousaf.org,yes
497,2026-09-15,79,actual_first_output,confirmed,pending,,,lucas@industriousaf.org,yes
498,2026-09-15,79,current_status,confirmed,"PLANNING/PERMITTING; JV formed (EGA 60%/Century 40%), upsized to ~750,000 t/yr, air permit filed; Oklahoma AG lawsuit pending",https://web.archive.org/web/20260607155541id_/https://www.manufacturingdive.com/news/oklahoma-ag-files-to-halt-inola-smelter-project-ega-century-aluminum/822134/,0,lucas@industriousaf.org,yes
499,2026-09-15,80,announced,confirmed,2022-12,https://www.airproducts.com/company/news-center/2022/12/1208-air-products-and-aes-to-invest-to-build-first-mega-scale-green-hydrogen-facility-in-texas,4,lucas@industriousaf.org,yes
500,2026-09-15,80,promised_capital_usd,confirmed,4000000000,https://www.airproducts.com/company/news-center/2022/12/1208-air-products-and-aes-to-invest-to-build-first-mega-scale-green-hydrogen-facility-in-texas,2,lucas@industriousaf.org,yes
501,2026-09-15,80,promised_jobs,confirmed,115,https://www.airproducts.com/company/news-center/2022/12/1208-air-products-and-aes-to-invest-to-build-first-mega-scale-green-hydrogen-facility-in-texas,1,lucas@industriousaf.org,yes
502,2026-09-15,80,promised_first_output,confirmed,2027,https://www.airproducts.com/company/news-center/2022/12/1208-air-products-and-aes-to-invest-to-build-first-mega-scale-green-hydrogen-facility-in-texas,1,lucas@industriousaf.org,yes
503,2026-09-15,80,actual_first_output,confirmed,never,https://www.vernonrecord.com/2024/11/21/green-hydrogen-project-fizzles/,1,lucas@industriousaf.org,yes
504,2026-09-15,80,current_status,confirmed,CANCELLED; JV dissolved November 2024 when Air Products withdrew before a final investment decision; hydrogen plant not built.,https://www.vernonrecord.com/2024/11/21/green-hydrogen-project-fizzles/,0,lucas@industriousaf.org,yes
505,2026-09-15,82,promised_capital_usd,confirmed,3600000000,https://web.archive.org/web/20230125010816id_/https://www.forbes.com/sites/alanohnsman/2023/01/24/tesla-pouring-36-billion-into-nevada-plant-for-ev-battery-semi-production/,2,lucas@industriousaf.org,yes
506,2026-09-15,82,announced,confirmed,2023-01,https://web.archive.org/web/20230125010816id_/https://www.forbes.com/sites/alanohnsman/2023/01/24/tesla-pouring-36-billion-into-nevada-plant-for-ev-battery-semi-production/,1,lucas@industriousaf.org,yes
507,2026-09-15,82,promised_jobs,confirmed,3000,https://web.archive.org/web/20230125010816id_/https://www.forbes.com/sites/alanohnsman/2023/01/24/tesla-pouring-36-billion-into-nevada-plant-for-ev-battery-semi-production/,1,lucas@industriousaf.org,yes
508,2026-09-15,82,actual_first_output,confirmed,2026-04,,,lucas@industriousaf.org,yes
509,2026-09-15,82,current_status,confirmed,"PRODUCING; first Semi off high-volume line, ramp beginning",https://electrek.co/2026/04/29/tesla-semi-first-truck-high-volume-production-line/,7,lucas@industriousaf.org,yes
510,2026-09-15,81,actual_first_output,confirmed,pending,,,lucas@industriousaf.org,yes
511,2026-09-15,81,current_status,confirmed,"ANNOUNCED; planning stage, new assembly line not yet under construction",,,lucas@industriousaf.org,yes
512,2026-09-15,81,promised_capital_usd,confirmed,3600000000,https://web.archive.org/web/20260707093819id_/https://pressroom.toyota.com/toyota-announces-3-6b-expansion-2000-new-jobs-at-its-san-antonio-plant/,6,lucas@industriousaf.org,yes
513,2026-09-15,81,promised_jobs,confirmed,2000,https://web.archive.org/web/20260707093819id_/https://pressroom.toyota.com/toyota-announces-3-6b-expansion-2000-new-jobs-at-its-san-antonio-plant/,7,lucas@industriousaf.org,yes
514,2026-09-15,81,announced,confirmed,2026-07,https://web.archive.org/web/20260707093819id_/https://pressroom.toyota.com/toyota-announces-3-6b-expansion-2000-new-jobs-at-its-san-antonio-plant/,6,lucas@industriousaf.org,yes
515,2026-09-15,81,promised_first_output,confirmed,2030,https://web.archive.org/web/20260707093819id_/https://pressroom.toyota.com/toyota-announces-3-6b-expansion-2000-new-jobs-at-its-san-antonio-plant/,1,lucas@industriousaf.org,yes
516,2026-09-15,82,promised_first_output,confirmed,2024,https://web.archive.org/web/20230125010816id_/https://www.forbes.com/sites/alanohnsman/2023/01/24/tesla-pouring-36-billion-into-nevada-plant-for-ev-battery-semi-production/,0,lucas@industriousaf.org,yes
517,2026-09-15,84,promised_capital_usd,confirmed,3500000000,https://www.intc.com/news-events/press-releases/detail/1464/intel-to-invest-3-5-billion-to-expand-new-mexico,6,lucas@industriousaf.org,yes
518,2026-09-15,84,announced,confirmed,2021-05,https://www.intc.com/news-events/press-releases/detail/1464/intel-to-invest-3-5-billion-to-expand-new-mexico,6,lucas@industriousaf.org,yes
519,2026-09-15,84,promised_jobs,confirmed,700,https://www.intc.com/news-events/press-releases/detail/1464/intel-to-invest-3-5-billion-to-expand-new-mexico,2,lucas@industriousaf.org,yes
520,2026-09-15,84,current_status,confirmed,PRODUCING; Fab 9 opened 2024-01-24 as first operational site for mass production of Foveros 3D advanced packaging,https://www.intc.com/news-events/press-releases/detail/1670/intel-opens-fab-9-in-new-mexico,1,lucas@industriousaf.org,yes
526,2026-09-15,83,announced,confirmed,2024-02,https://www.opportunitylouisiana.gov/news/lake-charles-methanol-announces-plan-for-new-3-2-billion-manufacturing-plant-in-southwest-louisiana,2,lucas@industriousaf.org,yes
527,2026-09-15,83,promised_capital_usd,confirmed,3240000000,https://www.opportunitylouisiana.gov/news/lake-charles-methanol-announces-plan-for-new-3-2-billion-manufacturing-plant-in-southwest-louisiana,2,lucas@industriousaf.org,yes
528,2026-09-15,83,promised_jobs,confirmed,123,https://www.opportunitylouisiana.gov/news/lake-charles-methanol-announces-plan-for-new-3-2-billion-manufacturing-plant-in-southwest-louisiana,1,lucas@industriousaf.org,yes
529,2026-09-15,83,promised_first_output,confirmed,2027 (second half),https://www.opportunitylouisiana.gov/news/lake-charles-methanol-announces-plan-for-new-3-2-billion-manufacturing-plant-in-southwest-louisiana,1,lucas@industriousaf.org,yes
530,2026-09-15,83,current_status,confirmed,"PRE-CONSTRUCTION; in FEED, FID anticipated Q2 2026",,,lucas@industriousaf.org,yes
531,2026-09-15,83,actual_first_output,confirmed,pending,https://zachrygroup.com/press-releases/Zachry_Group_Selected_for_FEED_Scope_on_Worlds_Largest_Low_Carbon_Blue_Methanol_Project.html,1,lucas@industriousaf.org,yes
532,2026-09-15,84,promised_first_output,not stated on the page,n/a,https://www.intc.com/news-events/press-releases/detail/1464/intel-to-invest-3-5-billion-to-expand-new-mexico,2,lucas@industriousaf.org,yes
533,2026-09-15,84,actual_first_output,confirmed,2024-01,https://www.intc.com/news-events/press-releases/detail/1670/intel-opens-fab-9-in-new-mexico,2,lucas@industriousaf.org,yes
535,2026-09-16,86,announced,confirmed,2022-11,https://tnecd.com/news/governor-lee-commissioner-mcwhorter-announce-lg-chem-to-invest-more-than-3-billion-to-establish-manufacturing-operations-in-clarksville/,1,lucas@industriousaf.org,yes
536,2026-09-16,86,promised_capital_usd,confirmed,3200000000,https://tnecd.com/news/governor-lee-commissioner-mcwhorter-announce-lg-chem-to-invest-more-than-3-billion-to-establish-manufacturing-operations-in-clarksville/,4,lucas@industriousaf.org,yes
537,2026-09-16,86,promised_jobs,confirmed,860,https://tnecd.com/news/governor-lee-commissioner-mcwhorter-announce-lg-chem-to-invest-more-than-3-billion-to-establish-manufacturing-operations-in-clarksville/,1,lucas@industriousaf.org,yes
538,2026-09-16,86,promised_first_output,confirmed,2025 (second half),https://tnecd.com/news/governor-lee-commissioner-mcwhorter-announce-lg-chem-to-invest-more-than-3-billion-to-establish-manufacturing-operations-in-clarksville/,1,lucas@industriousaf.org,yes
539,2026-09-16,87,announced,confirmed,2019-04,,,lucas@industriousaf.org,yes
540,2026-09-16,87,promised_capital_usd,confirmed,3100000000,,,lucas@industriousaf.org,yes
541,2026-09-16,87,promised_jobs,confirmed,488,,,lucas@industriousaf.org,yes
542,2026-09-16,87,actual_first_output,confirmed,2022-09,https://www.ti.com/about-ti/manufacturing/richardson.html,3,lucas@industriousaf.org,yes
543,2026-09-16,87,current_status,confirmed,IN PRODUCTION; both RFAB1 and RFAB2 ramping to full volume,https://www.ti.com/about-ti/manufacturing/richardson.html,2,lucas@industriousaf.org,yes
544,2026-09-16,88,promised_capital_usd,confirmed,3100000000,https://www.opportunitylouisiana.gov/news/dg-fuels-proposes-3-1-billion-sustainable-aviation-fuel-complex-in-st-james-parish,2,lucas@industriousaf.org,yes
545,2026-09-16,88,announced,confirmed,2023-03,https://www.opportunitylouisiana.gov/news/dg-fuels-proposes-3-1-billion-sustainable-aviation-fuel-complex-in-st-james-parish,2,lucas@industriousaf.org,yes
546,2026-09-16,88,promised_jobs,confirmed,1055,https://www.opportunitylouisiana.gov/news/dg-fuels-proposes-3-1-billion-sustainable-aviation-fuel-complex-in-st-james-parish,1,lucas@industriousaf.org,yes
547,2026-09-16,88,current_status,confirmed,"PRE-CONSTRUCTION; pre-FEED, final investment decision targeted Q3 2026",https://dgfuels.com/2025/11/10/dg-fuels-appoints-samsung-ea-as-contractor-for-saf-project-in-st-james/,0,lucas@industriousaf.org,yes
548,2026-09-16,88,actual_first_output,confirmed,pending,https://dgfuels.com/2025/11/10/dg-fuels-appoints-samsung-ea-as-contractor-for-saf-project-in-st-james/,1,lucas@industriousaf.org,yes
549,2026-09-16,90,announced,confirmed,2018-08,https://web.archive.org/web/20210507185954id_/https://investors.micron.com/news-releases/news-release-details/micron-announces-investment-its-semiconductor-manufacturing,3,lucas@industriousaf.org,yes
550,2026-09-16,90,promised_capital_usd,confirmed,3000000000,https://web.archive.org/web/20210507185954id_/https://investors.micron.com/news-releases/news-release-details/micron-announces-investment-its-semiconductor-manufacturing,2,lucas@industriousaf.org,yes
551,2026-09-16,90,promised_jobs,confirmed,1100,https://web.archive.org/web/20210507185954id_/https://investors.micron.com/news-releases/news-release-details/micron-announces-investment-its-semiconductor-manufacturing,2,lucas@industriousaf.org,yes
552,2026-09-16,90,promised_first_output,confirmed,2020 (first half),https://web.archive.org/web/20210507185954id_/https://investors.micron.com/news-releases/news-release-details/micron-announces-investment-its-semiconductor-manufacturing,1,lucas@industriousaf.org,yes
553,2026-09-16,90,current_status,confirmed,"PRODUCING; began 1-alpha (1a) DRAM production at Manassas May 2026 (billed as most advanced memory made in the U.S.); ~3,100 direct jobs",,,lucas@industriousaf.org,yes
554,2026-09-16,86,actual_first_output,confirmed,pending,https://www.kedglobal.com/batteries/newsView/ked202312200013,1,lucas@industriousaf.org,yes
555,2026-09-16,86,current_status,confirmed,"UNDER CONSTRUCTION; groundbreaking Dec 19, 2023; mass production now targeted 2026",https://www.kedglobal.com/batteries/newsView/ked202312200013,3,lucas@industriousaf.org,yes
556,2026-09-16,87,promised_first_output,not stated on the page,n/a,https://communityimpact.com/richardson/texas-instruments-commits-to-3-1-billion-north-richardson-expansion-project/,2,lucas@industriousaf.org,yes
557,2026-09-16,88,promised_first_output,not stated on the page,n/a,https://www.opportunitylouisiana.gov/news/dg-fuels-proposes-3-1-billion-sustainable-aviation-fuel-complex-in-st-james-parish,2,lucas@industriousaf.org,yes
558,2026-09-16,89,announced,confirmed,2023-04,,,lucas@industriousaf.org,yes
559,2026-09-16,89,promised_capital_usd,confirmed,3000000000,,,lucas@industriousaf.org,yes
560,2026-09-16,89,promised_jobs,not stated on the page,,,,lucas@industriousaf.org,yes
561,2026-09-16,89,promised_first_output,confirmed,2026,,,lucas@industriousaf.org,yes
562,2026-09-16,89,actual_first_output,confirmed,pending,,,lucas@industriousaf.org,yes
563,2026-09-16,89,current_status,confirmed,NOT YET OPERATIONAL; mass production delayed from 2026 to 2027; Samsung SDI acquired GM's stake for full ownership,,,lucas@industriousaf.org,yes
564,2026-09-16,92,promised_capital_usd,confirmed,3000000000,,,lucas@industriousaf.org,yes
565,2026-09-16,92,announced,confirmed,2024-12,,,lucas@industriousaf.org,yes
566,2026-09-16,92,promised_jobs,confirmed,750,,,lucas@industriousaf.org,yes
567,2026-09-16,90,actual_first_output,confirmed,2026-05,https://www.potomaclocal.com/2026/05/25/most-advanced-memory-chip-ever-made-in-usa-now-in-production-at-micron-manassas/,1,lucas@industriousaf.org,no
568,2026-09-16,93,promised_capital_usd,confirmed,3000000000,https://web.archive.org/web/20251020195434id_/https://www.merck.com/news/merck-breaks-ground-on-3-billion-center-of-excellence-for-pharmaceutical-manufacturing-in-elkton-virginia/,5,lucas@industriousaf.org,yes
569,2026-09-16,93,announced,confirmed,2025-10,https://web.archive.org/web/20251020195434id_/https://www.merck.com/news/merck-breaks-ground-on-3-billion-center-of-excellence-for-pharmaceutical-manufacturing-in-elkton-virginia/,4,lucas@industriousaf.org,yes
570,2026-09-16,93,promised_jobs,confirmed,500,https://web.archive.org/web/20251020195434id_/https://www.merck.com/news/merck-breaks-ground-on-3-billion-center-of-excellence-for-pharmaceutical-manufacturing-in-elkton-virginia/,2,lucas@industriousaf.org,yes
571,2026-09-16,93,promised_first_output,confirmed,2029,https://web.archive.org/web/20251020195434id_/https://www.merck.com/news/merck-breaks-ground-on-3-billion-center-of-excellence-for-pharmaceutical-manufacturing-in-elkton-virginia/,1,lucas@industriousaf.org,yes
572,2026-09-16,91,actual_first_output,confirmed,pending,,,lucas@industriousaf.org,yes
573,2026-09-16,91,promised_first_output,confirmed,2028,,,lucas@industriousaf.org,yes
574,2026-09-16,91,announced,confirmed,2026-07,,,lucas@industriousaf.org,yes
575,2026-09-16,91,promised_capital_usd,confirmed,3000000000,,,lucas@industriousaf.org,yes
576,2026-09-16,91,promised_jobs,confirmed,10000,,,lucas@industriousaf.org,yes
577,2026-09-16,91,current_status,confirmed,"SITE SELECTED; construction not yet begun (anticipated 2026), operations targeted 2028",https://www.navalnews.com/naval-news/2026/07/saronic-port-alpha-shipyard-texas-autonomous-naval-vessels/,0,lucas@industriousaf.org,yes
578,2026-09-16,92,current_status,confirmed,"UNDER CONSTRUCTION; Village of Pleasant Prairie site/operations plan approved March 17, 2025; operations targeted March 2026, no production yet",https://constructionreviewonline.com/pleasant-prairie-approves-eli-lillys-multibillion-dollar-expansion-plan/,1,lucas@industriousaf.org,yes
579,2026-09-16,92,promised_first_output,not stated on the page,2026-03,https://web.archive.org/web/20241206140057id_/https://investor.lilly.com/news-releases/news-release-details/lilly-announces-3-billion-expansion-its-recently-acquired,0,lucas@industriousaf.org,no
580,2026-09-16,92,promised_first_output,not stated on the page,n/a,https://web.archive.org/web/20241206140057id_/https://investor.lilly.com/news-releases/news-release-details/lilly-announces-3-billion-expansion-its-recently-acquired,0,lucas@industriousaf.org,yes
581,2026-09-16,92,actual_first_output,confirmed,pending,https://constructionreviewonline.com/pleasant-prairie-approves-eli-lillys-multibillion-dollar-expansion-plan/,3,lucas@industriousaf.org,yes
582,2026-09-16,93,current_status,confirmed,"UNDER CONSTRUCTION; groundbreaking Oct 2025, completion targeted 2029; not yet producing",,,lucas@industriousaf.org,yes
583,2026-09-16,93,actual_first_output,confirmed,pending,,,lucas@industriousaf.org,yes
584,2026-09-16,94,promised_capital_usd,confirmed,2600000000,https://inside.lgensol.com/en/2022/01/gm-and-lg-energy-solution-investing-2-6-billion-to-build-3rd-ultium-cells-manufacturing-plant-in-lansing/,2,lucas@industriousaf.org,yes
585,2026-09-16,94,announced,confirmed,2022-01,https://inside.lgensol.com/en/2022/01/gm-and-lg-energy-solution-investing-2-6-billion-to-build-3rd-ultium-cells-manufacturing-plant-in-lansing/,1,lucas@industriousaf.org,yes
586,2026-09-16,94,promised_jobs,confirmed,1700,https://inside.lgensol.com/en/2022/01/gm-and-lg-energy-solution-investing-2-6-billion-to-build-3rd-ultium-cells-manufacturing-plant-in-lansing/,2,lucas@industriousaf.org,yes
587,2026-09-16,94,promised_first_output,confirmed,2024 (late),https://inside.lgensol.com/en/2022/01/gm-and-lg-energy-solution-investing-2-6-billion-to-build-3rd-ultium-cells-manufacturing-plant-in-lansing/,1,lucas@industriousaf.org,yes
588,2026-09-16,94,actual_first_output,confirmed,2026-08-18,https://news.lgensol.com/company-news/press-releases/5163/,10,lucas@industriousaf.org,yes
589,2026-09-16,94,current_status,confirmed,"PRODUCING; start of production Aug 18, 2026, ~900 employees ramping toward 1,700",https://news.lgensol.com/company-news/press-releases/5163/,3,lucas@industriousaf.org,yes
590,2026-09-16,95,announced,confirmed,2023-03,,,lucas@industriousaf.org,yes
591,2026-09-16,95,promised_capital_usd,confirmed,2600000000,,,lucas@industriousaf.org,yes
592,2026-09-16,95,promised_first_output,confirmed,2027,https://www.prnewswire.com/news-releases/yara-and-enbridge-to-develop-and-construct-a-low-carbon-blue-ammonia-project-at-enbridge-ingleside-energy-center-301786710.html,2,lucas@industriousaf.org,yes
593,2026-09-16,95,current_status,confirmed,"IN PERMITTING; no FID or construction start (Nov 2025 special use permit first reading passed 4-2, second reading set Dec 9, 2025)",,,lucas@industriousaf.org,yes
594,2026-09-16,95,actual_first_output,confirmed,pending,,,lucas@industriousaf.org,yes
595,2026-09-16,95,promised_jobs,not stated on the page,200,https://www.prnewswire.com/news-releases/yara-and-enbridge-to-develop-and-construct-a-low-carbon-blue-ammonia-project-at-enbridge-ingleside-energy-center-301786710.html,0,lucas@industriousaf.org,no
596,2026-09-16,95,promised_jobs,not stated on the page,,https://www.prnewswire.com/news-releases/yara-and-enbridge-to-develop-and-construct-a-low-carbon-blue-ammonia-project-at-enbridge-ingleside-energy-center-301786710.html,0,lucas@industriousaf.org,yes
597,2026-09-16,98,announced,confirmed,2026-06,,,lucas@industriousaf.org,yes
598,2026-09-16,98,promised_capital_usd,confirmed,2500000000,,,lucas@industriousaf.org,yes
599,2026-09-16,98,actual_first_output,confirmed,pending,,,lucas@industriousaf.org,yes
600,2026-09-16,98,current_status,confirmed,PLANNING; pre-construction — hot strip mill not yet under construction (as of July 2026),,,lucas@industriousaf.org,yes
601,2026-09-16,96,announced,confirmed,2021-04,,,lucas@industriousaf.org,yes
602,2026-09-16,96,promised_capital_usd,confirmed,2300000000,,,lucas@industriousaf.org,yes
603,2026-09-16,96,promised_jobs,confirmed,1300,,,lucas@industriousaf.org,yes
604,2026-09-16,96,promised_first_output,confirmed,2023 (second half),,,lucas@industriousaf.org,yes
605,2026-09-16,96,actual_first_output,confirmed,2024-03-21,,,lucas@industriousaf.org,yes
606,2026-09-16,96,current_status,confirmed,PRODUCING; retrofitting (~$70M) to add LFP cells for stationary ESS,,,lucas@industriousaf.org,yes
607,2026-09-16,97,announced,confirmed,2020-01,,,lucas@industriousaf.org,yes
608,2026-09-16,97,promised_capital_usd,confirmed,2200000000,,,lucas@industriousaf.org,yes
609,2026-09-16,97,promised_jobs,confirmed,2200,,,lucas@industriousaf.org,yes
610,2026-09-16,97,promised_first_output,not stated on the page,n/a,https://www.fox2detroit.com/news/gm-investing-2-2-billion-in-detroit-hamtramck-plant-creating-2200-jobs,1,lucas@industriousaf.org,yes
611,2026-09-16,97,actual_first_output,confirmed,2021-12,,,lucas@industriousaf.org,yes
612,2026-09-16,97,current_status,confirmed,"PRODUCING; repeated multi-week production pauses (latest Mar 16-Apr 13, 2026) amid weak EV demand",,,lucas@industriousaf.org,yes
613,2026-09-16,98,promised_jobs,not stated on the page,,,,lucas@industriousaf.org,yes
614,2026-09-16,98,promised_first_output,not stated on the page,n/a,,,lucas@industriousaf.org,yes
615,2026-09-16,100,promised_capital_usd,confirmed,2000000000,https://web.archive.org/web/20260125033946id_/https://esd.ny.gov/esd-media-center/press-releases/governor-hochul-announces-regeneron-invest-more-2-billion-saratoga,3,lucas@industriousaf.org,yes
616,2026-09-16,100,announced,confirmed,2025-11,https://web.archive.org/web/20260125033946id_/https://esd.ny.gov/esd-media-center/press-releases/governor-hochul-announces-regeneron-invest-more-2-billion-saratoga,1,lucas@industriousaf.org,yes
617,2026-09-16,100,promised_jobs,confirmed,1000,https://web.archive.org/web/20260125033946id_/https://esd.ny.gov/esd-media-center/press-releases/governor-hochul-announces-regeneron-invest-more-2-billion-saratoga,5,lucas@industriousaf.org,yes
618,2026-09-16,99,announced,confirmed,2022-05,,,lucas@industriousaf.org,yes
619,2026-09-16,99,promised_capital_usd,confirmed,2000000000,,,lucas@industriousaf.org,yes
620,2026-09-16,99,promised_jobs,not stated on the page,,,,lucas@industriousaf.org,yes
621,2026-09-16,99,promised_first_output,confirmed,2027,,,lucas@industriousaf.org,yes
622,2026-09-16,99,actual_first_output,confirmed,never,,,lucas@industriousaf.org,yes
623,2026-09-16,99,current_status,confirmed,CANCELLED,,,lucas@industriousaf.org,yes
624,2026-09-16,100,promised_first_output,not stated on the page,n/a,https://web.archive.org/web/20260125033946id_/https://esd.ny.gov/esd-media-center/press-releases/governor-hochul-announces-regeneron-invest-more-2-billion-saratoga,1,lucas@industriousaf.org,yes
625,2026-09-16,100,actual_first_output,confirmed,pending,https://web.archive.org/web/20251119142822id_/https://www.fiercepharma.com/manufacturing/regeneron-pours-2b-saratoga-springs-plant-acquired-recent-onshoring-push,0,lucas@industriousaf.org,yes
626,2026-09-16,100,current_status,confirmed,"ANNOUNCED; site acquired, construction not yet begun",https://web.archive.org/web/20251119142822id_/https://www.fiercepharma.com/manufacturing/regeneron-pours-2b-saratoga-springs-plant-acquired-recent-onshoring-push,0,lucas@industriousaf.org,yes
627,2026-09-16,101,announced,confirmed,2023-09,https://web.archive.org/web/20230928113407id_/https://www.manufacturingdive.com/news/gotion-2-billion-ev-lithium-battery-plant-manteno-illinois/693223/,9,lucas@industriousaf.org,yes
628,2026-09-16,101,promised_capital_usd,confirmed,2000000000,https://web.archive.org/web/20230928113407id_/https://www.manufacturingdive.com/news/gotion-2-billion-ev-lithium-battery-plant-manteno-illinois/693223/,2,lucas@industriousaf.org,yes
629,2026-09-16,101,promised_jobs,confirmed,2600,https://web.archive.org/web/20230928113407id_/https://www.manufacturingdive.com/news/gotion-2-billion-ev-lithium-battery-plant-manteno-illinois/693223/,3,lucas@industriousaf.org,yes
630,2026-09-16,101,promised_first_output,confirmed,2024,https://web.archive.org/web/20230928113407id_/https://www.manufacturingdive.com/news/gotion-2-billion-ev-lithium-battery-plant-manteno-illinois/693223/,0,lucas@industriousaf.org,yes
631,2026-09-16,101,actual_first_output,confirmed,2025-Q2,https://www.shawlocal.com/daily-journal/2025/11/18/gotion-gives-updates-on-manteno-plant/,2,lucas@industriousaf.org,yes
632,2026-09-16,101,current_status,confirmed,PRODUCING; ramping below plan (~300 employees vs 450 target for end-2025),https://www.shawlocal.com/daily-journal/2025/11/18/gotion-gives-updates-on-manteno-plant/,1,lucas@industriousaf.org,yes
633,2026-09-16,102,announced,confirmed,2024-07,,,lucas@industriousaf.org,yes
634,2026-09-16,102,promised_capital_usd,confirmed,2000000000,,,lucas@industriousaf.org,yes
635,2026-09-16,102,promised_jobs,confirmed,2000,,,lucas@industriousaf.org,yes
636,2026-09-16,102,promised_first_output,confirmed,2027,,,lucas@industriousaf.org,yes
637,2026-09-16,102,actual_first_output,confirmed,pending,,,lucas@industriousaf.org,yes
638,2026-09-16,102,current_status,confirmed,"UNDER CONSTRUCTION; DELAYED, production postponed from 2027 to 2028",,,lucas@industriousaf.org,yes
639,2026-09-16,104,announced,confirmed,2020-10,,,lucas@industriousaf.org,yes
640,2026-09-16,104,promised_capital_usd,confirmed,2000000000,,,lucas@industriousaf.org,yes
641,2026-09-16,104,actual_first_output,confirmed,2022-03,,,lucas@industriousaf.org,yes
642,2026-09-16,104,current_status,confirmed,PRODUCING; reducing from two shifts to one for the first five months of 2026 amid slower EV demand,,,lucas@industriousaf.org,yes
643,2026-09-16,105,promised_jobs,confirmed,330,,,lucas@industriousaf.org,yes
644,2026-09-16,105,announced,confirmed,2026-03,,,lucas@industriousaf.org,yes
645,2026-09-16,105,actual_first_output,confirmed,pending,,,lucas@industriousaf.org,yes
646,2026-09-16,105,current_status,confirmed,ANNOUNCED; planning/pre-construction phase,,,lucas@industriousaf.org,yes
647,2026-09-16,106,announced,confirmed,2022-04,,,lucas@industriousaf.org,yes
648,2026-09-16,106,promised_capital_usd,confirmed,2000000000,,,lucas@industriousaf.org,yes
649,2026-09-16,106,promised_jobs,not stated on the page,,https://www.prnewswire.com/news-releases/world-energy-secures-permits-will-completely-convert-its-southern-calif-refinery-to-create-north-americas-largest-worlds-most-advanced-sustainable-aviation-fuel-hub-301531135.html,0,lucas@industriousaf.org,yes
650,2026-09-16,106,current_status,confirmed,CANCELLED; Air Products terminated the expansion agreement and is exiting the site (Feb 2025); World Energy's pre-existing smaller SAF operations continue,https://www.biobased-diesel.com/post/air-products-to-exit-world-energy-s-saf-expansion-project-in-paramount-california,1,lucas@industriousaf.org,yes
651,2026-09-16,106,actual_first_output,confirmed,never,https://www.biobased-diesel.com/post/air-products-to-exit-world-energy-s-saf-expansion-project-in-paramount-california,1,lucas@industriousaf.org,yes
652,2026-09-16,103,announced,confirmed,2019-05,https://corporate.exxonmobil.com/news/news-releases/2019/0502_exxonmobil-announces-2-billion-baytown-chemical-expansion-project,2,lucas@industriousaf.org,yes
653,2026-09-16,103,promised_capital_usd,confirmed,2000000000,https://corporate.exxonmobil.com/news/news-releases/2019/0502_exxonmobil-announces-2-billion-baytown-chemical-expansion-project,2,lucas@industriousaf.org,yes
654,2026-09-16,103,promised_jobs,not stated on the page,,https://corporate.exxonmobil.com/news/news-releases/2019/0502_exxonmobil-announces-2-billion-baytown-chemical-expansion-project,0,lucas@industriousaf.org,yes
655,2026-09-16,103,promised_first_output,confirmed,2022,https://corporate.exxonmobil.com/news/news-releases/2019/0502_exxonmobil-announces-2-billion-baytown-chemical-expansion-project,1,lucas@industriousaf.org,yes
656,2026-09-16,103,actual_first_output,confirmed,2023-09-19,,,lucas@industriousaf.org,yes
657,2026-09-16,103,current_status,confirmed,PRODUCING; both units in service since 2023-09-19,,,lucas@industriousaf.org,yes
658,2026-09-16,104,promised_jobs,not stated on the page,,https://www.prnewswire.com/news-releases/gm-investing-2-billion-to-transition-spring-hill-tennessee-plant-to-build-electric-vehicles-including-cadillac-lyriq-301155945.html,0,lucas@industriousaf.org,yes
659,2026-09-16,104,promised_first_output,not stated on the page,n/a,https://www.prnewswire.com/news-releases/gm-investing-2-billion-to-transition-spring-hill-tennessee-plant-to-build-electric-vehicles-including-cadillac-lyriq-301155945.html,4,lucas@industriousaf.org,yes
660,2026-09-16,105,promised_first_output,not stated on the page,n/a,https://www.prnewswire.com/news-releases/ucb-selects-georgia-for-new-us-biologics-manufacturing-facility-5b-economic-impact-and-330-permanent-jobs-302723535.html,3,lucas@industriousaf.org,yes
661,2026-09-16,105,promised_capital_usd,not stated on the page,,https://www.prnewswire.com/news-releases/ucb-selects-georgia-for-new-us-biologics-manufacturing-facility-5b-economic-impact-and-330-permanent-jobs-302723535.html,0,lucas@industriousaf.org,no
662,2026-09-16,105,promised_capital_usd,not stated on the page,2000000000,https://www.prnewswire.com/news-releases/ucb-selects-georgia-for-new-us-biologics-manufacturing-facility-5b-economic-impact-and-330-permanent-jobs-302723535.html,0,lucas@industriousaf.org,no
663,2026-09-16,105,promised_capital_usd,not stated on the page,,https://www.prnewswire.com/news-releases/ucb-selects-georgia-for-new-us-biologics-manufacturing-facility-5b-economic-impact-and-330-permanent-jobs-302723535.html,0,lucas@industriousaf.org,no
664,2026-09-16,105,promised_capital_usd,confirmed,0,https://www.prnewswire.com/news-releases/ucb-selects-georgia-for-new-us-biologics-manufacturing-facility-5b-economic-impact-and-330-permanent-jobs-302723535.html,0,lucas@industriousaf.org,no
665,2026-09-16,105,promised_capital_usd,not stated on the page,2000000000,https://www.prnewswire.com/news-releases/ucb-selects-georgia-for-new-us-biologics-manufacturing-facility-5b-economic-impact-and-330-permanent-jobs-302723535.html,0,lucas@industriousaf.org,no
666,2026-09-16,106,promised_first_output,not stated on the page,n/a,https://www.prnewswire.com/news-releases/world-energy-secures-permits-will-completely-convert-its-southern-calif-refinery-to-create-north-americas-largest-worlds-most-advanced-sustainable-aviation-fuel-hub-301531135.html,0,lucas@industriousaf.org,yes
667,2026-09-16,107,announced,confirmed,2025-08,https://www.cnbc.com/2025/08/11/ford-louisville-assembly-plant-ev-investment.html,4,lucas@industriousaf.org,yes
668,2026-09-16,107,promised_capital_usd,confirmed,2000000000,https://www.cnbc.com/2025/08/11/ford-louisville-assembly-plant-ev-investment.html,3,lucas@industriousaf.org,yes
669,2026-09-16,107,promised_jobs,confirmed,2200,https://www.cnbc.com/2025/08/11/ford-louisville-assembly-plant-ev-investment.html,2,lucas@industriousaf.org,yes
670,2026-09-16,107,promised_first_output,confirmed,2027,https://www.cnbc.com/2025/08/11/ford-louisville-assembly-plant-ev-investment.html,2,lucas@industriousaf.org,yes
671,2026-09-16,107,actual_first_output,confirmed,pending,https://web.archive.org/web/20260814095251id_/https://www.detroitnews.com/story/business/autos/ford/2026/08/13/ford-fathom-electric-ev-midsize-truck-louisville-assembly-plant/91278666007/,1,lucas@industriousaf.org,yes
672,2026-09-16,107,current_status,confirmed,"RETOOLING COMPLETE; equipment install and quality verification continuing through end of 2026, preparing for Q1 2027 prototype production launch; not yet producing",https://web.archive.org/web/20260814095251id_/https://www.detroitnews.com/story/business/autos/ford/2026/08/13/ford-fathom-electric-ev-midsize-truck-louisville-assembly-plant/91278666007/,0,lucas@industriousaf.org,yes
673,2026-09-16,109,promised_capital_usd,confirmed,1900000000,https://web.archive.org/web/20241216004912id_/https://www.abc10.com/article/news/local/bosch-investment-in-roseville-facility/103-16dd2627-147c-401e-ab1a-58b8eb0d79b5,2,lucas@industriousaf.org,yes
674,2026-09-16,109,promised_first_output,confirmed,2026,https://web.archive.org/web/20241216004912id_/https://www.abc10.com/article/news/local/bosch-investment-in-roseville-facility/103-16dd2627-147c-401e-ab1a-58b8eb0d79b5,1,lucas@industriousaf.org,yes
675,2026-09-16,109,promised_jobs,confirmed,700,https://web.archive.org/web/20241216004912id_/https://www.abc10.com/article/news/local/bosch-investment-in-roseville-facility/103-16dd2627-147c-401e-ab1a-58b8eb0d79b5,2,lucas@industriousaf.org,yes
676,2026-09-16,109,current_status,confirmed,"PRE-PRODUCTION; sample production underway, first commercial 200mm SiC production targeted 2026; more than 300 associates on site",,,lucas@industriousaf.org,yes
677,2026-09-16,109,actual_first_output,confirmed,pending,https://us.bosch-press.com/pressportal/us/en/press-release-31424.html,1,lucas@industriousaf.org,yes
678,2026-09-16,110,announced,confirmed,2023-02,https://www.linde.com/news-and-media/2023/linde-to-invest-1-8-billion-to-supply-clean-hydrogen-to-oci-s-world-scale-blue-ammonia-project-in-the-u-s-gulf-coas,2,lucas@industriousaf.org,yes
679,2026-09-16,110,promised_capital_usd,confirmed,1800000000,https://www.linde.com/news-and-media/2023/linde-to-invest-1-8-billion-to-supply-clean-hydrogen-to-oci-s-world-scale-blue-ammonia-project-in-the-u-s-gulf-coas,1,lucas@industriousaf.org,yes
680,2026-09-16,110,promised_jobs,not stated on the page,,https://www.linde.com/news-and-media/2023/linde-to-invest-1-8-billion-to-supply-clean-hydrogen-to-oci-s-world-scale-blue-ammonia-project-in-the-u-s-gulf-coas,0,lucas@industriousaf.org,yes
681,2026-09-16,110,promised_first_output,confirmed,2025,https://www.linde.com/news-and-media/2023/linde-to-invest-1-8-billion-to-supply-clean-hydrogen-to-oci-s-world-scale-blue-ammonia-project-in-the-u-s-gulf-coas,1,lucas@industriousaf.org,yes
682,2026-09-16,111,announced,confirmed,2023-02,https://www.kansascommerce.gov/2023/02/governor-kelly-announces-integra-technologies-to-invest-1-8b-create-nearly-2000-jobs-with-wichita-semiconductor-plant/,2,lucas@industriousaf.org,yes
683,2026-09-16,111,promised_capital_usd,confirmed,1800000000,https://www.kansascommerce.gov/2023/02/governor-kelly-announces-integra-technologies-to-invest-1-8b-create-nearly-2000-jobs-with-wichita-semiconductor-plant/,2,lucas@industriousaf.org,yes
684,2026-09-16,111,promised_jobs,confirmed,2000,https://www.kansascommerce.gov/2023/02/governor-kelly-announces-integra-technologies-to-invest-1-8b-create-nearly-2000-jobs-with-wichita-semiconductor-plant/,3,lucas@industriousaf.org,yes
685,2026-09-16,111,promised_first_output,not stated on the page,n/a,https://www.kansascommerce.gov/2023/02/governor-kelly-announces-integra-technologies-to-invest-1-8b-create-nearly-2000-jobs-with-wichita-semiconductor-plant/,0,lucas@industriousaf.org,yes
686,2026-09-16,111,actual_first_output,confirmed,pending,,,lucas@industriousaf.org,yes
687,2026-09-16,113,actual_first_output,confirmed,never,,,lucas@industriousaf.org,yes
688,2026-09-16,113,current_status,confirmed,"CANCELLED; site sold, plant never built or produced",,,lucas@industriousaf.org,yes
689,2026-09-16,113,announced,confirmed,2022-11,https://web.archive.org/web/20221111132115id_/https://ir.freyrbattery.com/ir-news/press-releases/news-details/2022/FREYR-Battery-Announces-Plans-for-U.S.-Gigafactory-in-Georgia/default.aspx,0,lucas@industriousaf.org,yes
690,2026-09-16,113,promised_capital_usd,confirmed,1700000000,https://web.archive.org/web/20221111132115id_/https://ir.freyrbattery.com/ir-news/press-releases/news-details/2022/FREYR-Battery-Announces-Plans-for-U.S.-Gigafactory-in-Georgia/default.aspx,0,lucas@industriousaf.org,yes
691,2026-09-16,113,promised_jobs,confirmed,720,https://web.archive.org/web/20221111132115id_/https://ir.freyrbattery.com/ir-news/press-releases/news-details/2022/FREYR-Battery-Announces-Plans-for-U.S.-Gigafactory-in-Georgia/default.aspx,0,lucas@industriousaf.org,yes
692,2026-09-16,108,promised_capital_usd,confirmed,1700000000,https://news.lgensol.com/company-news/supplementary-stories/681/,3,lucas@industriousaf.org,yes
693,2026-09-16,108,announced,confirmed,2022-03,https://news.lgensol.com/company-news/supplementary-stories/681/,3,lucas@industriousaf.org,yes
694,2026-09-16,108,promised_jobs,confirmed,1200,https://news.lgensol.com/company-news/supplementary-stories/681/,2,lucas@industriousaf.org,yes
695,2026-09-16,108,promised_first_output,confirmed,2024,https://news.lgensol.com/company-news/supplementary-stories/681/,1,lucas@industriousaf.org,yes
696,2026-09-16,108,actual_first_output,confirmed,2025-05,https://cleantechnica.com/2025/06/28/lg-energy-solution-opens-new-lfp-battery-cell-lines-in-michigan-to-support-energy-storage-as-demand-cools-from-ev-manufactures/,3,lucas@industriousaf.org,yes
697,2026-09-16,108,current_status,confirmed,PRODUCING LFP cells for ESS; two of three lines operating,https://cleantechnica.com/2025/06/28/lg-energy-solution-opens-new-lfp-battery-cell-lines-in-michigan-to-support-energy-storage-as-demand-cools-from-ev-manufactures/,1,lucas@industriousaf.org,yes
698,2026-09-16,109,announced,confirmed,2023-04,https://web.archive.org/web/20241216004912id_/https://www.abc10.com/article/news/local/bosch-investment-in-roseville-facility/103-16dd2627-147c-401e-ab1a-58b8eb0d79b5,0,lucas@industriousaf.org,yes
699,2026-09-16,110,actual_first_output,confirmed,pending,,,lucas@industriousaf.org,yes
700,2026-09-16,110,current_status,confirmed,"UNDER CONSTRUCTION; co-located ammonia plant ~97% complete, Linde hydrogen supply expected 2026",https://www.pv-magazine.com/2025/10/24/the-hydrogen-stream-woodside-progresses-with-its-ammonia-and-hydrogen-projects-in-texas-and-western-australia/,0,lucas@industriousaf.org,yes
701,2026-09-16,111,current_status,confirmed,"NOT STARTED; acquired by Micross Components Jan 2025, still contingent on federal CHIPS funding",https://www.kwch.com/2025/01/18/ny-company-acquires-wichita-based-integra-technologies/,2,lucas@industriousaf.org,yes
702,2026-09-16,112,announced,confirmed,2018-06,https://www.prnewswire.com/news-releases/bayport-polymers-llc-celebrates-groundbreaking-ceremony-for-new-ethane-cracker-in-port-arthur-texas-300659131.html,2,lucas@industriousaf.org,yes
703,2026-09-16,112,promised_capital_usd,confirmed,1700000000,https://www.prnewswire.com/news-releases/bayport-polymers-llc-celebrates-groundbreaking-ceremony-for-new-ethane-cracker-in-port-arthur-texas-300659131.html,0,lucas@industriousaf.org,yes
704,2026-09-16,112,promised_jobs,confirmed,60,https://www.prnewswire.com/news-releases/bayport-polymers-llc-celebrates-groundbreaking-ceremony-for-new-ethane-cracker-in-port-arthur-texas-300659131.html,1,lucas@industriousaf.org,yes
705,2026-09-16,112,promised_first_output,confirmed,2020,https://www.prnewswire.com/news-releases/bayport-polymers-llc-celebrates-groundbreaking-ceremony-for-new-ethane-cracker-in-port-arthur-texas-300659131.html,1,lucas@industriousaf.org,yes
706,2026-09-16,112,actual_first_output,confirmed,2022-07,,,lucas@industriousaf.org,yes
707,2026-09-16,112,current_status,confirmed,PRODUCING; commercial operations since July 2022,https://totalenergies.com/newsroom/united-states-totalenergies-announces-start-new-ethane-cracker-port/?lang=eng,2,lucas@industriousaf.org,yes
708,2026-09-16,113,promised_first_output,not stated on the page,n/a,https://web.archive.org/web/20221111132115id_/https://ir.freyrbattery.com/ir-news/press-releases/news-details/2022/FREYR-Battery-Announces-Plans-for-U.S.-Gigafactory-in-Georgia/default.aspx,0,lucas@industriousaf.org,yes
709,2026-09-16,114,promised_capital_usd,confirmed,1600000000,https://media.stellantisnorthamerica.com/newsrelease.do?id=20661,2,lucas@industriousaf.org,yes
710,2026-09-16,114,announced,confirmed,2019-02,https://media.stellantisnorthamerica.com/newsrelease.do?id=20661,7,lucas@industriousaf.org,yes
711,2026-09-16,114,promised_jobs,confirmed,3850,https://media.stellantisnorthamerica.com/newsrelease.do?id=20661,2,lucas@industriousaf.org,yes
712,2026-09-16,114,promised_first_output,confirmed,2020-Q4,https://media.stellantisnorthamerica.com/newsrelease.do?id=20661,1,lucas@industriousaf.org,yes
713,2026-09-16,114,actual_first_output,confirmed,2021-03,https://media.stellantisnorthamerica.com/newsrelease.do?id=329,2,lucas@industriousaf.org,yes
714,2026-09-16,114,current_status,confirmed,PRODUCING; intermittent production pauses and layoffs amid ~11% Grand Cherokee sales decline while transitioning to the 2026 model (Apr 2025),https://www.cbtnews.com/stellantis-pauses-detroit-production-to-transition-to-2026-jeep-grand-cherokee-amid-sales-decline/,4,lucas@industriousaf.org,yes
715,2026-09-16,115,announced,confirmed,2022-02,https://gov.texas.gov/news/post/governor-abbott-announces-new-1.7-billion-usa-bioenergy-advanced-biorefinery-in-bon-wier,1,lucas@industriousaf.org,yes
716,2026-09-16,115,promised_capital_usd,confirmed,1700000000,https://gov.texas.gov/news/post/governor-abbott-announces-new-1.7-billion-usa-bioenergy-advanced-biorefinery-in-bon-wier,3,lucas@industriousaf.org,yes
717,2026-09-16,115,promised_jobs,confirmed,142,https://gov.texas.gov/news/post/governor-abbott-announces-new-1.7-billion-usa-bioenergy-advanced-biorefinery-in-bon-wier,4,lucas@industriousaf.org,yes
718,2026-09-16,115,current_status,confirmed,"IN DESIGN & ENGINEERING; 1,600+ acres acquired, construction not yet started",https://usabioenergy.com/bon-wier-land-purchase/,0,lucas@industriousaf.org,yes
719,2026-09-16,115,actual_first_output,confirmed,pending,https://usabioenergy.com/bon-wier-land-purchase/,0,lucas@industriousaf.org,yes
720,2026-09-16,115,promised_first_output,not stated on the page,n/a,https://gov.texas.gov/news/post/governor-abbott-announces-new-1.7-billion-usa-bioenergy-advanced-biorefinery-in-bon-wier,0,lucas@industriousaf.org,yes
721,2026-09-17,116,promised_first_output,confirmed,2024,,,lucas@industriousaf.org,yes
722,2026-09-17,116,announced,confirmed,2022-10,,,lucas@industriousaf.org,yes
723,2026-09-17,116,promised_capital_usd,confirmed,1600000000,,,lucas@industriousaf.org,yes
724,2026-09-17,116,promised_jobs,confirmed,2112,,,lucas@industriousaf.org,yes
725,2026-09-17,116,actual_first_output,confirmed,2023-11,https://web.archive.org/web/20260121214053id_/https://www.detroitnews.com/story/business/autos/2026/01/21/novi-battery-firm-our-next-energy-cuts-staff-after-losing-ev-contract/88284636007/,0,lucas@industriousaf.org,yes
726,2026-09-17,116,current_status,confirmed,"PRODUCING (pilot LFP cells); pivoted from EV to defense/rail/grid after losing largest EV customer, ~45% staff cut, ~60% of building vacant",https://web.archive.org/web/20260121214053id_/https://www.detroitnews.com/story/business/autos/2026/01/21/novi-battery-firm-our-next-energy-cuts-staff-after-losing-ev-contract/88284636007/,3,lucas@industriousaf.org,yes
733,2026-09-17,118,announced,confirmed,2024-05,https://gov-pritzker-newsroom.prezly.com/gov-pritzker-and-rivian-announce-15-billion-investment-in-normal-facility,1,lucas@industriousaf.org,yes
734,2026-09-17,118,promised_capital_usd,confirmed,1500000000,https://gov-pritzker-newsroom.prezly.com/gov-pritzker-and-rivian-announce-15-billion-investment-in-normal-facility,3,lucas@industriousaf.org,yes
735,2026-09-17,118,promised_jobs,confirmed,550,https://gov-pritzker-newsroom.prezly.com/gov-pritzker-and-rivian-announce-15-billion-investment-in-normal-facility,3,lucas@industriousaf.org,yes
736,2026-09-17,118,promised_first_output,not stated on the page,n/a,https://gov-pritzker-newsroom.prezly.com/gov-pritzker-and-rivian-announce-15-billion-investment-in-normal-facility,2,lucas@industriousaf.org,yes
737,2026-09-17,118,actual_first_output,confirmed,2026-04,https://www.25newsnow.com/2026/05/19/rivian-ramps-up-r2-production-normal-hiring-accelerates/,4,lucas@industriousaf.org,yes
738,2026-09-17,118,current_status,confirmed,PRODUCING; R2 ramping with accelerated hiring,https://www.25newsnow.com/2026/05/19/rivian-ramps-up-r2-production-normal-hiring-accelerates/,1,lucas@industriousaf.org,yes
739,2026-09-17,119,announced,confirmed,2023-03,https://entek.com/news/posts/entek-announces-location-of-first-lithium-battery-separator-plant-in-indiana-to-power-growing-domestic-electric-vehicle-market/,2,lucas@industriousaf.org,yes
740,2026-09-17,119,promised_capital_usd,confirmed,1500000000,https://entek.com/news/posts/entek-announces-location-of-first-lithium-battery-separator-plant-in-indiana-to-power-growing-domestic-electric-vehicle-market/,4,lucas@industriousaf.org,yes
741,2026-09-17,119,promised_jobs,confirmed,642,https://entek.com/news/posts/entek-announces-location-of-first-lithium-battery-separator-plant-in-indiana-to-power-growing-domestic-electric-vehicle-market/,1,lucas@industriousaf.org,yes
742,2026-09-17,119,promised_first_output,confirmed,2026,https://entek.com/news/posts/entek-announces-location-of-first-lithium-battery-separator-plant-in-indiana-to-power-growing-domestic-electric-vehicle-market/,1,lucas@industriousaf.org,yes
743,2026-09-17,119,actual_first_output,confirmed,pending,,,lucas@industriousaf.org,yes
744,2026-09-17,119,current_status,confirmed,UNDER CONSTRUCTION; DOE disbursed first $77.2M of up-to-$1.3B loan (Sept 2025),,,lucas@industriousaf.org,yes
745,2026-09-17,120,announced,confirmed,2026-07,https://www.octapharma.com/news/press-release/2026/octapharma-to-build-1-5-billion-state-of-the-art-critical-care-manufacturing-facility-in-rock-hill-sc,3,lucas@industriousaf.org,yes
746,2026-09-17,120,actual_first_output,confirmed,pending,https://www.wfae.org/business/2026-07-29/octapharma-finalizes-1-5-billion-rock-hill-project-bringing-1-500-jobs,1,lucas@industriousaf.org,yes
747,2026-09-17,120,current_status,confirmed,"PRE-CONSTRUCTION; final approvals secured, production expected mid-2030s",https://www.wfae.org/business/2026-07-29/octapharma-finalizes-1-5-billion-rock-hill-project-bringing-1-500-jobs,0,lucas@industriousaf.org,yes
748,2026-09-17,120,promised_first_output,confirmed,2035,https://www.octapharma.com/news/press-release/2026/octapharma-to-build-1-5-billion-state-of-the-art-critical-care-manufacturing-facility-in-rock-hill-sc,0,lucas@industriousaf.org,yes
749,2026-09-17,120,promised_capital_usd,confirmed,1500000000,https://www.octapharma.com/news/press-release/2026/octapharma-to-build-1-5-billion-state-of-the-art-critical-care-manufacturing-facility-in-rock-hill-sc,3,lucas@industriousaf.org,yes
750,2026-09-17,120,promised_jobs,confirmed,1500,https://www.octapharma.com/news/press-release/2026/octapharma-to-build-1-5-billion-state-of-the-art-critical-care-manufacturing-facility-in-rock-hill-sc,2,lucas@industriousaf.org,yes
751,2026-09-17,121,announced,confirmed,2021-01,https://web.archive.org/web/20250213053317id_/https://www.sec.gov/Archives/edgar/data/916540/000091654021000003/exhibit991pressreleasedgd.htm,1,lucas@industriousaf.org,yes
752,2026-09-17,121,promised_capital_usd,confirmed,1450000000,https://web.archive.org/web/20250213053317id_/https://www.sec.gov/Archives/edgar/data/916540/000091654021000003/exhibit991pressreleasedgd.htm,1,lucas@industriousaf.org,yes
753,2026-09-17,121,promised_jobs,not stated on the page,,https://web.archive.org/web/20250213053317id_/https://www.sec.gov/Archives/edgar/data/916540/000091654021000003/exhibit991pressreleasedgd.htm,0,lucas@industriousaf.org,yes
754,2026-09-17,121,promised_first_output,confirmed,2023 (second half),https://web.archive.org/web/20250213053317id_/https://www.sec.gov/Archives/edgar/data/916540/000091654021000003/exhibit991pressreleasedgd.htm,1,lucas@industriousaf.org,yes
755,2026-09-17,121,actual_first_output,confirmed,2022 (late),https://biofuels-news.com/news/joint-saf-project-in-texas-due-for-completion-in-2025/,1,lucas@industriousaf.org,yes
756,2026-09-17,121,current_status,confirmed,"PRODUCING; ~470M gal/yr renewable diesel, SAF upgrade underway (expected Q1 2025)",https://biofuels-news.com/news/joint-saf-project-in-texas-due-for-completion-in-2025/,3,lucas@industriousaf.org,yes
757,2026-09-17,122,promised_capital_usd,confirmed,1400000000,https://web.archive.org/web/20250428024828id_/https://www.businesswire.com/news/home/20240815622233/en/Natron-Energy-Announces-Plans-for-%241.4-Billion-Giga-Scale-Sodium-Ion-Battery-Manufacturing-Facility-in-North-Carolina,3,lucas@industriousaf.org,yes
758,2026-09-17,122,announced,confirmed,2024-08,https://web.archive.org/web/20250428024828id_/https://www.businesswire.com/news/home/20240815622233/en/Natron-Energy-Announces-Plans-for-%241.4-Billion-Giga-Scale-Sodium-Ion-Battery-Manufacturing-Facility-in-North-Carolina,0,lucas@industriousaf.org,yes
759,2026-09-17,122,promised_jobs,confirmed,1000,https://web.archive.org/web/20250428024828id_/https://www.businesswire.com/news/home/20240815622233/en/Natron-Energy-Announces-Plans-for-%241.4-Billion-Giga-Scale-Sodium-Ion-Battery-Manufacturing-Facility-in-North-Carolina,2,lucas@industriousaf.org,yes
760,2026-09-17,122,promised_first_output,not stated on the page,n/a,https://web.archive.org/web/20250428024828id_/https://www.businesswire.com/news/home/20240815622233/en/Natron-Energy-Announces-Plans-for-%241.4-Billion-Giga-Scale-Sodium-Ion-Battery-Manufacturing-Facility-in-North-Carolina,1,lucas@industriousaf.org,yes
761,2026-09-17,122,actual_first_output,confirmed,never,,,lucas@industriousaf.org,yes
762,2026-09-17,122,current_status,confirmed,"CANCELLED; Natron ceased all operations Sept 3, 2025 before construction; facility never built",,,lucas@industriousaf.org,yes
763,2026-09-17,123,announced,confirmed,2026-03,https://www.opportunitylouisiana.gov/news/southern-energy-renewables-announce-1-4-billion-methanol-and-sustainable-aviation-fuel-facility-in-st-charles-parish,2,lucas@industriousaf.org,yes
764,2026-09-17,123,promised_capital_usd,confirmed,1400000000,https://www.opportunitylouisiana.gov/news/southern-energy-renewables-announce-1-4-billion-methanol-and-sustainable-aviation-fuel-facility-in-st-charles-parish,2,lucas@industriousaf.org,yes
765,2026-09-17,123,promised_jobs,confirmed,120,https://www.opportunitylouisiana.gov/news/southern-energy-renewables-announce-1-4-billion-methanol-and-sustainable-aviation-fuel-facility-in-st-charles-parish,1,lucas@industriousaf.org,yes
766,2026-09-17,123,promised_first_output,confirmed,2029 (second half),https://www.opportunitylouisiana.gov/news/southern-energy-renewables-announce-1-4-billion-methanol-and-sustainable-aviation-fuel-facility-in-st-charles-parish,2,lucas@industriousaf.org,yes
767,2026-09-17,123,actual_first_output,confirmed,pending,https://www.hydrocarbonprocessing.com/news/2026/03/southern-energy-renewables-announce-14-b-methanol-and-saf-complex-in-louisiana/,0,lucas@industriousaf.org,yes
768,2026-09-17,123,current_status,confirmed,"PRE-CONSTRUCTION; construction planned late 2027, commercial operations targeted late 2029; no ground broken",https://www.hydrocarbonprocessing.com/news/2026/03/southern-energy-renewables-announce-14-b-methanol-and-saf-complex-in-louisiana/,2,lucas@industriousaf.org,yes
769,2026-09-17,124,announced,confirmed,2026-04,https://news.abbvie.com/2026-04-22-AbbVie-Selects-North-Carolina-for-New-1-4-Billion-Manufacturing-Campus,4,lucas@industriousaf.org,yes
770,2026-09-17,124,promised_capital_usd,confirmed,1400000000,https://news.abbvie.com/2026-04-22-AbbVie-Selects-North-Carolina-for-New-1-4-Billion-Manufacturing-Campus,2,lucas@industriousaf.org,yes
771,2026-09-17,124,promised_jobs,confirmed,734,https://news.abbvie.com/2026-04-22-AbbVie-Selects-North-Carolina-for-New-1-4-Billion-Manufacturing-Campus,2,lucas@industriousaf.org,yes
772,2026-09-17,124,promised_first_output,confirmed,2028,https://news.abbvie.com/2026-04-22-AbbVie-Selects-North-Carolina-for-New-1-4-Billion-Manufacturing-Campus,2,lucas@industriousaf.org,yes
773,2026-09-17,124,actual_first_output,confirmed,pending,,,lucas@industriousaf.org,yes
774,2026-09-17,124,current_status,confirmed,"PRE-CONSTRUCTION; construction slated to begin 2026, no groundbreaking reported",,,lucas@industriousaf.org,yes
775,2026-09-17,125,announced,confirmed,2024-04,https://web.archive.org/web/20240425232654id_/https://pressroom.toyota.com/toyota-charges-up-investment-and-jobs-in-u-s-manufacturing/,13,lucas@industriousaf.org,yes
776,2026-09-17,125,promised_capital_usd,confirmed,1400000000,https://web.archive.org/web/20240425232654id_/https://pressroom.toyota.com/toyota-charges-up-investment-and-jobs-in-u-s-manufacturing/,3,lucas@industriousaf.org,yes
777,2026-09-17,125,promised_jobs,confirmed,340,https://web.archive.org/web/20240425232654id_/https://pressroom.toyota.com/toyota-charges-up-investment-and-jobs-in-u-s-manufacturing/,3,lucas@industriousaf.org,yes
778,2026-09-17,125,promised_first_output,not stated on the page,n/a,https://web.archive.org/web/20240425232654id_/https://pressroom.toyota.com/toyota-charges-up-investment-and-jobs-in-u-s-manufacturing/,1,lucas@industriousaf.org,yes
779,2026-09-17,125,actual_first_output,confirmed,pending,https://www.carscoops.com/2026/04/toyota-us-ev-lineup-expansion/,0,lucas@industriousaf.org,yes
780,2026-09-17,125,current_status,confirmed,PRE-PRODUCTION; Princeton BEV SUV line not yet in production,https://www.carscoops.com/2026/04/toyota-us-ev-lineup-expansion/,0,lucas@industriousaf.org,yes
781,2026-09-17,126,announced,confirmed,2024-11,,,lucas@industriousaf.org,yes
782,2026-09-17,126,promised_capital_usd,confirmed,1350000000,https://www.vedp.org/press-release/2024-11/microporous-pittsylvania,3,lucas@industriousaf.org,yes
783,2026-09-17,126,promised_jobs,confirmed,2015,https://www.vedp.org/press-release/2024-11/microporous-pittsylvania,1,lucas@industriousaf.org,yes
784,2026-09-17,126,promised_first_output,not stated on the page,n/a,https://www.vedp.org/press-release/2024-11/microporous-pittsylvania,1,lucas@industriousaf.org,yes
785,2026-09-17,126,current_status,confirmed,"UNDER CONSTRUCTION; groundbreaking May 22, 2026; completion targeted Q3 2027; not yet producing",,,lucas@industriousaf.org,yes
786,2026-09-17,126,actual_first_output,confirmed,pending,,,lucas@industriousaf.org,yes
787,2026-09-17,127,announced,confirmed,2023-03,https://investors.albemarle.com/news-and-events/news/news-details/2023/Albemarle-Corporation-Announces-New-U.S.-Lithium-Mega-Flex-Processing-Facility-in-South-Carolina/default.aspx,0,lucas@industriousaf.org,yes
788,2026-09-17,127,promised_capital_usd,confirmed,1300000000,https://investors.albemarle.com/news-and-events/news/news-details/2023/Albemarle-Corporation-Announces-New-U.S.-Lithium-Mega-Flex-Processing-Facility-in-South-Carolina/default.aspx,0,lucas@industriousaf.org,yes
789,2026-09-17,127,promised_jobs,confirmed,300,https://investors.albemarle.com/news-and-events/news/news-details/2023/Albemarle-Corporation-Announces-New-U.S.-Lithium-Mega-Flex-Processing-Facility-in-South-Carolina/default.aspx,0,lucas@industriousaf.org,yes
790,2026-09-17,127,promised_first_output,not stated on the page,n/a,https://investors.albemarle.com/news-and-events/news/news-details/2023/Albemarle-Corporation-Announces-New-U.S.-Lithium-Mega-Flex-Processing-Facility-in-South-Carolina/default.aspx,0,lucas@industriousaf.org,yes
791,2026-09-17,127,actual_first_output,confirmed,pending,https://web.archive.org/web/20240319190613id_/https://scdailygazette.com/2024/03/18/major-electric-vehicle-lithium-project-paused-other-sc-battery-recycling-investments-continue/,0,lucas@industriousaf.org,yes
792,2026-09-17,127,current_status,confirmed,PAUSED; groundbreaking deferred (Mar 2024) amid lithium-price collapse; no restart confirmed,https://web.archive.org/web/20240319190613id_/https://scdailygazette.com/2024/03/18/major-electric-vehicle-lithium-project-paused-other-sc-battery-recycling-investments-continue/,5,lucas@industriousaf.org,yes
793,2026-09-17,129,announced,confirmed,2024-02,https://newkentuckyhome.ky.gov/Newsroom/NewsPage/20240206_ToyotaBEV,2,lucas@industriousaf.org,yes
794,2026-09-17,129,promised_capital_usd,confirmed,1300000000,https://newkentuckyhome.ky.gov/Newsroom/NewsPage/20240206_ToyotaBEV,2,lucas@industriousaf.org,yes
795,2026-09-17,129,promised_jobs,not stated on the page,,https://newkentuckyhome.ky.gov/Newsroom/NewsPage/20240206_ToyotaBEV,0,lucas@industriousaf.org,yes
796,2026-09-17,129,current_status,confirmed,"DELAYED; production not started, now targeted January 2027 at the earliest (initially H2 2026)",https://electrek.co/2026/09/03/toyota-denies-delaying-highlander-ev-suv-again/,4,lucas@industriousaf.org,yes
797,2026-09-17,129,actual_first_output,confirmed,pending,https://electrek.co/2026/09/03/toyota-denies-delaying-highlander-ev-suv-again/,1,lucas@industriousaf.org,yes
798,2026-09-17,128,announced,confirmed,2024-03,https://www.clevelandcliffs.com/news/news-releases/detail/629/cleveland-cliffs-selected-to-receive-575-million-in-us,3,lucas@industriousaf.org,yes
799,2026-09-17,128,promised_capital_usd,confirmed,1300000000,https://www.clevelandcliffs.com/news/news-releases/detail/629/cleveland-cliffs-selected-to-receive-575-million-in-us,1,lucas@industriousaf.org,yes
800,2026-09-17,128,promised_jobs,confirmed,170,https://www.clevelandcliffs.com/news/news-releases/detail/629/cleveland-cliffs-selected-to-receive-575-million-in-us,1,lucas@industriousaf.org,yes
801,2026-09-17,128,promised_first_output,not stated on the page,n/a,https://www.clevelandcliffs.com/news/news-releases/detail/629/cleveland-cliffs-selected-to-receive-575-million-in-us,7,lucas@industriousaf.org,yes
802,2026-09-17,128,actual_first_output,confirmed,never,https://web.archive.org/web/20260327082056id_/https://ohiocapitaljournal.com/2026/03/27/whats-next-for-ohios-former-green-steel-project-more-coal-it-seems/,0,lucas@industriousaf.org,yes
803,2026-09-17,128,current_status,confirmed,CANCELLED; hydrogen/DRI green-steel plan abandoned. Per late-Feb 2026 Ohio EPA air-permit filing Cliffs now plans to refurbish the existing coal blast furnace and add a waste-gas cogeneration plant.,https://web.archive.org/web/20260327082056id_/https://ohiocapitaljournal.com/2026/03/27/whats-next-for-ohios-former-green-steel-project-more-coal-it-seems/,3,lucas@industriousaf.org,yes
804,2026-09-17,129,promised_first_output,not stated on the page,n/a,https://newkentuckyhome.ky.gov/Newsroom/NewsPage/20240206_ToyotaBEV,1,lucas@industriousaf.org,yes
805,2026-09-17,130,promised_jobs,confirmed,550,https://www.lanereport.com/76442/2017/04/braidy-industries-to-create-550-jobs-with-1-3b-aluminum-rolling-mill-in-eastern-kentucky/,3,lucas@industriousaf.org,yes
806,2026-09-17,130,announced,confirmed,2017-04,https://www.lanereport.com/76442/2017/04/braidy-industries-to-create-550-jobs-with-1-3b-aluminum-rolling-mill-in-eastern-kentucky/,3,lucas@industriousaf.org,yes
807,2026-09-17,130,promised_capital_usd,confirmed,1300000000,https://www.lanereport.com/76442/2017/04/braidy-industries-to-create-550-jobs-with-1-3b-aluminum-rolling-mill-in-eastern-kentucky/,4,lucas@industriousaf.org,yes
808,2026-09-17,130,promised_first_output,confirmed,2020,https://www.lanereport.com/76442/2017/04/braidy-industries-to-create-550-jobs-with-1-3b-aluminum-rolling-mill-in-eastern-kentucky/,1,lucas@industriousaf.org,yes
809,2026-09-17,130,actual_first_output,confirmed,never,https://web.archive.org/web/20220929210729id_/https://www.kentuckytoday.com/news/state-recoups-15-million-from-failed-braidy-industries-project/article_f0bd2e70-4029-11ed-8faf-33fbfd4f4fec.html,0,lucas@industriousaf.org,yes
810,2026-09-17,130,current_status,confirmed,"CANCELLED; never built — missed financing deadlines, renamed Unity Aluminum, project relocated out of KY; state recouped $15M and ~205-acre site donated back by Sept 2022",https://web.archive.org/web/20220929210729id_/https://www.kentuckytoday.com/news/state-recoups-15-million-from-failed-braidy-industries-project/article_f0bd2e70-4029-11ed-8faf-33fbfd4f4fec.html,0,lucas@industriousaf.org,yes
811,2026-09-17,131,announced,confirmed,2026-02,https://investors.smithfieldfoods.com/news-events/press-releases/detail/1432/smithfield-foods-to-build-new-state-of-the-art-processing-facility-in-sioux-falls-south-dakota,5,lucas@industriousaf.org,yes
812,2026-09-17,131,promised_capital_usd,confirmed,1300000000,https://investors.smithfieldfoods.com/news-events/press-releases/detail/1432/smithfield-foods-to-build-new-state-of-the-art-processing-facility-in-sioux-falls-south-dakota,1,lucas@industriousaf.org,yes
813,2026-09-17,131,promised_first_output,confirmed,2028-Q4,https://investors.smithfieldfoods.com/news-events/press-releases/detail/1432/smithfield-foods-to-build-new-state-of-the-art-processing-facility-in-sioux-falls-south-dakota,1,lucas@industriousaf.org,yes
814,2026-09-17,131,promised_jobs,not stated on the page,,https://investors.smithfieldfoods.com/news-events/press-releases/detail/1432/smithfield-foods-to-build-new-state-of-the-art-processing-facility-in-sioux-falls-south-dakota,0,lucas@industriousaf.org,yes
815,2026-09-17,131,actual_first_output,confirmed,pending,,,lucas@industriousaf.org,yes
816,2026-09-17,131,current_status,confirmed,"PRE-CONSTRUCTION; in city permitting/TIF and regulatory approvals; site work targeted spring 2026, groundbreaking H1 2027, production by end of 2028",https://hpj.com/2026/03/28/smithfield-plans-1-3b-sioux-falls-plant/,1,lucas@industriousaf.org,yes
817,2026-09-17,132,announced,confirmed,2026-01,https://hanwhadefenseusa.com/news-articles/u-s-army-awards-lease-to-hanwha-at-pine-bluff-arsenal,3,lucas@industriousaf.org,yes
818,2026-09-17,132,promised_capital_usd,confirmed,1300000000,https://hanwhadefenseusa.com/news-articles/u-s-army-awards-lease-to-hanwha-at-pine-bluff-arsenal,1,lucas@industriousaf.org,yes
819,2026-09-17,132,promised_jobs,not stated on the page,,https://hanwhadefenseusa.com/news-articles/u-s-army-awards-lease-to-hanwha-at-pine-bluff-arsenal,0,lucas@industriousaf.org,yes
820,2026-09-17,132,promised_first_output,not stated on the page,n/a,https://hanwhadefenseusa.com/news-articles/u-s-army-awards-lease-to-hanwha-at-pine-bluff-arsenal,0,lucas@industriousaf.org,yes
821,2026-09-17,132,current_status,confirmed,"PRE-CONSTRUCTION; enhanced-use lease awarded, no groundbreaking yet",https://www.deltaplexnews.com/local-news/pine-bluff-arsenal-receives-major-federal-funding-as-private-defense-projects-expand/,0,lucas@industriousaf.org,yes
822,2026-09-17,132,actual_first_output,confirmed,pending,https://www.deltaplexnews.com/local-news/pine-bluff-arsenal-receives-major-federal-funding-as-private-defense-projects-expand/,0,lucas@industriousaf.org,yes
823,2026-09-17,133,announced,confirmed,2026-04,https://www.l3harris.com/newsroom/press-release/2026/04/l3harris-announces-billion-dollar-expansion-orange-county-virginia,9,lucas@industriousaf.org,yes
824,2026-09-17,133,promised_capital_usd,confirmed,1265000000,https://www.l3harris.com/newsroom/press-release/2026/04/l3harris-announces-billion-dollar-expansion-orange-county-virginia,1,lucas@industriousaf.org,yes
825,2026-09-17,133,promised_jobs,confirmed,350,https://www.l3harris.com/newsroom/press-release/2026/04/l3harris-announces-billion-dollar-expansion-orange-county-virginia,2,lucas@industriousaf.org,yes
826,2026-09-17,133,promised_first_output,not stated on the page,n/a,https://www.l3harris.com/newsroom/press-release/2026/04/l3harris-announces-billion-dollar-expansion-orange-county-virginia,1,lucas@industriousaf.org,yes
827,2026-09-17,133,current_status,confirmed,"ANNOUNCED; design/planning phase, not yet under construction",,,lucas@industriousaf.org,yes
828,2026-09-17,133,actual_first_output,confirmed,pending,,,lucas@industriousaf.org,yes
829,2026-09-17,135,announced,confirmed,2021-01,https://www.opportunitylouisiana.gov/news/shintech-announces-1-3-billion-expansion-for-plastics-facilities,2,lucas@industriousaf.org,yes
830,2026-09-17,135,promised_capital_usd,confirmed,1250000000,https://www.opportunitylouisiana.gov/news/shintech-announces-1-3-billion-expansion-for-plastics-facilities,2,lucas@industriousaf.org,yes
831,2026-09-17,135,promised_jobs,confirmed,30,https://www.opportunitylouisiana.gov/news/shintech-announces-1-3-billion-expansion-for-plastics-facilities,1,lucas@industriousaf.org,yes
832,2026-09-17,135,promised_first_output,confirmed,2023-Q4,https://www.opportunitylouisiana.gov/news/shintech-announces-1-3-billion-expansion-for-plastics-facilities,1,lucas@industriousaf.org,yes
833,2026-09-17,135,actual_first_output,confirmed,2024,https://cen.acs.org/business/petrochemicals/Shintech-invest-34-billion-US/104/web/2026/03,2,lucas@industriousaf.org,yes
834,2026-09-17,134,announced,confirmed,2018-11,https://www.opportunitylouisiana.gov/news/wanhua-selects-louisiana-site-for-1-25-billion-chemical-complex,1,lucas@industriousaf.org,yes
835,2026-09-17,134,promised_capital_usd,confirmed,1250000000,https://www.opportunitylouisiana.gov/news/wanhua-selects-louisiana-site-for-1-25-billion-chemical-complex,4,lucas@industriousaf.org,yes
836,2026-09-17,134,promised_jobs,confirmed,170,https://www.opportunitylouisiana.gov/news/wanhua-selects-louisiana-site-for-1-25-billion-chemical-complex,1,lucas@industriousaf.org,yes
837,2026-09-17,134,promised_first_output,confirmed,2021,https://www.opportunitylouisiana.gov/news/wanhua-selects-louisiana-site-for-1-25-billion-chemical-complex,1,lucas@industriousaf.org,yes
838,2026-09-17,134,actual_first_output,confirmed,never,https://web.archive.org/web/20210101171325id_/https://www.wwltv.com/article/news/local/chinese-company-drops-plans-for-new-chemical-plant-in-st-james-parish/289-2e2f83de-1ff1-4d4b-a30e-2ecedddd03ed,1,lucas@industriousaf.org,yes
839,2026-09-17,134,current_status,confirmed,"CANCELLED; Wanhua dropped its St. James Parish land-use application, project off",https://web.archive.org/web/20210101171325id_/https://www.wwltv.com/article/news/local/chinese-company-drops-plans-for-new-chemical-plant-in-st-james-parish/289-2e2f83de-1ff1-4d4b-a30e-2ecedddd03ed,0,lucas@industriousaf.org,yes
840,2026-09-17,135,current_status,confirmed,PRODUCING (expansion completed 2024),https://cen.acs.org/business/petrochemicals/Shintech-invest-34-billion-US/104/web/2026/03,0,lucas@industriousaf.org,yes
841,2026-09-18,136,announced,confirmed,2026-02,https://mpmaterials.com/news/mp-materials-selects-northlake-texas-as-the-site-of-10X-a-new-us-rare-earth-magnet-manufacturing-campus/,2,lucas@industriousaf.org,yes
842,2026-09-18,136,promised_capital_usd,confirmed,1250000000,https://mpmaterials.com/news/mp-materials-selects-northlake-texas-as-the-site-of-10X-a-new-us-rare-earth-magnet-manufacturing-campus/,2,lucas@industriousaf.org,yes
843,2026-09-18,136,promised_jobs,confirmed,1500,https://mpmaterials.com/news/mp-materials-selects-northlake-texas-as-the-site-of-10X-a-new-us-rare-earth-magnet-manufacturing-campus/,3,lucas@industriousaf.org,yes
844,2026-09-18,136,promised_first_output,confirmed,2028,https://mpmaterials.com/news/mp-materials-selects-northlake-texas-as-the-site-of-10X-a-new-us-rare-earth-magnet-manufacturing-campus/,1,lucas@industriousaf.org,yes
845,2026-09-18,136,actual_first_output,confirmed,pending,https://web.archive.org/web/20260303060826id_/https://www.manufacturingdive.com/news/mp-materials-northlake-texas-10x-rare-earth-magnet-campus-defense-pentagon/813400/,1,lucas@industriousaf.org,yes
846,2026-09-18,136,current_status,confirmed,"PRE-CONSTRUCTION; site selected, engineering and equipment acquisition underway, commissioning targeted 2028",https://web.archive.org/web/20260303060826id_/https://www.manufacturingdive.com/news/mp-materials-northlake-texas-10x-rare-earth-magnet-campus-defense-pentagon/813400/,0,lucas@industriousaf.org,yes
847,2026-09-18,137,announced,confirmed,2022-12,https://www.prnewswire.com/news-releases/american-battery-factory-selects-tucson-arizona-as-site-for-its-first-battery-cell-gigafactory-in-united-states-301696158.html,2,lucas@industriousaf.org,yes
848,2026-09-18,137,promised_capital_usd,confirmed,1200000000,https://www.prnewswire.com/news-releases/american-battery-factory-selects-tucson-arizona-as-site-for-its-first-battery-cell-gigafactory-in-united-states-301696158.html,1,lucas@industriousaf.org,yes
849,2026-09-18,137,promised_jobs,confirmed,1000,https://www.prnewswire.com/news-releases/american-battery-factory-selects-tucson-arizona-as-site-for-its-first-battery-cell-gigafactory-in-united-states-301696158.html,1,lucas@industriousaf.org,yes
850,2026-09-18,137,promised_first_output,not stated on the page,n/a,https://web.archive.org/web/20231101183155id_/https://www.azcommerce.com/news-events/news/2023/10/american-battery-factory-breaks-ground-on-largest-us-lithium-iron-phosphate-battery-cell-gigafactory-in-tucson/,3,lucas@industriousaf.org,yes
851,2026-09-18,137,actual_first_output,confirmed,pending,https://currentcells.com/article/american-battery-factory-45gwh-offtake-arizona-lfp-2026,1,lucas@industriousaf.org,yes
852,2026-09-18,137,current_status,confirmed,PRE-PRODUCTION; offtake secured and financing being finalized; production slated late 2027 (delayed from initial 2025 target),https://currentcells.com/article/american-battery-factory-45gwh-offtake-arizona-lfp-2026,3,lucas@industriousaf.org,no
853,2026-09-18,137,current_status,confirmed,PRE-PRODUCTION; offtake secured and financing being finalized; production slated late 2027 (d,https://currentcells.com/article/american-battery-factory-45gwh-offtake-arizona-lfp-2026,3,lucas@industriousaf.org,no
854,2026-09-18,137,current_status,not stated on the page,PRE-PRODUCTION; offtake secured and financing being finalized; production slated late 2027,https://currentcells.com/article/american-battery-factory-45gwh-offtake-arizona-lfp-2026,3,lucas@industriousaf.org,no
855,2026-09-18,137,current_status,confirmed,PRE-PRODUCTION; offtake secured and financing being finalized; production slated late 2027,https://currentcells.com/article/american-battery-factory-45gwh-offtake-arizona-lfp-2026,3,lucas@industriousaf.org,yes
856,2026-09-18,138,announced,confirmed,2024-03,https://longviewusa.com/about/news-updates/eastman-announces-plans-for-molecular-recycling-facility-in-longview-texas,2,lucas@industriousaf.org,yes
857,2026-09-18,138,promised_capital_usd,not stated on the page,1200000000,https://longviewusa.com/about/news-updates/eastman-announces-plans-for-molecular-recycling-facility-in-longview-texas,0,lucas@industriousaf.org,no
858,2026-09-18,138,promised_jobs,confirmed,200,https://longviewusa.com/about/news-updates/eastman-announces-plans-for-molecular-recycling-facility-in-longview-texas,2,lucas@industriousaf.org,yes
859,2026-09-18,138,actual_first_output,confirmed,pending,https://news-journal.com/2026/04/09/moran-says-loss-of-375m-grant-for-eastman-project-devastating-hopes-it-will-be-restored/,1,lucas@industriousaf.org,yes
860,2026-09-18,138,current_status,confirmed,ON HOLD; under review after DOE revoked $375M grant (May 2025),https://news-journal.com/2026/04/09/moran-says-loss-of-375m-grant-for-eastman-project-devastating-hopes-it-will-be-restored/,3,lucas@industriousaf.org,yes
861,2026-09-18,138,promised_first_output,not stated on the page,n/a,https://longviewusa.com/about/news-updates/eastman-announces-plans-for-molecular-recycling-facility-in-longview-texas,2,lucas@industriousaf.org,yes
862,2026-09-18,139,announced,confirmed,2021-07,https://www.americanprogress.org/article/arizona-koreplex-battery-manufacturing-plant/,9,lucas@industriousaf.org,yes
863,2026-09-18,139,promised_capital_usd,confirmed,1200000000,https://www.americanprogress.org/article/arizona-koreplex-battery-manufacturing-plant/,1,lucas@industriousaf.org,yes
864,2026-09-18,139,promised_jobs,confirmed,3000,https://www.americanprogress.org/article/arizona-koreplex-battery-manufacturing-plant/,4,lucas@industriousaf.org,yes
865,2026-09-18,139,actual_first_output,confirmed,never,https://web.archive.org/web/20250211060904id_/https://www.manufacturingdive.com/news/kore-power-nixes-plans-for-1-25-billion-battery-cell-plant-buckeye-arizona/739430/,0,lucas@industriousaf.org,yes
866,2026-09-18,139,current_status,confirmed,"CANCELLED; site listed for sale, DOE $850M loan never closed",https://web.archive.org/web/20250211060904id_/https://www.manufacturingdive.com/news/kore-power-nixes-plans-for-1-25-billion-battery-cell-plant-buckeye-arizona/739430/,2,lucas@industriousaf.org,yes
867,2026-09-18,139,promised_first_output,not stated on the page,2024,https://www.americanprogress.org/article/arizona-koreplex-battery-manufacturing-plant/,2,lucas@industriousaf.org,no
868,2026-09-18,140,announced,confirmed,2021-03,https://web.archive.org/web/20210421041052id_/https://www.marathonpetroleum.com/Newsroom/Company-News/Marathon-Petroleum-to-Proceed-with-Conversion-of-Martinez-Refinery-to-Renewable-Fuels-Facility/,1,lucas@industriousaf.org,yes
869,2026-09-18,140,promised_capital_usd,not stated on the page,1200000000,https://web.archive.org/web/20210421041052id_/https://www.marathonpetroleum.com/Newsroom/Company-News/Marathon-Petroleum-to-Proceed-with-Conversion-of-Martinez-Refinery-to-Renewable-Fuels-Facility/,0,lucas@industriousaf.org,no
870,2026-09-18,140,promised_jobs,not stated on the page,,https://web.archive.org/web/20210421041052id_/https://www.marathonpetroleum.com/Newsroom/Company-News/Marathon-Petroleum-to-Proceed-with-Conversion-of-Martinez-Refinery-to-Renewable-Fuels-Facility/,0,lucas@industriousaf.org,yes
871,2026-09-18,140,promised_first_output,confirmed,2022,https://web.archive.org/web/20210421041052id_/https://www.marathonpetroleum.com/Newsroom/Company-News/Marathon-Petroleum-to-Proceed-with-Conversion-of-Martinez-Refinery-to-Renewable-Fuels-Facility/,1,lucas@industriousaf.org,yes
872,2026-09-18,140,current_status,confirmed,PRODUCING renewable diesel; operating amid USW Local 5 strike-turned-lockout and understaffing (2026),https://insideclimatenews.org/news/23072026/california-biofuel-refinery-worker-safety/,1,lucas@industriousaf.org,yes
873,2026-09-18,142,promised_jobs,confirmed,40,https://www.energy.gov/edf/articles/doe-announces-167-billion-montana-renewables-significantly-expand-us-sustainable,2,lucas@industriousaf.org,yes
874,2026-09-18,142,promised_capital_usd,not stated on the page,1200000000,https://www.energy.gov/edf/articles/doe-announces-167-billion-montana-renewables-significantly-expand-us-sustainable,0,lucas@industriousaf.org,no
875,2026-09-18,142,actual_first_output,confirmed,unconfirmed,https://bioenergytimes.com/montana-renewables-cuts-saf-expansion-cost-targets-200-million-gallons-by-2028/,1,lucas@industriousaf.org,yes
876,2026-09-18,142,current_status,confirmed,"PRODUCING; expansion ramping (~60M gal/yr SAF now, target ~200M gal/yr by end 2028)",https://bioenergytimes.com/montana-renewables-cuts-saf-expansion-cost-targets-200-million-gallons-by-2028/,0,lucas@industriousaf.org,yes
877,2026-09-18,140,actual_first_output,confirmed,2023-11-19,https://insideclimatenews.org/news/23072026/california-biofuel-refinery-worker-safety/,3,lucas@industriousaf.org,yes
878,2026-09-18,141,announced,confirmed,2026-06,https://web.archive.org/web/20260607110211id_/https://www.governor.sc.gov/news/2026-06/usa-rare-earth-inc-selects-cherokee-county-first-south-carolina-operation,1,lucas@industriousaf.org,yes
879,2026-09-18,141,promised_capital_usd,confirmed,1200000000,https://web.archive.org/web/20260607110211id_/https://www.governor.sc.gov/news/2026-06/usa-rare-earth-inc-selects-cherokee-county-first-south-carolina-operation,5,lucas@industriousaf.org,yes
880,2026-09-18,141,promised_jobs,confirmed,490,https://web.archive.org/web/20260607110211id_/https://www.governor.sc.gov/news/2026-06/usa-rare-earth-inc-selects-cherokee-county-first-south-carolina-operation,4,lucas@industriousaf.org,yes
881,2026-09-18,141,promised_first_output,confirmed,2028-04,https://web.archive.org/web/20260607110211id_/https://www.governor.sc.gov/news/2026-06/usa-rare-earth-inc-selects-cherokee-county-first-south-carolina-operation,1,lucas@industriousaf.org,yes
882,2026-09-18,141,actual_first_output,confirmed,pending,,,lucas@industriousaf.org,yes
883,2026-09-18,141,current_status,confirmed,"UNDER CONSTRUCTION; broke ground Sep 9, 2026",,,lucas@industriousaf.org,yes
884,2026-09-18,142,announced,confirmed,2024-10,https://www.energy.gov/edf/articles/doe-announces-167-billion-montana-renewables-significantly-expand-us-sustainable,1,lucas@industriousaf.org,yes
885,2026-09-18,142,promised_first_output,not stated on the page,n/a,https://www.energy.gov/edf/articles/doe-announces-167-billion-montana-renewables-significantly-expand-us-sustainable,0,lucas@industriousaf.org,yes
892,2026-09-18,144,announced,confirmed,2022-04,https://www.encina.com/encina-announces-1-1-billion-investment-in-new-advanced-manufacturing-facility-in-pennsylvania/,3,lucas@industriousaf.org,yes
893,2026-09-18,144,promised_capital_usd,confirmed,1100000000,https://www.encina.com/encina-announces-1-1-billion-investment-in-new-advanced-manufacturing-facility-in-pennsylvania/,2,lucas@industriousaf.org,yes
894,2026-09-18,144,promised_jobs,confirmed,300,https://www.encina.com/encina-announces-1-1-billion-investment-in-new-advanced-manufacturing-facility-in-pennsylvania/,2,lucas@industriousaf.org,yes
895,2026-09-18,144,promised_first_output,confirmed,2024 (fall),https://www.encina.com/encina-announces-1-1-billion-investment-in-new-advanced-manufacturing-facility-in-pennsylvania/,1,lucas@industriousaf.org,yes
896,2026-09-18,144,actual_first_output,confirmed,never,https://insideclimatenews.org/news/26042024/encina-pennsylvania-chemical-recycling-plant-canceled/,0,lucas@industriousaf.org,yes
897,2026-09-18,144,current_status,confirmed,CANCELLED; Encina withdrew the proposed project in April 2024 and it will not be built,https://insideclimatenews.org/news/26042024/encina-pennsylvania-chemical-recycling-plant-canceled/,0,lucas@industriousaf.org,yes
898,2026-09-18,145,announced,confirmed,2024-12,https://www.amgen.com/newsroom/press-releases/2024/12/amgen-announces-$1-billion-manufacturing-expansion-in-north-carolina,2,lucas@industriousaf.org,yes
899,2026-09-18,145,promised_capital_usd,confirmed,1000000000,https://www.amgen.com/newsroom/press-releases/2024/12/amgen-announces-$1-billion-manufacturing-expansion-in-north-carolina,3,lucas@industriousaf.org,yes
900,2026-09-18,145,promised_jobs,confirmed,370,https://www.amgen.com/newsroom/press-releases/2024/12/amgen-announces-$1-billion-manufacturing-expansion-in-north-carolina,1,lucas@industriousaf.org,yes
901,2026-09-18,145,promised_first_output,not stated on the page,n/a,https://www.amgen.com/newsroom/press-releases/2024/12/amgen-announces-$1-billion-manufacturing-expansion-in-north-carolina,1,lucas@industriousaf.org,yes
902,2026-09-18,145,current_status,confirmed,"UNDER CONSTRUCTION; broke ground Jan 24, 2025",https://web.archive.org/web/20250129200405id_/https://www.carolinajournal.com/amgen-breaks-ground-on-holly-springs-expansion/,7,lucas@industriousaf.org,yes
903,2026-09-18,145,actual_first_output,confirmed,pending,https://web.archive.org/web/20250129200405id_/https://www.carolinajournal.com/amgen-breaks-ground-on-holly-springs-expansion/,1,lucas@industriousaf.org,yes
904,2026-09-18,147,promised_capital_usd,confirmed,1000000000,https://wacoeconomicdevelopment.com/about-us/news/graphic-packaging-international-to-build-manufacturing-facility-in-waco-texas-invest-usd1-billion-in-community,2,lucas@industriousaf.org,yes
905,2026-09-18,147,promised_jobs,confirmed,230,https://wacoeconomicdevelopment.com/about-us/news/graphic-packaging-international-to-build-manufacturing-facility-in-waco-texas-invest-usd1-billion-in-community,1,lucas@industriousaf.org,yes
906,2026-09-18,147,promised_first_output,not stated on the page,n/a,https://wacoeconomicdevelopment.com/about-us/news/graphic-packaging-international-to-build-manufacturing-facility-in-waco-texas-invest-usd1-billion-in-community,0,lucas@industriousaf.org,yes
907,2026-09-18,147,actual_first_output,confirmed,2025-10,https://web.archive.org/web/20251105054834id_/https://www.packagingdive.com/news/graphic-packaging-international-q3-2025-earnings-waco-east-angus/804589/,11,lucas@industriousaf.org,yes
908,2026-09-18,147,current_status,confirmed,"PRODUCING; first saleable rolls Oct 2025, ramping to full production in 12-18 months",https://web.archive.org/web/20251105054834id_/https://www.packagingdive.com/news/graphic-packaging-international-q3-2025-earnings-waco-east-angus/804589/,1,lucas@industriousaf.org,yes
909,2026-09-18,146,announced,confirmed,2022-10,https://www.sccommerce.com/news/bmw-investing-17-billion-expand-sc-manufacturing-capacity-and-footprint,1,lucas@industriousaf.org,yes
910,2026-09-18,146,promised_capital_usd,confirmed,1000000000,https://www.sccommerce.com/news/bmw-investing-17-billion-expand-sc-manufacturing-capacity-and-footprint,3,lucas@industriousaf.org,yes
911,2026-09-18,146,promised_jobs,not stated on the page,,https://www.sccommerce.com/news/bmw-investing-17-billion-expand-sc-manufacturing-capacity-and-footprint,0,lucas@industriousaf.org,yes
912,2026-09-18,146,promised_first_output,not stated on the page,2026,https://www.sccommerce.com/news/bmw-investing-17-billion-expand-sc-manufacturing-capacity-and-footprint,1,lucas@industriousaf.org,no
913,2026-09-18,146,promised_first_output,not stated on the page,n/a,https://www.sccommerce.com/news/bmw-investing-17-billion-expand-sc-manufacturing-capacity-and-footprint,1,lucas@industriousaf.org,yes
914,2026-09-18,146,actual_first_output,confirmed,pending,https://www.press.bmwgroup.com/global/article/detail/T0458864EN/bmw-group-completes-1-7-billion-u-s-investment-and-premieres-new-bmw-x5-at-%E2%80%9Chome-of-x%E2%80%9D-event-in-spartanburg-sc?language=en,1,lucas@industriousaf.org,yes
915,2026-09-18,146,current_status,confirmed,"NOT YET PRODUCING; investment complete, iX5 assembly scheduled before end of 2026",https://www.press.bmwgroup.com/global/article/detail/T0458864EN/bmw-group-completes-1-7-billion-u-s-investment-and-premieres-new-bmw-x5-at-%E2%80%9Chome-of-x%E2%80%9D-event-in-spartanburg-sc?language=en,0,lucas@industriousaf.org,yes
916,2026-09-18,147,announced,not stated on the page,2023-02,https://wacoeconomicdevelopment.com/about-us/news/graphic-packaging-international-to-build-manufacturing-facility-in-waco-texas-invest-usd1-billion-in-community,0,lucas@industriousaf.org,no
917,2026-09-18,148,announced,confirmed,2023-05,https://www.prnewswire.com/news-releases/enel-selects-oklahoma-as-site-for-planned-solar-pv-cell--panel-manufacturing-facility-301830698.html,6,lucas@industriousaf.org,yes
918,2026-09-18,148,promised_capital_usd,confirmed,1000000000,https://www.prnewswire.com/news-releases/enel-selects-oklahoma-as-site-for-planned-solar-pv-cell--panel-manufacturing-facility-301830698.html,2,lucas@industriousaf.org,yes
919,2026-09-18,148,promised_jobs,confirmed,1000,https://www.prnewswire.com/news-releases/enel-selects-oklahoma-as-site-for-planned-solar-pv-cell--panel-manufacturing-facility-301830698.html,1,lucas@industriousaf.org,yes
920,2026-09-18,148,promised_first_output,confirmed,2024,https://www.prnewswire.com/news-releases/enel-selects-oklahoma-as-site-for-planned-solar-pv-cell--panel-manufacturing-facility-301830698.html,2,lucas@industriousaf.org,yes
921,2026-09-18,148,actual_first_output,confirmed,pending,https://web.archive.org/web/20241119171907id_/http://www.okenergytoday.com/2024/11/enels-1-billion-oklahoma-solar-plant-deal-up-in-the-air/,0,lucas@industriousaf.org,yes
922,2026-09-18,148,current_status,confirmed,"ON HOLD; work stalled spring 2024, proceeds only if a US investor takes majority stake (as of late 2024)",https://web.archive.org/web/20241119171907id_/http://www.okenergytoday.com/2024/11/enels-1-billion-oklahoma-solar-plant-deal-up-in-the-air/,0,lucas@industriousaf.org,yes
923,2026-09-18,151,announced,confirmed,2024-12,https://boeing.mediaroom.com/2025-11-07-Boeing-South-Carolina-Breaks-Ground-on-787-Site-Expansion,1,lucas@industriousaf.org,yes
924,2026-09-18,151,promised_capital_usd,confirmed,1000000000,https://boeing.mediaroom.com/2025-11-07-Boeing-South-Carolina-Breaks-Ground-on-787-Site-Expansion,3,lucas@industriousaf.org,yes
925,2026-09-18,151,promised_jobs,confirmed,1000,https://boeing.mediaroom.com/2025-11-07-Boeing-South-Carolina-Breaks-Ground-on-787-Site-Expansion,5,lucas@industriousaf.org,no
926,2026-09-18,151,promised_first_output,not stated on the page,2028,https://boeing.mediaroom.com/2025-11-07-Boeing-South-Carolina-Breaks-Ground-on-787-Site-Expansion,0,lucas@industriousaf.org,no
927,2026-09-18,151,actual_first_output,confirmed,pending,https://www.postandcourier.com/business/aerospace/boeing-sc-north-charleston-787-dreamliner-kelly-ortberg/article_685d3eac-b4f8-4624-b77f-73d0e333aab0.html,0,lucas@industriousaf.org,yes
933,2026-09-18,149,announced,confirmed,2022-08,https://www.prnewswire.com/news-releases/ascend-elements-to-invest-up-to-1-billion-in-southwest-kentucky-ev-battery-materials-manufacturing-facility-301597102.html,3,lucas@industriousaf.org,yes
934,2026-09-18,149,promised_capital_usd,confirmed,1000000000,https://www.prnewswire.com/news-releases/ascend-elements-to-invest-up-to-1-billion-in-southwest-kentucky-ev-battery-materials-manufacturing-facility-301597102.html,2,lucas@industriousaf.org,yes
935,2026-09-18,149,promised_jobs,confirmed,400,https://www.prnewswire.com/news-releases/ascend-elements-to-invest-up-to-1-billion-in-southwest-kentucky-ev-battery-materials-manufacturing-facility-301597102.html,1,lucas@industriousaf.org,yes
936,2026-09-18,149,promised_first_output,confirmed,2023 (late),https://www.prnewswire.com/news-releases/ascend-elements-to-invest-up-to-1-billion-in-southwest-kentucky-ev-battery-materials-manufacturing-facility-301597102.html,1,lucas@industriousaf.org,yes
937,2026-09-18,149,actual_first_output,confirmed,never,,,lucas@industriousaf.org,yes
938,2026-09-18,149,current_status,confirmed,"CANCELLED; Chapter 11 bankruptcy (spring 2026), ~50% built, never operational; sold at bankruptcy auction to Turner-Kokosing JV for $31.7M (June 2026)",,,lucas@industriousaf.org,yes
940,2026-09-18,151,current_status,confirmed,UNDER CONSTRUCTION (broke ground 2025-11-07),https://www.postandcourier.com/business/aerospace/boeing-sc-north-charleston-787-dreamliner-kelly-ortberg/article_685d3eac-b4f8-4624-b77f-73d0e333aab0.html,0,lucas@industriousaf.org,yes
941,2026-09-18,152,announced,confirmed,2017-09,https://www.madeinalabama.com/2017/09/mercedes-to-launch-electric-vehicle-production-in-1b-alabama-project/,1,lucas@industriousaf.org,yes
942,2026-09-18,152,promised_capital_usd,confirmed,1000000000,https://www.madeinalabama.com/2017/09/mercedes-to-launch-electric-vehicle-production-in-1b-alabama-project/,3,lucas@industriousaf.org,yes
943,2026-09-18,152,promised_jobs,confirmed,600,https://www.madeinalabama.com/2017/09/mercedes-to-launch-electric-vehicle-production-in-1b-alabama-project/,1,lucas@industriousaf.org,yes
944,2026-09-18,152,promised_first_output,confirmed,2020,https://www.madeinalabama.com/2017/09/mercedes-to-launch-electric-vehicle-production-in-1b-alabama-project/,2,lucas@industriousaf.org,yes
945,2026-09-18,152,actual_first_output,confirmed,2022,https://autos.yahoo.com/ev-and-future-tech/articles/mercedes-building-electric-flagship-alabama-193000399.html,1,lucas@industriousaf.org,yes
946,2026-09-18,152,current_status,confirmed,"PRODUCING; builds EQS SUV, EQE SUV and Maybach EQS SUV, battery packs from Bibb County plant",https://autos.yahoo.com/ev-and-future-tech/articles/mercedes-building-electric-flagship-alabama-193000399.html,1,lucas@industriousaf.org,yes
947,2026-09-18,153,promised_capital_usd,confirmed,1000000000,https://web.archive.org/web/20210106180635id_/https://dailyenergyinsider.com/news/28576-monolith-materials-proposes-1b-expansion-of-olive-creek-power-facility-in-nebraska/?amp,2,lucas@industriousaf.org,yes
948,2026-09-18,153,promised_jobs,not stated on the page,,https://web.archive.org/web/20210106180635id_/https://dailyenergyinsider.com/news/28576-monolith-materials-proposes-1b-expansion-of-olive-creek-power-facility-in-nebraska/?amp,0,lucas@industriousaf.org,yes
949,2026-09-18,153,promised_first_output,confirmed,2025-12-31,https://web.archive.org/web/20210106180635id_/https://dailyenergyinsider.com/news/28576-monolith-materials-proposes-1b-expansion-of-olive-creek-power-facility-in-nebraska/?amp,1,lucas@industriousaf.org,yes
950,2026-09-18,153,actual_first_output,confirmed,pending,https://www.notchconsulting.com/post/monolith-details-expansion-plans-for-nebraska-methane-pyrolysis-plant,1,lucas@industriousaf.org,yes
951,2026-09-18,153,current_status,confirmed,"NOT STARTED; construction not yet begun as of ~March 2026, company plans to begin construction later in 2026",https://www.notchconsulting.com/post/monolith-details-expansion-plans-for-nebraska-methane-pyrolysis-plant,0,lucas@industriousaf.org,yes
952,2026-09-18,153,announced,confirmed,2021-01,https://web.archive.org/web/20210106180635id_/https://dailyenergyinsider.com/news/28576-monolith-materials-proposes-1b-expansion-of-olive-creek-power-facility-in-nebraska/?amp,0,lucas@industriousaf.org,yes
953,2026-09-18,154,announced,confirmed,2024-10,https://lyten.com/2024/10/15/lyten-announces-plans-to-build-the-worlds-first-lithium-sulfur-battery-gigafactory-in-nevada/,5,lucas@industriousaf.org,yes
954,2026-09-18,154,promised_capital_usd,confirmed,1000000000,https://lyten.com/2024/10/15/lyten-announces-plans-to-build-the-worlds-first-lithium-sulfur-battery-gigafactory-in-nevada/,1,lucas@industriousaf.org,yes
955,2026-09-18,154,promised_jobs,confirmed,1000,https://lyten.com/2024/10/15/lyten-announces-plans-to-build-the-worlds-first-lithium-sulfur-battery-gigafactory-in-nevada/,2,lucas@industriousaf.org,yes
956,2026-09-18,154,promised_first_output,confirmed,2027,https://lyten.com/2024/10/15/lyten-announces-plans-to-build-the-worlds-first-lithium-sulfur-battery-gigafactory-in-nevada/,1,lucas@industriousaf.org,yes
957,2026-09-18,154,actual_first_output,confirmed,never,https://mynews4.com/news/local/no-more-gigafactory-lyten-plan-to-build-lithium-sulfur-facility-in-reno-stead-falls-through,0,lucas@industriousaf.org,yes
958,2026-09-18,154,current_status,confirmed,CANCELLED (Jan 2026); lease with Reno-Tahoe Airport Authority not agreed; Lyten pivoted to acquiring ex-Northvolt plants in Europe. Never broke ground or produced.,https://mynews4.com/news/local/no-more-gigafactory-lyten-plan-to-build-lithium-sulfur-facility-in-reno-stead-falls-through,0,lucas@industriousaf.org,yes
959,2026-09-18,157,announced,confirmed,2023-07,https://web.archive.org/web/20240603040323id_/https://www.analog.com/en/newsroom/press-releases/2023/7-26-2023-adi-invests-more-than-1billion-semiconductor-facility-oregon.html,3,lucas@industriousaf.org,yes
960,2026-09-18,157,promised_capital_usd,confirmed,1000000000,https://web.archive.org/web/20240603040323id_/https://www.analog.com/en/newsroom/press-releases/2023/7-26-2023-adi-invests-more-than-1billion-semiconductor-facility-oregon.html,3,lucas@industriousaf.org,yes
961,2026-09-18,157,promised_jobs,not stated on the page,,https://web.archive.org/web/20240603040323id_/https://www.analog.com/en/newsroom/press-releases/2023/7-26-2023-adi-invests-more-than-1billion-semiconductor-facility-oregon.html,0,lucas@industriousaf.org,yes
962,2026-09-18,157,promised_first_output,not stated on the page,2024,https://web.archive.org/web/20240603040323id_/https://www.analog.com/en/newsroom/press-releases/2023/7-26-2023-adi-invests-more-than-1billion-semiconductor-facility-oregon.html,20,lucas@industriousaf.org,no
963,2026-09-18,157,current_status,confirmed,EXPANSION IN PROGRESS; existing fab producing (Jan 2025 CHIPS non-binding memo up to $105M across 3 sites),https://web.archive.org/web/20250116225643id_/https://oregoncapitalchronicle.com/2025/01/16/high-tech-company-with-operations-in-beaverton-wins-105-million-in-chips-funding/,0,lucas@industriousaf.org,yes
964,2026-09-18,155,announced,confirmed,2017-10,https://tnecd.com/news/governor-haslam-commissioner-rolfe-and-denso-announce-1-billion-investment-expansion-in-maryville/,3,lucas@industriousaf.org,yes
965,2026-09-18,155,promised_capital_usd,confirmed,1000000000,https://tnecd.com/news/governor-haslam-commissioner-rolfe-and-denso-announce-1-billion-investment-expansion-in-maryville/,5,lucas@industriousaf.org,yes
966,2026-09-18,155,promised_jobs,confirmed,1000,https://tnecd.com/news/governor-haslam-commissioner-rolfe-and-denso-announce-1-billion-investment-expansion-in-maryville/,4,lucas@industriousaf.org,yes
967,2026-09-18,155,promised_first_output,not stated on the page,n/a,https://tnecd.com/news/governor-haslam-commissioner-rolfe-and-denso-announce-1-billion-investment-expansion-in-maryville/,0,lucas@industriousaf.org,yes
968,2026-09-18,155,actual_first_output,confirmed,2018-12,https://web.archive.org/web/20230531040313id_/https://www.denso.com/us-ca/home/about-us/company-information/us/dmtn/,1,lucas@industriousaf.org,yes
969,2026-09-18,155,current_status,confirmed,PRODUCING; plant operating and manufacturing inverters for hybrid vehicles and electrification components,https://web.archive.org/web/20230531040313id_/https://www.denso.com/us-ca/home/about-us/company-information/us/dmtn/,0,lucas@industriousaf.org,yes
970,2026-09-18,156,announced,confirmed,2023-12,https://www.solarpowerworldonline.com/2023/12/waaree-to-open-3-gw-solar-panel-manufacturing-factory-in-texas-in-2024/,3,lucas@industriousaf.org,yes
971,2026-09-18,156,promised_capital_usd,confirmed,1000000000,https://www.solarpowerworldonline.com/2023/12/waaree-to-open-3-gw-solar-panel-manufacturing-factory-in-texas-in-2024/,1,lucas@industriousaf.org,yes
972,2026-09-18,156,promised_jobs,confirmed,1500,https://www.solarpowerworldonline.com/2023/12/waaree-to-open-3-gw-solar-panel-manufacturing-factory-in-texas-in-2024/,1,lucas@industriousaf.org,yes
973,2026-09-18,156,promised_first_output,confirmed,2024-Q4,https://www.solarpowerworldonline.com/2023/12/waaree-to-open-3-gw-solar-panel-manufacturing-factory-in-texas-in-2024/,6,lucas@industriousaf.org,yes
974,2026-09-18,156,actual_first_output,confirmed,2025-01,https://www.pv-magazine.com/2025/04/10/waaree-energies-to-double-its-solar-module-manufacturing-in-texas/,4,lucas@industriousaf.org,yes
975,2026-09-18,156,current_status,confirmed,PRODUCING; expanding capacity,https://www.pv-magazine.com/2025/04/10/waaree-energies-to-double-its-solar-module-manufacturing-in-texas/,0,lucas@industriousaf.org,yes
976,2026-09-18,157,actual_first_output,confirmed,unconfirmed,https://web.archive.org/web/20250116225643id_/https://oregoncapitalchronicle.com/2025/01/16/high-tech-company-with-operations-in-beaverton-wins-105-million-in-chips-funding/,0,lucas@industriousaf.org,yes
992,2026-09-19,159,promised_capital_usd,confirmed,1000000000,https://www.jnj.com/media-center/press-releases/johnson-johnson-expands-u-s-footprint-with-more-than-1-billion-investment-in-next-generation-cell-therapy-manufacturing-facility-in-pennsylvania,0,lucas@industriousaf.org,yes
993,2026-09-19,159,announced,confirmed,2026-02,https://www.jnj.com/media-center/press-releases/johnson-johnson-expands-u-s-footprint-with-more-than-1-billion-investment-in-next-generation-cell-therapy-manufacturing-facility-in-pennsylvania,0,lucas@industriousaf.org,yes
994,2026-09-19,159,promised_jobs,confirmed,500,https://www.jnj.com/media-center/press-releases/johnson-johnson-expands-u-s-footprint-with-more-than-1-billion-investment-in-next-generation-cell-therapy-manufacturing-facility-in-pennsylvania,0,lucas@industriousaf.org,yes
995,2026-09-19,159,promised_first_output,not stated on the page,n/a,https://www.jnj.com/media-center/press-releases/johnson-johnson-expands-u-s-footprint-with-more-than-1-billion-investment-in-next-generation-cell-therapy-manufacturing-facility-in-pennsylvania,0,lucas@industriousaf.org,yes
996,2026-09-19,159,current_status,confirmed,PRE-CONSTRUCTION,https://whyy.org/articles/johnson-and-johnson-cell-therapy-plant-pennsylvania/,0,lucas@industriousaf.org,yes
997,2026-09-19,159,actual_first_output,confirmed,pending,https://whyy.org/articles/johnson-and-johnson-cell-therapy-plant-pennsylvania/,0,lucas@industriousaf.org,yes
998,2026-09-19,160,announced,confirmed,2024-04,https://highlandmaterials.com/highland-materials-secures-us255-6-million-48c-tax-credit-to-build-polysilicon-plant-in-the-us/,2,lucas@industriousaf.org,yes
999,2026-09-19,160,promised_first_output,confirmed,2027 (late),https://highlandmaterials.com/highland-materials-secures-us255-6-million-48c-tax-credit-to-build-polysilicon-plant-in-the-us/,0,lucas@industriousaf.org,yes
1000,2026-09-19,160,promised_jobs,not stated on the page,400,https://highlandmaterials.com/highland-materials-secures-us255-6-million-48c-tax-credit-to-build-polysilicon-plant-in-the-us/,0,lucas@industriousaf.org,no
1001,2026-09-19,160,promised_jobs,confirmed,400,https://highlandmaterials.com/highland-materials-secures-us255-6-million-48c-tax-credit-to-build-polysilicon-plant-in-the-us/,0,lucas@industriousaf.org,yes
1002,2026-09-19,160,promised_capital_usd,confirmed,1000000000,https://highlandmaterials.com/highland-materials-secures-us255-6-million-48c-tax-credit-to-build-polysilicon-plant-in-the-us/,0,lucas@industriousaf.org,yes
1003,2026-09-19,160,current_status,confirmed,"PRE-CONSTRUCTION; engineering phase, on-site construction scheduled Q4 2026",https://constructionreviewonline.com/highland-materials-to-build-16000-mt-polysilicon-solar-manufacturing-facility-in-tennessee/,4,lucas@industriousaf.org,yes
1004,2026-09-19,160,actual_first_output,confirmed,pending,https://constructionreviewonline.com/highland-materials-to-build-16000-mt-polysilicon-solar-manufacturing-facility-in-tennessee/,1,lucas@industriousaf.org,yes
1005,2026-09-19,162,announced,confirmed,2025-01,https://web.archive.org/web/20250124183451id_/https://www.manufacturingdive.com/news/stellanitis-commits-reopening-belvidere-assembly-uaw-build-new-truck-2027/738187/,9,lucas@industriousaf.org,yes
1006,2026-09-19,162,promised_first_output,confirmed,2027,https://web.archive.org/web/20250124183451id_/https://www.manufacturingdive.com/news/stellanitis-commits-reopening-belvidere-assembly-uaw-build-new-truck-2027/738187/,1,lucas@industriousaf.org,yes
1007,2026-09-19,162,actual_first_output,confirmed,pending,https://www.rockfordnewsfirst.com/2026/08/14/stellantis-pushes-back-belvidere-production-timeline-increases-investment-800m/,1,lucas@industriousaf.org,no
1008,2026-09-19,162,current_status,confirmed,"DELAYED; retooling underway (>$60M spent through July 2026); pilot production slipped to H1 2028, retail production H2 2029",https://www.rockfordnewsfirst.com/2026/08/14/stellantis-pushes-back-belvidere-production-timeline-increases-investment-800m/,4,lucas@industriousaf.org,no
1009,2026-09-19,161,announced,confirmed,2025-04,https://www.21alivenews.com/2025/04/30/ev-startup-slate-auto-plans-warsaw-production-facility-bringing-2000-jobs/,2,lucas@industriousaf.org,yes
1010,2026-09-19,161,promised_jobs,confirmed,2000,https://www.21alivenews.com/2025/04/30/ev-startup-slate-auto-plans-warsaw-production-facility-bringing-2000-jobs/,2,lucas@industriousaf.org,yes
1011,2026-09-19,161,promised_first_output,confirmed,2026-Q4,https://www.21alivenews.com/2025/04/30/ev-startup-slate-auto-plans-warsaw-production-facility-bringing-2000-jobs/,2,lucas@industriousaf.org,yes
1012,2026-09-19,161,actual_first_output,confirmed,pending,https://www.inkfreenews.com/2026/06/30/slate-auto-begins-electric-truck-preorders-warsaw-factory-nears-production/,2,lucas@industriousaf.org,yes
1013,2026-09-19,161,current_status,confirmed,"PRE-PRODUCTION; factory nearing production, deliveries targeted Q4 2026, not yet producing",https://www.inkfreenews.com/2026/06/30/slate-auto-begins-electric-truck-preorders-warsaw-factory-nears-production/,0,lucas@industriousaf.org,yes
1014,2026-09-19,161,promised_capital_usd,not stated on the page,400000000,https://www.21alivenews.com/2025/04/30/ev-startup-slate-auto-plans-warsaw-production-facility-bringing-2000-jobs/,0,lucas@industriousaf.org,no
1015,2026-09-19,162,promised_jobs,confirmed,1500,https://web.archive.org/web/20250124183451id_/https://www.manufacturingdive.com/news/stellanitis-commits-reopening-belvidere-assembly-uaw-build-new-truck-2027/738187/,0,lucas@industriousaf.org,no
1016,2026-09-19,162,promised_capital_usd,not stated on the page,600000000,https://web.archive.org/web/20250124183451id_/https://www.manufacturingdive.com/news/stellanitis-commits-reopening-belvidere-assembly-uaw-build-new-truck-2027/738187/,0,lucas@industriousaf.org,no
1017,2026-09-19,162,promised_jobs,confirmed,1500,https://web.archive.org/web/20250124183451id_/https://www.manufacturingdive.com/news/stellanitis-commits-reopening-belvidere-assembly-uaw-build-new-truck-2027/738187/,0,lucas@industriousaf.org,no
1018,2026-09-19,162,promised_jobs,confirmed,1500,https://web.archive.org/web/20250124183451id_/https://www.manufacturingdive.com/news/stellanitis-commits-reopening-belvidere-assembly-uaw-build-new-truck-2027/738187/,0,lucas@industriousaf.org,no
1019,2026-09-19,162,promised_jobs,confirmed,3300,https://web.archive.org/web/20250124183451id_/https://www.manufacturingdive.com/news/stellanitis-commits-reopening-belvidere-assembly-uaw-build-new-truck-2027/738187/,0,lucas@industriousaf.org,no
1020,2026-09-24,163,promised_capital_usd,not stated on the page,9480000000,https://corporate.exxonmobil.com/news/news-releases/2019/0613_exxonmobil-and-sabic-to-proceed-with-gulf-coast-growth-ventures-project,0,lucas@industriousaf.org,no
1021,2026-09-25,164,announced,confirmed,2023-01,https://corporate.exxonmobil.com/news/news-releases/2023/0130_exxonmobil-awards-feed-for-worlds-largest-low-carbon-hydrogen-facility,2,lucas@industriousaf.org,yes
1022,2026-09-25,164,actual_first_output,confirmed,never,https://www.canarymedia.com/articles/hydrogen/exxon-halts-massive-texas-low-carbon-hydrogen-facility,0,lucas@industriousaf.org,yes
1023,2026-09-25,164,current_status,confirmed,CANCELLED,https://www.canarymedia.com/articles/hydrogen/exxon-halts-massive-texas-low-carbon-hydrogen-facility,0,lucas@industriousaf.org,no
1024,2026-09-25,164,promised_first_output,confirmed,2027,https://corporate.exxonmobil.com/news/news-releases/2023/0130_exxonmobil-awards-feed-for-worlds-largest-low-carbon-hydrogen-facility,1,lucas@industriousaf.org,yes
1025,2026-09-25,164,promised_capital_usd,confirmed,7000000000,https://corporate.exxonmobil.com/news/news-releases/2023/0130_exxonmobil-awards-feed-for-worlds-largest-low-carbon-hydrogen-facility,0,lucas@industriousaf.org,yes
1026,2026-09-25,164,promised_jobs,not stated on the page,,https://corporate.exxonmobil.com/news/news-releases/2023/0130_exxonmobil-awards-feed-for-worlds-largest-low-carbon-hydrogen-facility,0,lucas@industriousaf.org,yes
1027,2026-09-25,165,promised_first_output,confirmed,2028 (second half),https://biodieselmagazine.com/articles/nxtclean-fuels-receives-oregon-water-permit-approval-for-25-billion-clean-fuels-facility,1,lucas@industriousaf.org,no
1028,2026-09-25,165,announced,confirmed,2018-08,https://biodieselmagazine.com/articles/nxtclean-fuels-receives-oregon-water-permit-approval-for-25-billion-clean-fuels-facility,0,lucas@industriousaf.org,yes
1029,2026-09-25,165,promised_capital_usd,confirmed,1100000000,https://biodieselmagazine.com/articles/nxtclean-fuels-receives-oregon-water-permit-approval-for-25-billion-clean-fuels-facility,0,lucas@industriousaf.org,no
1030,2026-09-25,165,promised_jobs,confirmed,210,https://biodieselmagazine.com/articles/nxtclean-fuels-receives-oregon-water-permit-approval-for-25-billion-clean-fuels-facility,0,lucas@industriousaf.org,no
1031,2026-09-25,165,promised_first_output,confirmed,2021,https://biodieselmagazine.com/articles/nxtclean-fuels-receives-oregon-water-permit-approval-for-25-billion-clean-fuels-facility,1,lucas@industriousaf.org,yes
1032,2026-09-25,165,actual_first_output,confirmed,pending,https://columbiacountyspotlight.com/2026/03/31/nxtclean-fuels-moves-closer-to-development-public-comment-open/,1,lucas@industriousaf.org,yes
1033,2026-09-25,165,current_status,confirmed,"PRE-CONSTRUCTION; not yet under construction, awaiting final federal permit (US Army Corps draft EIS in public comment through Apr 20, 2026; Corps decision expected summer 2026); operations targeted late 2028-2029",https://columbiacountyspotlight.com/2026/03/31/nxtclean-fuels-moves-closer-to-development-public-comment-open/,2,lucas@industriousaf.org,yes
1042,2026-10-01,165,promised_capital_usd,confirmed,1100000000,https://tdn.com/news/local/port-to-consider-1-1-billion-renewable-diesel-plant-in-clatskanie/article_c9a7346e-f795-5011-94cf-d8775f7d76d3.html,3,ashwin@industriousaf.org,yes
1043,2026-10-01,165,promised_jobs,confirmed,210,https://tdn.com/news/local/port-to-consider-1-1-billion-renewable-diesel-plant-in-clatskanie/article_c9a7346e-f795-5011-94cf-d8775f7d76d3.html,0,ashwin@industriousaf.org,yes
1044,2026-10-01,162,actual_first_output,confirmed,pending,https://www.rockfordnewsfirst.com/2026/08/14/stellantis-pushes-back-belvidere-production-timeline-increases-investment-800m/,1,ashwin@industriousaf.org,yes
1045,2026-10-01,162,promised_capital_usd,confirmed,1200000000,https://www.manufacturingdive.com/news/stellanitis-commits-reopening-belvidere-assembly-uaw-build-new-truck-2027/738187/,0,ashwin@industriousaf.org,yes
1046,2026-10-01,162,promised_jobs,confirmed,1500,https://www.manufacturingdive.com/news/stellanitis-commits-reopening-belvidere-assembly-uaw-build-new-truck-2027/738187/,1,ashwin@industriousaf.org,yes
1047,2026-10-01,162,current_status,confirmed,"DELAYED; retooling underway (>$60M spent through July 2026); pilot production slipped to H1 2028, retail production H2 2029",https://www.rockfordnewsfirst.com/2026/08/14/stellantis-pushes-back-belvidere-production-timeline-increases-investment-800m/,3,ashwin@industriousaf.org,yes
1048,2026-10-01,27,promised_first_output,not stated on the page,n/a,https://web.archive.org/web/20260827221309id_/https://investors.micron.com/news/press-release/2022/Micron-Announces-Historic-Investment-of-up-to-100-Billion-to-Build-Megafab-in-Central-New-York-10-04-2022/default.aspx,0,ashwin@industriousaf.org,yes
1049,2026-10-01,1,promised_first_output,not stated on the page,n/a,https://web.archive.org/web/20220901232321id_/https://www.globenewswire.com/news-release/2022/09/01/2508617/0/en/Micron-to-Invest-15-Billion-in-New-Idaho-Fab-Bringing-Leading-Edge-Memory-Manufacturing-to-the-US.html,2,ashwin@industriousaf.org,yes
1050,2026-10-01,3,actual_first_output,confirmed,2022 (early),https://www.sec.gov/Archives/edgar/data/1022671/000155837022002377/stld-20211231x10k.htm,56,ashwin@industriousaf.org,yes
1051,2026-10-01,9,actual_first_output,confirmed,never,https://www.constructiondive.com/news/foxconn-569m-expanding-mount-pleasant-wisconsin-open-ai-collaboration/806647/,1,ashwin@industriousaf.org,yes
1052,2026-10-01,163,promised_capital_usd,not stated on the page,10000000000,https://corporate.exxonmobil.com/news/news-releases/2019/0613_exxonmobil-and-sabic-to-proceed-with-gulf-coast-growth-ventures-project,0,ashwin@industriousaf.org,no
1053,2026-10-01,5,promised_first_output,confirmed,2025,https://www.opportunitylouisiana.gov/news/formosa-selects-st-james-parish-for-9-4-billion-louisiana-project,2,ashwin@industriousaf.org,yes
1054,2026-10-01,8,promised_first_output,not stated on the page,n/a,https://www.prnewswire.com/news-releases/building-for-the-future-chobani-invests-1-2-billion-in-upstate-new-york-to-build-third-us-dairy-processing-plant-302434586.html,2,ashwin@industriousaf.org,yes
1055,2026-10-01,16,current_status,not stated on the page,OPERATIONAL; ramping toward 14 GW annual capacity by 2026,https://taiyangnews.info/markets/first-solar-louisiana-factory-online,1,ashwin@industriousaf.org,no
1056,2026-10-01,164,current_status,not stated on the page,PAUSED,https://www.canarymedia.com/articles/hydrogen/exxon-halts-massive-texas-low-carbon-hydrogen-facility,0,ashwin@industriousaf.org,no
1057,2026-10-01,164,current_status,confirmed,cancelled,https://www.canarymedia.com/articles/hydrogen/exxon-halts-massive-texas-low-carbon-hydrogen-facility,0,ashwin@industriousaf.org,yes
1058,2026-10-01,34,promised_capital_usd,confirmed,1000000000,https://www.manufacturingdive.com/news/anduril-industries-columbus-ohio-1-billion-arsenal-1-hyperscale-facility/737780/,2,ashwin@industriousaf.org,yes
1059,2026-10-01,72,current_status,confirmed,"Fully permitted to begin construction; pre-FEED and FEED completed and power interconnect secured, per HIF's own project page. Construction has not started. Electric Hydrogen selected as electrolyzer supplier (Sept 2025); not yet producing",https://eh2.com/hif-global-texas-efuels-project/,0,ashwin@industriousaf.org,yes
1060,2026-10-01,28,announced,confirmed,2022-03,https://web.archive.org/web/20220502212422/https://www.azcommerce.com/news-events/news/2022/4/queen-creek-to-house-high-tech-battery-facility/,5,ashwin@industriousaf.org,yes
1061,2026-10-01,28,promised_first_output,confirmed,2024,https://web.archive.org/web/20220502212422/https://www.azcommerce.com/news-events/news/2022/4/queen-creek-to-house-high-tech-battery-facility/,1,ashwin@industriousaf.org,yes
1062,2026-10-01,28,promised_capital_usd,confirmed,1400000000,https://web.archive.org/web/20220502212422/https://www.azcommerce.com/news-events/news/2022/4/queen-creek-to-house-high-tech-battery-facility/,1,ashwin@industriousaf.org,yes
1063,2026-10-01,28,promised_jobs,not stated on the page,,https://web.archive.org/web/20220502212422/https://www.azcommerce.com/news-events/news/2022/4/queen-creek-to-house-high-tech-battery-facility/,0,ashwin@industriousaf.org,yes
1064,2026-10-01,32,actual_first_output,confirmed,pending,https://www.kbtx.com/2026/08/06/spacex-confirms-terefab-project-is-done-deal-reps-meet-face-to-face-with-grimes-county-residents/,0,ashwin@industriousaf.org,yes
1065,2026-10-01,58,actual_first_output,confirmed,2025-05,https://www.kxii.com/2025/05/15/globalwafers-opens-first-us-advanced-silicon-wafer-facility-sherman/,2,ashwin@industriousaf.org,yes
1066,2026-10-01,16,current_status,confirmed,"OPERATIONAL; 3.5 GW plant, production started July 2025, ramping up",https://taiyangnews.info/markets/first-solar-louisiana-factory-online,1,ashwin@industriousaf.org,yes
1067,2026-10-01,105,promised_capital_usd,confirmed,2000000000,https://web.archive.org/web/20260325165439id_/https://www.pharmaceutical-technology.com/news/ucb-2bn-georgia-gwinnett-county-biologics-manufacturing-facility/,3,ashwin@industriousaf.org,yes
1068,2026-10-01,138,promised_capital_usd,confirmed,1200000000,https://gov.texas.gov/news/post/governor-abbott-announces-new-eastman-investment-in-longview,1,ashwin@industriousaf.org,yes
1069,2026-10-01,41,promised_jobs,not stated on the page,,https://www.cargroup.org/the-blueoval-investment-announcement/,0,lucas@industriousaf.org,yes
1070,2026-10-01,44,promised_jobs,not stated on the page,,https://www.wolfspeed.com/company/news-events/news/cree-announces-update-to-capacity-expansion-plan/,0,lucas@industriousaf.org,yes
1071,2026-10-01,46,promised_first_output,not stated on the page,n/a,https://www.prnewswire.com/news-releases/lilly-announces-1-billion-investment-in-new-manufacturing-facility-in-north-carolina-301470773.html,1,lucas@industriousaf.org,yes
1072,2026-10-01,47,promised_first_output,not stated on the page,n/a,https://www.commerce.nc.gov/news/press-releases/2022/09/09/governor-cooper-announces-wolfspeed-selects-north-carolina-445-acre-manufacturing-campus,0,lucas@industriousaf.org,yes
1073,2026-10-01,54,promised_first_output,not stated on the page,n/a,,,lucas@industriousaf.org,yes
1074,2026-10-01,55,promised_first_output,not stated on the page,n/a,https://www.cnbc.com/2020/07/22/tesla-will-build-its-next-gigafactory-near-austin-texas.html,0,lucas@industriousaf.org,yes
1075,2026-10-01,24,promised_first_output,not stated on the page,n/a,https://www.kansascommerce.gov/2022/07/kansas-lands-4b-4000-job-panasonic-energy-electric-vehicle-battery-plant/,5,lucas@industriousaf.org,yes
1076,2026-10-01,23,promised_first_output,not stated on the page,n/a,https://www.cnbc.com/2019/12/05/gm-lg-to-form-2point3-billion-joint-venture-for-battery-cell-production.html,9,lucas@industriousaf.org,yes
1077,2026-10-01,18,promised_first_output,not stated on the page,n/a,https://web.archive.org/web/20220525175542/https://investor.lilly.com/news-releases/news-release-details/lilly-plans-invest-21-billion-new-manufacturing-sites-indiana,2,lucas@industriousaf.org,yes
1078,2026-10-01,11,promised_first_output,not stated on the page,n/a,https://www.jnj.com/media-center/press-releases/johnson-johnson-to-invest-more-than-2-billion-in-new-advanced-technology-manufacturing-facility-in-north-carolina-to-support-robust-portfolio-growth,0,lucas@industriousaf.org,yes
1079,2026-10-01,7,promised_first_output,not stated on the page,n/a,https://web.archive.org/web/20230526183447id_/https://www.georgia.org/press-release/korean-battery-manufacturer-create-more-2000-jobs-jackson-county,0,lucas@industriousaf.org,yes
1080,2026-10-01,75,actual_first_output,confirmed,pending,https://maritime-executive.com/article/report-hanwha-ocean-looks-to-expand-in-us-with-possible-second-shipbuilder,2,ashwin@industriousaf.org,yes
1081,2026-10-01,78,actual_first_output,confirmed,pending,https://oaklandcounty115.com/2025/06/11/gms-orion-plant-once-slated-for-ev-production-now-to-produce-gas-powered-suvs-and-pickups/,3,ashwin@industriousaf.org,yes
1082,2026-10-01,78,current_status,confirmed,UNDER CONSTRUCTION; retooling for gas-powered SUVs and pickups from 2027 after GM dropped the EV pickup plan,https://oaklandcounty115.com/2025/06/11/gms-orion-plant-once-slated-for-ev-production-now-to-produce-gas-powered-suvs-and-pickups/,0,ashwin@industriousaf.org,yes
1083,2026-10-01,90,actual_first_output,confirmed,unconfirmed,https://www.potomaclocal.com/2026/05/25/most-advanced-memory-chip-ever-made-in-usa-now-in-production-at-micron-manassas/,5,ashwin@industriousaf.org,yes
1084,2026-10-01,139,promised_first_output,confirmed,2023-Q2,https://pv-magazine-usa.com/2021/07/29/arizona-chosen-as-site-for-massive-lithium-ion-battery-manufacturing-facility/,0,ashwin@industriousaf.org,yes
1085,2026-10-01,140,promised_capital_usd,confirmed,1200000000,https://www.sec.gov/Archives/edgar/data/1510295/000151029522000006/mpcq42021earningsrelease.htm,2,ashwin@industriousaf.org,yes
1086,2026-10-01,142,promised_capital_usd,confirmed,1200000000,https://www.energy.gov/edf/articles/doe-announces-167-billion-montana-renewables-significantly-expand-us-sustainable,0,ashwin@industriousaf.org,yes
1087,2026-10-01,147,announced,confirmed,2023-02,https://wacochamber.com/2023/02/graphic-packaging-international-to-build-manufacturing-facility-in-waco-texas-invest-1-billion-in-community/,1,ashwin@industriousaf.org,yes
1088,2026-10-01,163,promised_capital_usd,confirmed,10000000000,https://www.oilandgas360.com/exxonmobil-picks-corpus-christi-10-billion-ethylene-plant/,3,ashwin@industriousaf.org,yes
1089,2026-10-01,4,promised_first_output,confirmed,2024,https://georgia.org/press-release/qcells-more-double-production-georgia-create-2500-new-jobs,2,ashwin@industriousaf.org,yes
1090,2026-10-01,157,promised_first_output,not stated on the page,n/a,https://web.archive.org/web/20240603040323id_/https://www.analog.com/en/newsroom/press-releases/2023/7-26-2023-adi-invests-more-than-1billion-semiconductor-facility-oregon.html,20,ashwin@industriousaf.org,yes
1091,2026-10-01,161,promised_capital_usd,confirmed,400000000,https://www.abc57.com/news/a-look-inside-slate-autos-first-ev-factory-a-400m-investment-just-outside-warsaw,5,ashwin@industriousaf.org,yes
1092,2026-10-01,17,promised_first_output,confirmed,2025,https://pressroom.toyota.com/toyota-selects-north-carolina-greensboro-randolph-site-for-new-u-s-automotive-battery-plant/,1,ashwin@industriousaf.org,yes
1093,2026-10-01,17,actual_first_output,confirmed,2025 (first half),https://www.assemblymag.com/articles/99372-toyota-begins-shipping-batteries-from-north-carolina-facility-to-us-assembly-plants,1,ashwin@industriousaf.org,yes
1094,2026-10-01,22,actual_first_output,confirmed,2024-10,https://www.sec.gov/Archives/edgar/data/1163302/000116330224000065/ex99p1er241031.htm,35,ashwin@industriousaf.org,yes
1095,2026-10-01,22,promised_jobs,not stated on the page,,,,ashwin@industriousaf.org,yes
1096,2026-10-01,22,current_status,confirmed,OPERATING; first coil October 2024,https://www.sec.gov/Archives/edgar/data/1163302/000116330225000018/x-20241231.htm,0,ashwin@industriousaf.org,yes
1097,2026-10-01,35,promised_first_output,not stated on the page,n/a,https://www.jetzero.aero/jetzero-breaks-ground-on-greensboro-factory,1,ashwin@industriousaf.org,yes
1098,2026-10-01,43,actual_first_output,confirmed,pending,https://ncnewsline.com/2026/05/21/north-carolina-slams-brakes-on-ev-megafactory-deal-after-years-of-delay/,4,ashwin@industriousaf.org,yes
1099,2026-10-02,43,current_status,confirmed,"DEFAULT / PAUSED; site abandoned since end-2024, permits lapsed; NC filed suit to claw back the land and ~$80M",https://ncnewsline.com/2026/05/21/north-carolina-slams-brakes-on-ev-megafactory-deal-after-years-of-delay/,0,ashwin@industriousaf.org,yes
1100,2026-10-02,45,announced,confirmed,2022-08,https://www.opportunitylouisiana.gov/news/cf-industries-announces-planned-2-billion-carbon-capture-ammonia-complex-in-ascension-parish,1,ashwin@industriousaf.org,yes
1101,2026-10-02,45,promised_first_output,not stated on the page,n/a,https://www.opportunitylouisiana.gov/news/cf-industries-announces-planned-2-billion-carbon-capture-ammonia-complex-in-ascension-parish,2,ashwin@industriousaf.org,yes
1102,2026-10-02,45,promised_capital_usd,confirmed,2000000000,https://www.opportunitylouisiana.gov/news/cf-industries-announces-planned-2-billion-carbon-capture-ammonia-complex-in-ascension-parish,2,ashwin@industriousaf.org,yes
1103,2026-10-02,48,actual_first_output,confirmed,2025-11,https://www.redwoodmaterials.com/news/redwood-begins-critical-materials-recovery-in-south-carolina/,3,ashwin@industriousaf.org,yes
1104,2026-10-02,56,promised_first_output,not stated on the page,n/a,https://www.purdue.edu/newsroom/2022/Q3/skywater-technology-chooses-discovery-park-district-at-purdue-for-1-8b-semiconductor-fabrication-facility-to-create-750-jobs-in-5-years/,3,ashwin@industriousaf.org,yes
1105,2026-10-02,64,promised_first_output,not stated on the page,n/a,https://web.archive.org/web/20260811085646id_/https://news.bms.com/news/corporate-financial/2026/Bristol-Myers-Squibb-Advances-U-S--Manufacturing-Investment-with-New-2-3-Billion-Campus-in-Houston-Texas/default.aspx,0,ashwin@industriousaf.org,yes
1106,2026-10-02,151,promised_first_output,confirmed,2027 (early),https://governor.sc.gov/news/2024-12/boeing-commits-expand-charleston-county-operations,1,ashwin@industriousaf.org,yes
1107,2026-10-02,151,promised_jobs,confirmed,500,https://governor.sc.gov/news/2024-12/boeing-commits-expand-charleston-county-operations,5,ashwin@industriousaf.org,yes
1108,2026-10-02,36,actual_first_output,confirmed,2024-11,https://www.foodprocessing.com/business-of-food-beverage/capital-spending/news/55241732/jm-smuckers-new-mccalla-alabama-uncrustables-plant-opens,1,ashwin@industriousaf.org,yes
1109,2026-10-02,39,promised_first_output,confirmed,2025 (second half),https://meadowville.com/2022/06/15/the-lego-group-chooses-chesterfield-county-virginia-for-new-1-billion-manufacturing-plant/,0,ashwin@industriousaf.org,yes
1110,2026-10-02,166,announced,confirmed,2026-09,https://www.whitehouse.gov/releases/2026/09/icymi-president-trump-announces-largest-ever-steel-plant-coming-to-iowa/,5,ashwin@industriousaf.org,yes
1111,2026-10-02,166,promised_capital_usd,confirmed,15000000000,https://www.whitehouse.gov/releases/2026/09/icymi-president-trump-announces-largest-ever-steel-plant-coming-to-iowa/,9,ashwin@industriousaf.org,yes
1112,2026-10-02,166,promised_jobs,confirmed,1750,https://www.whitehouse.gov/releases/2026/09/icymi-president-trump-announces-largest-ever-steel-plant-coming-to-iowa/,4,ashwin@industriousaf.org,yes
1113,2026-10-02,166,promised_first_output,confirmed,2030,https://www.mprnews.org/story/2026/09/28/ore-from-mesabi-metallics-mine-will-be-used-for-15-billion-steel-mill-planed-for-iowa,1,ashwin@industriousaf.org,yes
1114,2026-10-02,166,actual_first_output,confirmed,pending,https://www.mprnews.org/story/2026/09/28/ore-from-mesabi-metallics-mine-will-be-used-for-15-billion-steel-mill-planed-for-iowa,2,ashwin@industriousaf.org,yes
1115,2026-10-02,166,current_status,confirmed,ANNOUNCED,https://www.mprnews.org/story/2026/09/28/ore-from-mesabi-metallics-mine-will-be-used-for-15-billion-steel-mill-planed-for-iowa,0,ashwin@industriousaf.org,yes
1116,2026-10-02,167,announced,confirmed,2026-09,https://gov.georgia.gov/press-releases/2026-09-22/gov-kemp-pirelli-invest-12-billion-georgia-expansion,1,ashwin@industriousaf.org,yes
1117,2026-10-02,167,promised_jobs,not stated on the page,,https://gov.georgia.gov/press-releases/2026-09-22/gov-kemp-pirelli-invest-12-billion-georgia-expansion,0,ashwin@industriousaf.org,no
1119,2026-10-02,167,promised_first_output,confirmed,2033,https://gov.georgia.gov/press-releases/2026-09-22/gov-kemp-pirelli-invest-12-billion-georgia-expansion,1,ashwin@industriousaf.org,yes
1120,2026-10-02,167,actual_first_output,confirmed,pending,https://www.fox5atlanta.com/news/tire-manufacturer-pirelli-announces-1-2b-expansion-rome-facility,3,ashwin@industriousaf.org,yes
1121,2026-10-02,167,promised_capital_usd,confirmed,1200000000,https://gov.georgia.gov/press-releases/2026-09-22/gov-kemp-pirelli-invest-12-billion-georgia-expansion,1,ashwin@industriousaf.org,yes
1122,2026-10-02,167,promised_jobs,not stated on the page,,https://gov.georgia.gov/press-releases/2026-09-22/gov-kemp-pirelli-invest-12-billion-georgia-expansion,0,ashwin@industriousaf.org,no
1123,2026-10-02,167,current_status,confirmed,"ANNOUNCED; two-phase expansion, bulk hiring from 2029, full operations 2033",https://www.fox5atlanta.com/news/tire-manufacturer-pirelli-announces-1-2b-expansion-rome-facility,2,ashwin@industriousaf.org,yes
1124,2026-10-02,167,promised_jobs,not stated on the page,,https://gov.georgia.gov/press-releases/2026-09-22/gov-kemp-pirelli-invest-12-billion-georgia-expansion,0,ashwin@industriousaf.org,no
1125,2026-10-02,167,promised_jobs,not stated on the page,,https://gov.georgia.gov/press-releases/2026-09-22/gov-kemp-pirelli-invest-12-billion-georgia-expansion,0,ashwin@industriousaf.org,no
1126,2026-10-02,167,promised_jobs,not stated on the page,,https://gov.georgia.gov/press-releases/2026-09-22/gov-kemp-pirelli-invest-12-billion-georgia-expansion,0,ashwin@industriousaf.org,yes
1129,2026-10-02,168,announced,confirmed,2026-09,https://www.pa.gov/governor/newsroom/2026-press-releases/-governor-shapiro-secures-historic--1-2-billion-investment-from-,4,ashwin@industriousaf.org,yes
1130,2026-10-02,168,promised_capital_usd,confirmed,1200000000,https://www.pa.gov/governor/newsroom/2026-press-releases/-governor-shapiro-secures-historic--1-2-billion-investment-from-,5,ashwin@industriousaf.org,yes
1131,2026-10-02,168,promised_jobs,confirmed,900,https://www.pa.gov/governor/newsroom/2026-press-releases/-governor-shapiro-secures-historic--1-2-billion-investment-from-,4,ashwin@industriousaf.org,yes
1132,2026-10-02,168,actual_first_output,confirmed,pending,https://www.lancasterfarming.com/farming-news/dairy/1-2b-chobani-plant-expected-to-transform-pennsylvania-dairy/article_aaf913d8-b4a9-4989-b591-f981e79533b1.html,3,ashwin@industriousaf.org,yes
1133,2026-10-02,168,promised_first_output,confirmed,2027,https://www.pa.gov/governor/newsroom/2026-press-releases/-governor-shapiro-secures-historic--1-2-billion-investment-from-,2,ashwin@industriousaf.org,yes
1134,2026-10-02,168,current_status,confirmed,"ANNOUNCED; pending facility acquisition, Phase 1 ($270M) targeted production-ready by summer 2027",https://www.lancasterfarming.com/farming-news/dairy/1-2b-chobani-plant-expected-to-transform-pennsylvania-dairy/article_aaf913d8-b4a9-4989-b591-f981e79533b1.html,0,ashwin@industriousaf.org,yes
1135,2026-10-02,169,announced,confirmed,2026-09,https://www.prnewswire.com/news-releases/caterpillar-to-invest-1-billion-in-north-carolina-to-expand-cat-compact-manufacturing-capacity-302894208.html,3,ashwin@industriousaf.org,yes
1136,2026-10-02,169,promised_first_output,not stated on the page,n/a,https://www.prnewswire.com/news-releases/caterpillar-to-invest-1-billion-in-north-carolina-to-expand-cat-compact-manufacturing-capacity-302894208.html,1,ashwin@industriousaf.org,yes
1137,2026-10-02,169,actual_first_output,confirmed,pending,,,ashwin@industriousaf.org,yes
1138,2026-10-02,169,promised_capital_usd,confirmed,1000000000,https://www.prnewswire.com/news-releases/caterpillar-to-invest-1-billion-in-north-carolina-to-expand-cat-compact-manufacturing-capacity-302894208.html,2,ashwin@industriousaf.org,yes
1139,2026-10-02,169,promised_jobs,not stated on the page,,https://www.prnewswire.com/news-releases/caterpillar-to-invest-1-billion-in-north-carolina-to-expand-cat-compact-manufacturing-capacity-302894208.html,0,ashwin@industriousaf.org,yes
1140,2026-10-02,169,current_status,confirmed,"ANNOUNCED; new facility planned, not yet under construction",,,ashwin@industriousaf.org,yes
1141,2026-10-02,170,announced,confirmed,2026-08,https://www.plantservices.com/industry-news/news/55399020/prysmian-invests-more-than-1-billion-to-expand-fiber-optic-cable-manufacturing-facility-in-north-carolina,2,ashwin@industriousaf.org,yes
1142,2026-10-02,170,promised_first_output,not stated on the page,n/a,https://www.plantservices.com/industry-news/news/55399020/prysmian-invests-more-than-1-billion-to-expand-fiber-optic-cable-manufacturing-facility-in-north-carolina,4,ashwin@industriousaf.org,yes
1143,2026-10-02,170,actual_first_output,confirmed,pending,https://www.plantservices.com/industry-news/news/55399020/prysmian-invests-more-than-1-billion-to-expand-fiber-optic-cable-manufacturing-facility-in-north-carolina,0,ashwin@industriousaf.org,yes
1144,2026-10-02,170,promised_capital_usd,confirmed,1000000000,https://www.plantservices.com/industry-news/news/55399020/prysmian-invests-more-than-1-billion-to-expand-fiber-optic-cable-manufacturing-facility-in-north-carolina,2,ashwin@industriousaf.org,yes
1145,2026-10-02,170,promised_jobs,confirmed,385,https://www.plantservices.com/industry-news/news/55399020/prysmian-invests-more-than-1-billion-to-expand-fiber-optic-cable-manufacturing-facility-in-north-carolina,2,ashwin@industriousaf.org,yes
1146,2026-10-02,170,current_status,confirmed,ANNOUNCED; construction expected to take 20-24 months,https://www.plantservices.com/industry-news/news/55399020/prysmian-invests-more-than-1-billion-to-expand-fiber-optic-cable-manufacturing-facility-in-north-carolina,0,ashwin@industriousaf.org,no
1147,2026-10-02,170,current_status,confirmed,UNDER CONSTRUCTION; broke ground 11 Sep 2026; fully operational 2030,https://www.plantservices.com/industry-news/news/55399020/prysmian-invests-more-than-1-billion-to-expand-fiber-optic-cable-manufacturing-facility-in-north-carolina,0,ashwin@industriousaf.org,no
1148,2026-10-02,170,current_status,confirmed,UNDER CONSTRUCTION; broke ground 11 Sep 2026; fully operational 2030,https://www.qcnews.com/news/u-s/north-carolina/catawba-county/fiber-cable-manufacturer-breaks-ground-on-1-billion-expansion-at-catawba-county-campus/,0,ashwin@industriousaf.org,yes
